[0.000000] (-) TimerEvent: {}
[0.000370] (mobile_robot) JobQueued: {'identifier': 'mobile_robot', 'dependencies': OrderedDict()}
[0.000414] (mobile_robot) JobStarted: {'identifier': 'mobile_robot'}
[0.011476] (mobile_robot) JobProgress: {'identifier': 'mobile_robot', 'progress': 'cmake'}
[0.013924] (mobile_robot) JobProgress: {'identifier': 'mobile_robot', 'progress': 'build'}
[0.013960] (mobile_robot) Command: {'cmd': ['/usr/bin/cmake', '--build', '/home/hornet/Desktop/pathfollowingbot/build/mobile_robot', '--', '-j16', '-l16'], 'cwd': '/home/hornet/Desktop/pathfollowingbot/build/mobile_robot', 'env': OrderedDict({'LESSOPEN': '| /usr/bin/lesspipe %s', 'GZ_SIM_RESOURCE_PATH': '/home/hornet/Desktop/Agribot/install/robot_cad_assem1_final_fixed/share:/opt/ros/jazzy/share::/home/hornet/autonomous-vehicle-/src/mobile_robot/models:/home/hornet/autonomous-vehicle-/src/mobile_robot/worlds', 'USER': 'hornet', 'GZ_CONFIG_PATH': '/opt/ros/jazzy/opt/gz_sim_vendor/share/gz:/opt/ros/jazzy/opt/sdformat_vendor/share/gz:/opt/ros/jazzy/opt/gz_gui_vendor/share/gz:/opt/ros/jazzy/opt/gz_transport_vendor/share/gz:/opt/ros/jazzy/opt/gz_rendering_vendor/share/gz:/opt/ros/jazzy/opt/gz_plugin_vendor/share/gz:/opt/ros/jazzy/opt/gz_fuel_tools_vendor/share/gz:/opt/ros/jazzy/opt/gz_msgs_vendor/share/gz:/opt/ros/jazzy/opt/gz_common_vendor/share/gz', 'XDG_SESSION_TYPE': 'x11', 'BUN_INSTALL': '/home/hornet/.bun', 'CLUTTER_DISABLE_MIPMAPPED_TEXT': '1', 'SHLVL': '1', 'LD_LIBRARY_PATH': '/opt/ros/jazzy/opt/gz_sim_vendor/lib:/opt/ros/jazzy/opt/gz_sensors_vendor/lib:/opt/ros/jazzy/opt/gz_physics_vendor/lib:/opt/ros/jazzy/opt/sdformat_vendor/lib:/opt/ros/jazzy/opt/rviz_ogre_vendor/lib:/opt/ros/jazzy/lib/x86_64-linux-gnu:/opt/ros/jazzy/opt/gz_gui_vendor/lib:/opt/ros/jazzy/opt/gz_transport_vendor/lib:/opt/ros/jazzy/opt/gz_rendering_vendor/lib:/opt/ros/jazzy/opt/gz_plugin_vendor/lib:/opt/ros/jazzy/opt/gz_fuel_tools_vendor/lib:/opt/ros/jazzy/opt/gz_msgs_vendor/lib:/opt/ros/jazzy/opt/gz_common_vendor/lib:/opt/ros/jazzy/opt/gz_math_vendor/lib:/opt/ros/jazzy/opt/gz_utils_vendor/lib:/opt/ros/jazzy/opt/gz_tools_vendor/lib:/opt/ros/jazzy/opt/gz_ogre_next_vendor/lib:/opt/ros/jazzy/opt/gz_dartsim_vendor/lib:/opt/ros/jazzy/opt/gz_cmake_vendor/lib:/opt/ros/jazzy/lib', 'HOME': '/home/hornet', 'CONDA_SHLVL': '0', 'OLDPWD': '/home/hornet/Desktop', 'DESKTOP_SESSION': 'ubuntu', 'ROS_PYTHON_VERSION': '3', 'GNOME_SHELL_SESSION_MODE': 'ubuntu', 'GTK_MODULES': 'gail:atk-bridge', 'SYSTEMD_EXEC_PID': '3118', 'GSM_SKIP_SSH_AGENT_WORKAROUND': 'true', 'DBUS_SESSION_BUS_ADDRESS': 'unix:path=/run/user/1000/bus', 'COLORTERM': 'truecolor', '_CE_M': '', '_CONDA_ROOT': '/home/hornet/miniconda3', 'DEBUGINFOD_URLS': 'https://debuginfod.ubuntu.com', 'COLCON_PREFIX_PATH': '/home/hornet/Desktop/Agribot/install', 'ROS_DISTRO': 'jazzy', 'LOGNAME': 'hornet', '_': '/usr/bin/colcon', 'ROS_VERSION': '2', 'MEMORY_PRESSURE_WATCH': '/sys/fs/cgroup/user.slice/user-1000.slice/user@1000.service/session.slice/org.gnome.Shell@x11.service/memory.pressure', 'XDG_SESSION_CLASS': 'user', 'USERNAME': 'hornet', 'TERM': 'xterm-256color', 'GNOME_DESKTOP_SESSION_ID': 'this-is-deprecated', '_CE_CONDA': '', 'WINDOWPATH': '2', 'PATH': '/home/hornet/.bun/bin:/home/hornet/.opencode/bin:/home/hornet/miniconda3/condabin:/opt/ros/jazzy/opt/gz_msgs_vendor/bin:/opt/ros/jazzy/opt/gz_tools_vendor/bin:/opt/ros/jazzy/opt/gz_ogre_next_vendor/bin:/opt/ros/jazzy/bin:/home/hornet/.local/bin:/usr/local/sbin:/usr/local/bin:/usr/sbin:/usr/bin:/sbin:/bin:/usr/games:/usr/local/games:/snap/bin:/snap/bin:/home/hornet/.local/bin:/home/hornet/.local/bin', 'SESSION_MANAGER': 'local/hornet:@/tmp/.ICE-unix/3075,unix/hornet:/tmp/.ICE-unix/3075', 'XDG_MENU_PREFIX': 'gnome-', 'GNOME_TERMINAL_SCREEN': '/org/gnome/Terminal/screen/3f919951_a5ce_4ea7_8e99_468be71c178a', 'XDG_RUNTIME_DIR': '/run/user/1000', 'DISPLAY': ':1', 'LANG': 'en_US.UTF-8', 'XDG_CURRENT_DESKTOP': 'ubuntu:GNOME', 'XMODIFIERS': '@im=ibus', 'XDG_SESSION_DESKTOP': 'ubuntu', 'XAUTHORITY': '/run/user/1000/gdm/Xauthority', 'LS_COLORS': 'rs=0:di=01;34:ln=01;36:mh=00:pi=40;33:so=01;35:do=01;35:bd=40;33;01:cd=40;33;01:or=40;31;01:mi=00:su=37;41:sg=30;43:ca=00:tw=30;42:ow=34;42:st=37;44:ex=01;32:*.tar=01;31:*.tgz=01;31:*.arc=01;31:*.arj=01;31:*.taz=01;31:*.lha=01;31:*.lz4=01;31:*.lzh=01;31:*.lzma=01;31:*.tlz=01;31:*.txz=01;31:*.tzo=01;31:*.t7z=01;31:*.zip=01;31:*.z=01;31:*.dz=01;31:*.gz=01;31:*.lrz=01;31:*.lz=01;31:*.lzo=01;31:*.xz=01;31:*.zst=01;31:*.tzst=01;31:*.bz2=01;31:*.bz=01;31:*.tbz=01;31:*.tbz2=01;31:*.tz=01;31:*.deb=01;31:*.rpm=01;31:*.jar=01;31:*.war=01;31:*.ear=01;31:*.sar=01;31:*.rar=01;31:*.alz=01;31:*.ace=01;31:*.zoo=01;31:*.cpio=01;31:*.7z=01;31:*.rz=01;31:*.cab=01;31:*.wim=01;31:*.swm=01;31:*.dwm=01;31:*.esd=01;31:*.avif=01;35:*.jpg=01;35:*.jpeg=01;35:*.mjpg=01;35:*.mjpeg=01;35:*.gif=01;35:*.bmp=01;35:*.pbm=01;35:*.pgm=01;35:*.ppm=01;35:*.tga=01;35:*.xbm=01;35:*.xpm=01;35:*.tif=01;35:*.tiff=01;35:*.png=01;35:*.svg=01;35:*.svgz=01;35:*.mng=01;35:*.pcx=01;35:*.mov=01;35:*.mpg=01;35:*.mpeg=01;35:*.m2v=01;35:*.mkv=01;35:*.webm=01;35:*.webp=01;35:*.ogm=01;35:*.mp4=01;35:*.m4v=01;35:*.mp4v=01;35:*.vob=01;35:*.qt=01;35:*.nuv=01;35:*.wmv=01;35:*.asf=01;35:*.rm=01;35:*.rmvb=01;35:*.flc=01;35:*.avi=01;35:*.fli=01;35:*.flv=01;35:*.gl=01;35:*.dl=01;35:*.xcf=01;35:*.xwd=01;35:*.yuv=01;35:*.cgm=01;35:*.emf=01;35:*.ogv=01;35:*.ogx=01;35:*.aac=00;36:*.au=00;36:*.flac=00;36:*.m4a=00;36:*.mid=00;36:*.midi=00;36:*.mka=00;36:*.mp3=00;36:*.mpc=00;36:*.ogg=00;36:*.ra=00;36:*.wav=00;36:*.oga=00;36:*.opus=00;36:*.spx=00;36:*.xspf=00;36:*~=00;90:*#=00;90:*.bak=00;90:*.crdownload=00;90:*.dpkg-dist=00;90:*.dpkg-new=00;90:*.dpkg-old=00;90:*.dpkg-tmp=00;90:*.old=00;90:*.orig=00;90:*.part=00;90:*.rej=00;90:*.rpmnew=00;90:*.rpmorig=00;90:*.rpmsave=00;90:*.swp=00;90:*.tmp=00;90:*.ucf-dist=00;90:*.ucf-new=00;90:*.ucf-old=00;90:', 'GNOME_TERMINAL_SERVICE': ':1.173', 'SSH_AUTH_SOCK': '/run/user/1000/keyring/ssh', 'AMENT_PREFIX_PATH': '/home/hornet/Desktop/Agribot/install/agribot_bringup:/home/hornet/Desktop/Agribot/install/agribot_simulator:/home/hornet/Desktop/Agribot/install/agribot_perception:/home/hornet/Desktop/Agribot/install/agribot_nodes:/home/hornet/Desktop/Agribot/install/agribot_navigation:/home/hornet/Desktop/Agribot/install/agribot_description:/home/hornet/Desktop/Agribot/install/agribot_control:/opt/ros/jazzy', 'CONDA_PYTHON_EXE': '/home/hornet/miniconda3/bin/python', 'SHELL': '/bin/bash', 'QT_ACCESSIBILITY': '1', 'GDMSESSION': 'ubuntu', 'LESSCLOSE': '/usr/bin/lesspipe %s %s', 'GPG_AGENT_INFO': '/run/user/1000/gnupg/S.gpg-agent:0:1', '_CONDA_EXE': '/home/hornet/miniconda3/bin/conda', 'ROS_AUTOMATIC_DISCOVERY_RANGE': 'SUBNET', 'QT_IM_MODULE': 'ibus', 'PWD': '/home/hornet/Desktop/pathfollowingbot/build/mobile_robot', 'LC_ALL': 'en_US.UTF-8', 'XDG_CONFIG_DIRS': '/etc/xdg/xdg-ubuntu:/etc/xdg', 'CONDA_EXE': '/home/hornet/miniconda3/bin/conda', 'XDG_DATA_DIRS': '/usr/share/ubuntu:/usr/share/gnome:/usr/local/share/:/usr/share/:/var/lib/snapd/desktop', 'PYTHONPATH': '/home/hornet/Desktop/Agribot/build/agribot_perception:/home/hornet/Desktop/Agribot/install/agribot_perception/lib/python3.12/site-packages:/home/hornet/Desktop/Agribot/install/agribot_nodes/lib/python3.12/site-packages:/home/hornet/Desktop/Agribot/install/agribot_navigation/lib/python3.12/site-packages:/home/hornet/Desktop/Agribot/install/agribot_control/lib/python3.12/site-packages:/opt/ros/jazzy/lib/python3.12/site-packages', 'COLCON': '1', 'MEMORY_PRESSURE_WRITE': 'c29tZSAyMDAwMDAgMjAwMDAwMAA=', 'VTE_VERSION': '7600', 'CMAKE_PREFIX_PATH': '/home/hornet/Desktop/Agribot/install/agribot_bringup:/home/hornet/Desktop/Agribot/install/agribot_simulator:/home/hornet/Desktop/Agribot/install/agribot_description:/opt/ros/jazzy/opt/gz_sim_vendor:/opt/ros/jazzy/opt/gz_sensors_vendor:/opt/ros/jazzy/opt/gz_physics_vendor:/opt/ros/jazzy/opt/sdformat_vendor:/opt/ros/jazzy/opt/gz_gui_vendor:/opt/ros/jazzy/opt/gz_transport_vendor:/opt/ros/jazzy/opt/gz_rendering_vendor:/opt/ros/jazzy/opt/gz_plugin_vendor:/opt/ros/jazzy/opt/gz_fuel_tools_vendor:/opt/ros/jazzy/opt/gz_msgs_vendor:/opt/ros/jazzy/opt/gz_common_vendor:/opt/ros/jazzy/opt/gz_math_vendor:/opt/ros/jazzy/opt/gz_utils_vendor:/opt/ros/jazzy/opt/gz_tools_vendor:/opt/ros/jazzy/opt/gz_ogre_next_vendor:/opt/ros/jazzy/opt/gz_dartsim_vendor:/opt/ros/jazzy/opt/gz_cmake_vendor:/home/hornet/Desktop/Agribot/install/agribot_perception:/home/hornet/Desktop/Agribot/install/agribot_nodes:/home/hornet/Desktop/Agribot/install/agribot_navigation:/home/hornet/Desktop/Agribot/install/agribot_control:/opt/ros/jazzy'}), 'shell': False}
[0.099732] (-) TimerEvent: {}
[0.120933] (mobile_robot) StdoutLine: {'line': b'[100%] Built target scan_frame_corrector\n'}
[0.129219] (mobile_robot) CommandEnded: {'returncode': 0}
[0.130539] (mobile_robot) JobProgress: {'identifier': 'mobile_robot', 'progress': 'install'}
[0.136812] (mobile_robot) Command: {'cmd': ['/usr/bin/cmake', '--install', '/home/hornet/Desktop/pathfollowingbot/build/mobile_robot'], 'cwd': '/home/hornet/Desktop/pathfollowingbot/build/mobile_robot', 'env': OrderedDict({'LESSOPEN': '| /usr/bin/lesspipe %s', 'GZ_SIM_RESOURCE_PATH': '/home/hornet/Desktop/Agribot/install/robot_cad_assem1_final_fixed/share:/opt/ros/jazzy/share::/home/hornet/autonomous-vehicle-/src/mobile_robot/models:/home/hornet/autonomous-vehicle-/src/mobile_robot/worlds', 'USER': 'hornet', 'GZ_CONFIG_PATH': '/opt/ros/jazzy/opt/gz_sim_vendor/share/gz:/opt/ros/jazzy/opt/sdformat_vendor/share/gz:/opt/ros/jazzy/opt/gz_gui_vendor/share/gz:/opt/ros/jazzy/opt/gz_transport_vendor/share/gz:/opt/ros/jazzy/opt/gz_rendering_vendor/share/gz:/opt/ros/jazzy/opt/gz_plugin_vendor/share/gz:/opt/ros/jazzy/opt/gz_fuel_tools_vendor/share/gz:/opt/ros/jazzy/opt/gz_msgs_vendor/share/gz:/opt/ros/jazzy/opt/gz_common_vendor/share/gz', 'XDG_SESSION_TYPE': 'x11', 'BUN_INSTALL': '/home/hornet/.bun', 'CLUTTER_DISABLE_MIPMAPPED_TEXT': '1', 'SHLVL': '1', 'LD_LIBRARY_PATH': '/opt/ros/jazzy/opt/gz_sim_vendor/lib:/opt/ros/jazzy/opt/gz_sensors_vendor/lib:/opt/ros/jazzy/opt/gz_physics_vendor/lib:/opt/ros/jazzy/opt/sdformat_vendor/lib:/opt/ros/jazzy/opt/rviz_ogre_vendor/lib:/opt/ros/jazzy/lib/x86_64-linux-gnu:/opt/ros/jazzy/opt/gz_gui_vendor/lib:/opt/ros/jazzy/opt/gz_transport_vendor/lib:/opt/ros/jazzy/opt/gz_rendering_vendor/lib:/opt/ros/jazzy/opt/gz_plugin_vendor/lib:/opt/ros/jazzy/opt/gz_fuel_tools_vendor/lib:/opt/ros/jazzy/opt/gz_msgs_vendor/lib:/opt/ros/jazzy/opt/gz_common_vendor/lib:/opt/ros/jazzy/opt/gz_math_vendor/lib:/opt/ros/jazzy/opt/gz_utils_vendor/lib:/opt/ros/jazzy/opt/gz_tools_vendor/lib:/opt/ros/jazzy/opt/gz_ogre_next_vendor/lib:/opt/ros/jazzy/opt/gz_dartsim_vendor/lib:/opt/ros/jazzy/opt/gz_cmake_vendor/lib:/opt/ros/jazzy/lib', 'HOME': '/home/hornet', 'CONDA_SHLVL': '0', 'OLDPWD': '/home/hornet/Desktop', 'DESKTOP_SESSION': 'ubuntu', 'ROS_PYTHON_VERSION': '3', 'GNOME_SHELL_SESSION_MODE': 'ubuntu', 'GTK_MODULES': 'gail:atk-bridge', 'SYSTEMD_EXEC_PID': '3118', 'GSM_SKIP_SSH_AGENT_WORKAROUND': 'true', 'DBUS_SESSION_BUS_ADDRESS': 'unix:path=/run/user/1000/bus', 'COLORTERM': 'truecolor', '_CE_M': '', '_CONDA_ROOT': '/home/hornet/miniconda3', 'DEBUGINFOD_URLS': 'https://debuginfod.ubuntu.com', 'COLCON_PREFIX_PATH': '/home/hornet/Desktop/Agribot/install', 'ROS_DISTRO': 'jazzy', 'LOGNAME': 'hornet', '_': '/usr/bin/colcon', 'ROS_VERSION': '2', 'MEMORY_PRESSURE_WATCH': '/sys/fs/cgroup/user.slice/user-1000.slice/user@1000.service/session.slice/org.gnome.Shell@x11.service/memory.pressure', 'XDG_SESSION_CLASS': 'user', 'USERNAME': 'hornet', 'TERM': 'xterm-256color', 'GNOME_DESKTOP_SESSION_ID': 'this-is-deprecated', '_CE_CONDA': '', 'WINDOWPATH': '2', 'PATH': '/home/hornet/.bun/bin:/home/hornet/.opencode/bin:/home/hornet/miniconda3/condabin:/opt/ros/jazzy/opt/gz_msgs_vendor/bin:/opt/ros/jazzy/opt/gz_tools_vendor/bin:/opt/ros/jazzy/opt/gz_ogre_next_vendor/bin:/opt/ros/jazzy/bin:/home/hornet/.local/bin:/usr/local/sbin:/usr/local/bin:/usr/sbin:/usr/bin:/sbin:/bin:/usr/games:/usr/local/games:/snap/bin:/snap/bin:/home/hornet/.local/bin:/home/hornet/.local/bin', 'SESSION_MANAGER': 'local/hornet:@/tmp/.ICE-unix/3075,unix/hornet:/tmp/.ICE-unix/3075', 'XDG_MENU_PREFIX': 'gnome-', 'GNOME_TERMINAL_SCREEN': '/org/gnome/Terminal/screen/3f919951_a5ce_4ea7_8e99_468be71c178a', 'XDG_RUNTIME_DIR': '/run/user/1000', 'DISPLAY': ':1', 'LANG': 'en_US.UTF-8', 'XDG_CURRENT_DESKTOP': 'ubuntu:GNOME', 'XMODIFIERS': '@im=ibus', 'XDG_SESSION_DESKTOP': 'ubuntu', 'XAUTHORITY': '/run/user/1000/gdm/Xauthority', 'LS_COLORS': 'rs=0:di=01;34:ln=01;36:mh=00:pi=40;33:so=01;35:do=01;35:bd=40;33;01:cd=40;33;01:or=40;31;01:mi=00:su=37;41:sg=30;43:ca=00:tw=30;42:ow=34;42:st=37;44:ex=01;32:*.tar=01;31:*.tgz=01;31:*.arc=01;31:*.arj=01;31:*.taz=01;31:*.lha=01;31:*.lz4=01;31:*.lzh=01;31:*.lzma=01;31:*.tlz=01;31:*.txz=01;31:*.tzo=01;31:*.t7z=01;31:*.zip=01;31:*.z=01;31:*.dz=01;31:*.gz=01;31:*.lrz=01;31:*.lz=01;31:*.lzo=01;31:*.xz=01;31:*.zst=01;31:*.tzst=01;31:*.bz2=01;31:*.bz=01;31:*.tbz=01;31:*.tbz2=01;31:*.tz=01;31:*.deb=01;31:*.rpm=01;31:*.jar=01;31:*.war=01;31:*.ear=01;31:*.sar=01;31:*.rar=01;31:*.alz=01;31:*.ace=01;31:*.zoo=01;31:*.cpio=01;31:*.7z=01;31:*.rz=01;31:*.cab=01;31:*.wim=01;31:*.swm=01;31:*.dwm=01;31:*.esd=01;31:*.avif=01;35:*.jpg=01;35:*.jpeg=01;35:*.mjpg=01;35:*.mjpeg=01;35:*.gif=01;35:*.bmp=01;35:*.pbm=01;35:*.pgm=01;35:*.ppm=01;35:*.tga=01;35:*.xbm=01;35:*.xpm=01;35:*.tif=01;35:*.tiff=01;35:*.png=01;35:*.svg=01;35:*.svgz=01;35:*.mng=01;35:*.pcx=01;35:*.mov=01;35:*.mpg=01;35:*.mpeg=01;35:*.m2v=01;35:*.mkv=01;35:*.webm=01;35:*.webp=01;35:*.ogm=01;35:*.mp4=01;35:*.m4v=01;35:*.mp4v=01;35:*.vob=01;35:*.qt=01;35:*.nuv=01;35:*.wmv=01;35:*.asf=01;35:*.rm=01;35:*.rmvb=01;35:*.flc=01;35:*.avi=01;35:*.fli=01;35:*.flv=01;35:*.gl=01;35:*.dl=01;35:*.xcf=01;35:*.xwd=01;35:*.yuv=01;35:*.cgm=01;35:*.emf=01;35:*.ogv=01;35:*.ogx=01;35:*.aac=00;36:*.au=00;36:*.flac=00;36:*.m4a=00;36:*.mid=00;36:*.midi=00;36:*.mka=00;36:*.mp3=00;36:*.mpc=00;36:*.ogg=00;36:*.ra=00;36:*.wav=00;36:*.oga=00;36:*.opus=00;36:*.spx=00;36:*.xspf=00;36:*~=00;90:*#=00;90:*.bak=00;90:*.crdownload=00;90:*.dpkg-dist=00;90:*.dpkg-new=00;90:*.dpkg-old=00;90:*.dpkg-tmp=00;90:*.old=00;90:*.orig=00;90:*.part=00;90:*.rej=00;90:*.rpmnew=00;90:*.rpmorig=00;90:*.rpmsave=00;90:*.swp=00;90:*.tmp=00;90:*.ucf-dist=00;90:*.ucf-new=00;90:*.ucf-old=00;90:', 'GNOME_TERMINAL_SERVICE': ':1.173', 'SSH_AUTH_SOCK': '/run/user/1000/keyring/ssh', 'AMENT_PREFIX_PATH': '/home/hornet/Desktop/Agribot/install/agribot_bringup:/home/hornet/Desktop/Agribot/install/agribot_simulator:/home/hornet/Desktop/Agribot/install/agribot_perception:/home/hornet/Desktop/Agribot/install/agribot_nodes:/home/hornet/Desktop/Agribot/install/agribot_navigation:/home/hornet/Desktop/Agribot/install/agribot_description:/home/hornet/Desktop/Agribot/install/agribot_control:/opt/ros/jazzy', 'CONDA_PYTHON_EXE': '/home/hornet/miniconda3/bin/python', 'SHELL': '/bin/bash', 'QT_ACCESSIBILITY': '1', 'GDMSESSION': 'ubuntu', 'LESSCLOSE': '/usr/bin/lesspipe %s %s', 'GPG_AGENT_INFO': '/run/user/1000/gnupg/S.gpg-agent:0:1', '_CONDA_EXE': '/home/hornet/miniconda3/bin/conda', 'ROS_AUTOMATIC_DISCOVERY_RANGE': 'SUBNET', 'QT_IM_MODULE': 'ibus', 'PWD': '/home/hornet/Desktop/pathfollowingbot/build/mobile_robot', 'LC_ALL': 'en_US.UTF-8', 'XDG_CONFIG_DIRS': '/etc/xdg/xdg-ubuntu:/etc/xdg', 'CONDA_EXE': '/home/hornet/miniconda3/bin/conda', 'XDG_DATA_DIRS': '/usr/share/ubuntu:/usr/share/gnome:/usr/local/share/:/usr/share/:/var/lib/snapd/desktop', 'PYTHONPATH': '/home/hornet/Desktop/Agribot/build/agribot_perception:/home/hornet/Desktop/Agribot/install/agribot_perception/lib/python3.12/site-packages:/home/hornet/Desktop/Agribot/install/agribot_nodes/lib/python3.12/site-packages:/home/hornet/Desktop/Agribot/install/agribot_navigation/lib/python3.12/site-packages:/home/hornet/Desktop/Agribot/install/agribot_control/lib/python3.12/site-packages:/opt/ros/jazzy/lib/python3.12/site-packages', 'COLCON': '1', 'MEMORY_PRESSURE_WRITE': 'c29tZSAyMDAwMDAgMjAwMDAwMAA=', 'VTE_VERSION': '7600', 'CMAKE_PREFIX_PATH': '/home/hornet/Desktop/Agribot/install/agribot_bringup:/home/hornet/Desktop/Agribot/install/agribot_simulator:/home/hornet/Desktop/Agribot/install/agribot_description:/opt/ros/jazzy/opt/gz_sim_vendor:/opt/ros/jazzy/opt/gz_sensors_vendor:/opt/ros/jazzy/opt/gz_physics_vendor:/opt/ros/jazzy/opt/sdformat_vendor:/opt/ros/jazzy/opt/gz_gui_vendor:/opt/ros/jazzy/opt/gz_transport_vendor:/opt/ros/jazzy/opt/gz_rendering_vendor:/opt/ros/jazzy/opt/gz_plugin_vendor:/opt/ros/jazzy/opt/gz_fuel_tools_vendor:/opt/ros/jazzy/opt/gz_msgs_vendor:/opt/ros/jazzy/opt/gz_common_vendor:/opt/ros/jazzy/opt/gz_math_vendor:/opt/ros/jazzy/opt/gz_utils_vendor:/opt/ros/jazzy/opt/gz_tools_vendor:/opt/ros/jazzy/opt/gz_ogre_next_vendor:/opt/ros/jazzy/opt/gz_dartsim_vendor:/opt/ros/jazzy/opt/gz_cmake_vendor:/home/hornet/Desktop/Agribot/install/agribot_perception:/home/hornet/Desktop/Agribot/install/agribot_nodes:/home/hornet/Desktop/Agribot/install/agribot_navigation:/home/hornet/Desktop/Agribot/install/agribot_control:/opt/ros/jazzy'}), 'shell': False}
[0.144857] (mobile_robot) StdoutLine: {'line': b'-- Install configuration: ""\n'}
[0.145837] (mobile_robot) StdoutLine: {'line': b'-- Execute custom install script\n'}
[0.148672] (mobile_robot) StdoutLine: {'line': b'-- Up-to-date symlink: /home/hornet/Desktop/pathfollowingbot/install/mobile_robot/lib/mobile_robot/scan_frame_corrector\n'}
[0.148987] (mobile_robot) StdoutLine: {'line': b'-- Up-to-date symlink: /home/hornet/Desktop/pathfollowingbot/install/mobile_robot/lib/mobile_robot/path_planner.py\n'}
[0.149082] (mobile_robot) StdoutLine: {'line': b'-- Up-to-date symlink: /home/hornet/Desktop/pathfollowingbot/install/mobile_robot/lib/mobile_robot/image_to_world.py\n'}
[0.149118] (mobile_robot) StdoutLine: {'line': b'-- Up-to-date symlink: /home/hornet/Desktop/pathfollowingbot/install/mobile_robot/lib/mobile_robot/track_to_walls.py\n'}
[0.149152] (mobile_robot) StdoutLine: {'line': b'-- Up-to-date symlink: /home/hornet/Desktop/pathfollowingbot/install/mobile_robot/lib/mobile_robot/pure_pursuit.py\n'}
[0.149183] (mobile_robot) StdoutLine: {'line': b'-- Up-to-date symlink: /home/hornet/Desktop/pathfollowingbot/install/mobile_robot/lib/mobile_robot/publish_path.py\n'}
[0.150398] (mobile_robot) StdoutLine: {'line': b'-- Up-to-date symlink: /home/hornet/Desktop/pathfollowingbot/install/mobile_robot/share/mobile_robot/launch/bringup.launch.py\n'}
[0.150478] (mobile_robot) StdoutLine: {'line': b'-- Up-to-date symlink: /home/hornet/Desktop/pathfollowingbot/install/mobile_robot/share/mobile_robot/launch/frames_2026-07-08_23.11.33.gv\n'}
[0.150519] (mobile_robot) StdoutLine: {'line': b'-- Up-to-date symlink: /home/hornet/Desktop/pathfollowingbot/install/mobile_robot/share/mobile_robot/launch/frames_2026-07-08_23.11.33.pdf\n'}
[0.150564] (mobile_robot) StdoutLine: {'line': b'-- Up-to-date symlink: /home/hornet/Desktop/pathfollowingbot/install/mobile_robot/share/mobile_robot/launch/gazebo_model.launch.py\n'}
[0.150605] (mobile_robot) StdoutLine: {'line': b'-- Up-to-date symlink: /home/hornet/Desktop/pathfollowingbot/install/mobile_robot/share/mobile_robot/launch/map_saver.launch.py\n'}
[0.150673] (mobile_robot) StdoutLine: {'line': b'-- Up-to-date symlink: /home/hornet/Desktop/pathfollowingbot/install/mobile_robot/share/mobile_robot/launch/nav2.launch.py\n'}
[0.150842] (mobile_robot) StdoutLine: {'line': b'-- Up-to-date symlink: /home/hornet/Desktop/pathfollowingbot/install/mobile_robot/share/mobile_robot/launch/os\n'}
[0.150927] (mobile_robot) StdoutLine: {'line': b'-- Up-to-date symlink: /home/hornet/Desktop/pathfollowingbot/install/mobile_robot/share/mobile_robot/launch/path_follower.launch.py\n'}
[0.150976] (mobile_robot) StdoutLine: {'line': b'-- Up-to-date symlink: /home/hornet/Desktop/pathfollowingbot/install/mobile_robot/share/mobile_robot/launch/rviz.launch.py\n'}
[0.151041] (mobile_robot) StdoutLine: {'line': b'-- Up-to-date symlink: /home/hornet/Desktop/pathfollowingbot/install/mobile_robot/share/mobile_robot/launch/slam.launch.py\n'}
[0.151124] (mobile_robot) StdoutLine: {'line': b'-- Up-to-date symlink: /home/hornet/Desktop/pathfollowingbot/install/mobile_robot/share/mobile_robot/launch/spawn_in_track.launch.py\n'}
[0.162097] (mobile_robot) StderrLine: {'line': b'\x1b[33mCMake Warning (dev) at ament_cmake_symlink_install/ament_cmake_symlink_install.cmake:67 (file):\n'}
[0.162208] (mobile_robot) StderrLine: {'line': b'  Policy CMP0009 is not set: FILE GLOB_RECURSE calls should not follow\n'}
[0.162250] (mobile_robot) StderrLine: {'line': b'  symlinks by default.  Run "cmake --help-policy CMP0009" for policy details.\n'}
[0.162288] (mobile_robot) StderrLine: {'line': b'  Use the cmake_policy command to set the policy and suppress this warning.\n'}
[0.162323] (mobile_robot) StderrLine: {'line': b'Call Stack (most recent call first):\n'}
[0.162357] (mobile_robot) StderrLine: {'line': b'  ament_cmake_symlink_install/ament_cmake_symlink_install.cmake:325 (ament_cmake_symlink_install_directory)\n'}
[0.162387] (mobile_robot) StderrLine: {'line': b'  cmake_install.cmake:46 (include)\n'}
[0.162419] (mobile_robot) StderrLine: {'line': b'This warning is for project developers.  Use -Wno-dev to suppress it.\n'}
[0.162450] (mobile_robot) StderrLine: {'line': b'\x1b[0m\n'}
[0.167182] (mobile_robot) StderrLine: {'line': b'\x1b[33mCMake Warning (dev) at ament_cmake_symlink_install/ament_cmake_symlink_install.cmake:78 (file):\n'}
[0.167258] (mobile_robot) StderrLine: {'line': b'  Policy CMP0009 is not set: FILE GLOB_RECURSE calls should not follow\n'}
[0.167292] (mobile_robot) StderrLine: {'line': b'  symlinks by default.  Run "cmake --help-policy CMP0009" for policy details.\n'}
[0.167327] (mobile_robot) StderrLine: {'line': b'  Use the cmake_policy command to set the policy and suppress this warning.\n'}
[0.167358] (mobile_robot) StderrLine: {'line': b'Call Stack (most recent call first):\n'}
[0.167390] (mobile_robot) StderrLine: {'line': b'  ament_cmake_symlink_install/ament_cmake_symlink_install.cmake:325 (ament_cmake_symlink_install_directory)\n'}
[0.167422] (mobile_robot) StderrLine: {'line': b'  cmake_install.cmake:46 (include)\n'}
[0.167452] (mobile_robot) StderrLine: {'line': b'This warning is for project developers.  Use -Wno-dev to suppress it.\n'}
[0.167482] (mobile_robot) StderrLine: {'line': b'\x1b[0m\n'}
[0.171037] (mobile_robot) StderrLine: {'line': b'\x1b[33mCMake Warning (dev) at ament_cmake_symlink_install/ament_cmake_symlink_install.cmake:78 (file):\n'}
[0.171111] (mobile_robot) StderrLine: {'line': b'  Policy CMP0009 is not set: FILE GLOB_RECURSE calls should not follow\n'}
[0.171149] (mobile_robot) StderrLine: {'line': b'  symlinks by default.  Run "cmake --help-policy CMP0009" for policy details.\n'}
[0.171184] (mobile_robot) StderrLine: {'line': b'  Use the cmake_policy command to set the policy and suppress this warning.\n'}
[0.171216] (mobile_robot) StderrLine: {'line': b'Call Stack (most recent call first):\n'}
[0.171249] (mobile_robot) StderrLine: {'line': b'  ament_cmake_symlink_install/ament_cmake_symlink_install.cmake:325 (ament_cmake_symlink_install_directory)\n'}
[0.171282] (mobile_robot) StderrLine: {'line': b'  cmake_install.cmake:46 (include)\n'}
[0.171313] (mobile_robot) StderrLine: {'line': b'This warning is for project developers.  Use -Wno-dev to suppress it.\n'}
[0.171342] (mobile_robot) StderrLine: {'line': b'\x1b[0m\n'}
[0.175113] (mobile_robot) StderrLine: {'line': b'\x1b[33mCMake Warning (dev) at ament_cmake_symlink_install/ament_cmake_symlink_install.cmake:78 (file):\n'}
[0.175196] (mobile_robot) StderrLine: {'line': b'  Policy CMP0009 is not set: FILE GLOB_RECURSE calls should not follow\n'}
[0.175236] (mobile_robot) StderrLine: {'line': b'  symlinks by default.  Run "cmake --help-policy CMP0009" for policy details.\n'}
[0.175267] (mobile_robot) StderrLine: {'line': b'  Use the cmake_policy command to set the policy and suppress this warning.\n'}
[0.175300] (mobile_robot) StderrLine: {'line': b'Call Stack (most recent call first):\n'}
[0.175332] (mobile_robot) StderrLine: {'line': b'  ament_cmake_symlink_install/ament_cmake_symlink_install.cmake:325 (ament_cmake_symlink_install_directory)\n'}
[0.175363] (mobile_robot) StderrLine: {'line': b'  cmake_install.cmake:46 (include)\n'}
[0.175395] (mobile_robot) StderrLine: {'line': b'This warning is for project developers.  Use -Wno-dev to suppress it.\n'}
[0.175425] (mobile_robot) StderrLine: {'line': b'\x1b[0m\n'}
[0.178928] (mobile_robot) StderrLine: {'line': b'\x1b[33mCMake Warning (dev) at ament_cmake_symlink_install/ament_cmake_symlink_install.cmake:78 (file):\n'}
[0.179009] (mobile_robot) StderrLine: {'line': b'  Policy CMP0009 is not set: FILE GLOB_RECURSE calls should not follow\n'}
[0.179044] (mobile_robot) StderrLine: {'line': b'  symlinks by default.  Run "cmake --help-policy CMP0009" for policy details.\n'}
[0.179075] (mobile_robot) StderrLine: {'line': b'  Use the cmake_policy command to set the policy and suppress this warning.\n'}
[0.179107] (mobile_robot) StderrLine: {'line': b'Call Stack (most recent call first):\n'}
[0.179139] (mobile_robot) StderrLine: {'line': b'  ament_cmake_symlink_install/ament_cmake_symlink_install.cmake:325 (ament_cmake_symlink_install_directory)\n'}
[0.179171] (mobile_robot) StderrLine: {'line': b'  cmake_install.cmake:46 (include)\n'}
[0.179203] (mobile_robot) StderrLine: {'line': b'This warning is for project developers.  Use -Wno-dev to suppress it.\n'}
[0.179233] (mobile_robot) StderrLine: {'line': b'\x1b[0m\n'}
[0.179718] (mobile_robot) StdoutLine: {'line': b'-- Up-to-date symlink: /home/hornet/Desktop/pathfollowingbot/install/mobile_robot/share/mobile_robot/model/.venv/.gitignore\n'}
[0.179795] (mobile_robot) StdoutLine: {'line': b'-- Up-to-date symlink: /home/hornet/Desktop/pathfollowingbot/install/mobile_robot/share/mobile_robot/model/.venv/bin/Activate.ps1\n'}
[0.179836] (mobile_robot) StdoutLine: {'line': b'-- Up-to-date symlink: /home/hornet/Desktop/pathfollowingbot/install/mobile_robot/share/mobile_robot/model/.venv/bin/activate\n'}
[0.179874] (mobile_robot) StdoutLine: {'line': b'-- Up-to-date symlink: /home/hornet/Desktop/pathfollowingbot/install/mobile_robot/share/mobile_robot/model/.venv/bin/activate.csh\n'}
[0.179908] (mobile_robot) StdoutLine: {'line': b'-- Up-to-date symlink: /home/hornet/Desktop/pathfollowingbot/install/mobile_robot/share/mobile_robot/model/.venv/bin/activate.fish\n'}
[0.179939] (mobile_robot) StdoutLine: {'line': b'-- Up-to-date symlink: /home/hornet/Desktop/pathfollowingbot/install/mobile_robot/share/mobile_robot/model/.venv/bin/pip\n'}
[0.180105] (mobile_robot) StdoutLine: {'line': b'-- Up-to-date symlink: /home/hornet/Desktop/pathfollowingbot/install/mobile_robot/share/mobile_robot/model/.venv/bin/pip3\n'}
[0.180149] (mobile_robot) StdoutLine: {'line': b'-- Up-to-date symlink: /home/hornet/Desktop/pathfollowingbot/install/mobile_robot/share/mobile_robot/model/.venv/bin/pip3.12\n'}
[0.180216] (mobile_robot) StdoutLine: {'line': b'-- Up-to-date symlink: /home/hornet/Desktop/pathfollowingbot/install/mobile_robot/share/mobile_robot/model/.venv/bin/python\n'}
[0.180254] (mobile_robot) StdoutLine: {'line': b'-- Up-to-date symlink: /home/hornet/Desktop/pathfollowingbot/install/mobile_robot/share/mobile_robot/model/.venv/bin/python3\n'}
[0.180291] (mobile_robot) StdoutLine: {'line': b'-- Up-to-date symlink: /home/hornet/Desktop/pathfollowingbot/install/mobile_robot/share/mobile_robot/model/.venv/bin/python3.12\n'}
[0.180326] (mobile_robot) StdoutLine: {'line': b'-- Up-to-date symlink: /home/hornet/Desktop/pathfollowingbot/install/mobile_robot/share/mobile_robot/model/.venv/bin/xacro\n'}
[0.180359] (mobile_robot) StdoutLine: {'line': b'-- Up-to-date symlink: /home/hornet/Desktop/pathfollowingbot/install/mobile_robot/share/mobile_robot/model/.venv/lib/python3.12/site-packages/_yaml/__init__.py\n'}
[0.180396] (mobile_robot) StdoutLine: {'line': b'-- Up-to-date symlink: /home/hornet/Desktop/pathfollowingbot/install/mobile_robot/share/mobile_robot/model/.venv/lib/python3.12/site-packages/_yaml/__pycache__/__init__.cpython-312.pyc\n'}
[0.180431] (mobile_robot) StdoutLine: {'line': b'-- Up-to-date symlink: /home/hornet/Desktop/pathfollowingbot/install/mobile_robot/share/mobile_robot/model/.venv/lib/python3.12/site-packages/pip-25.3.dist-info/INSTALLER\n'}
[0.180480] (mobile_robot) StdoutLine: {'line': b'-- Up-to-date symlink: /home/hornet/Desktop/pathfollowingbot/install/mobile_robot/share/mobile_robot/model/.venv/lib/python3.12/site-packages/pip-25.3.dist-info/METADATA\n'}
[0.180513] (mobile_robot) StdoutLine: {'line': b'-- Up-to-date symlink: /home/hornet/Desktop/pathfollowingbot/install/mobile_robot/share/mobile_robot/model/.venv/lib/python3.12/site-packages/pip-25.3.dist-info/RECORD\n'}
[0.180551] (mobile_robot) StdoutLine: {'line': b'-- Up-to-date symlink: /home/hornet/Desktop/pathfollowingbot/install/mobile_robot/share/mobile_robot/model/.venv/lib/python3.12/site-packages/pip-25.3.dist-info/REQUESTED\n'}
[0.180585] (mobile_robot) StdoutLine: {'line': b'-- Up-to-date symlink: /home/hornet/Desktop/pathfollowingbot/install/mobile_robot/share/mobile_robot/model/.venv/lib/python3.12/site-packages/pip-25.3.dist-info/WHEEL\n'}
[0.180619] (mobile_robot) StdoutLine: {'line': b'-- Up-to-date symlink: /home/hornet/Desktop/pathfollowingbot/install/mobile_robot/share/mobile_robot/model/.venv/lib/python3.12/site-packages/pip-25.3.dist-info/entry_points.txt\n'}
[0.180652] (mobile_robot) StdoutLine: {'line': b'-- Up-to-date symlink: /home/hornet/Desktop/pathfollowingbot/install/mobile_robot/share/mobile_robot/model/.venv/lib/python3.12/site-packages/pip-25.3.dist-info/licenses/AUTHORS.txt\n'}
[0.180700] (mobile_robot) StdoutLine: {'line': b'-- Up-to-date symlink: /home/hornet/Desktop/pathfollowingbot/install/mobile_robot/share/mobile_robot/model/.venv/lib/python3.12/site-packages/pip-25.3.dist-info/licenses/LICENSE.txt\n'}
[0.180741] (mobile_robot) StdoutLine: {'line': b'-- Up-to-date symlink: /home/hornet/Desktop/pathfollowingbot/install/mobile_robot/share/mobile_robot/model/.venv/lib/python3.12/site-packages/pip-25.3.dist-info/licenses/src/pip/_vendor/cachecontrol/LICENSE.txt\n'}
[0.180777] (mobile_robot) StdoutLine: {'line': b'-- Up-to-date symlink: /home/hornet/Desktop/pathfollowingbot/install/mobile_robot/share/mobile_robot/model/.venv/lib/python3.12/site-packages/pip-25.3.dist-info/licenses/src/pip/_vendor/certifi/LICENSE\n'}
[0.180811] (mobile_robot) StdoutLine: {'line': b'-- Up-to-date symlink: /home/hornet/Desktop/pathfollowingbot/install/mobile_robot/share/mobile_robot/model/.venv/lib/python3.12/site-packages/pip-25.3.dist-info/licenses/src/pip/_vendor/dependency_groups/LICENSE.txt\n'}
[0.180855] (mobile_robot) StdoutLine: {'line': b'-- Up-to-date symlink: /home/hornet/Desktop/pathfollowingbot/install/mobile_robot/share/mobile_robot/model/.venv/lib/python3.12/site-packages/pip-25.3.dist-info/licenses/src/pip/_vendor/distlib/LICENSE.txt\n'}
[0.180899] (mobile_robot) StdoutLine: {'line': b'-- Up-to-date symlink: /home/hornet/Desktop/pathfollowingbot/install/mobile_robot/share/mobile_robot/model/.venv/lib/python3.12/site-packages/pip-25.3.dist-info/licenses/src/pip/_vendor/distro/LICENSE\n'}
[0.180934] (mobile_robot) StdoutLine: {'line': b'-- Up-to-date symlink: /home/hornet/Desktop/pathfollowingbot/install/mobile_robot/share/mobile_robot/model/.venv/lib/python3.12/site-packages/pip-25.3.dist-info/licenses/src/pip/_vendor/idna/LICENSE.md\n'}
[0.180978] (mobile_robot) StdoutLine: {'line': b'-- Up-to-date symlink: /home/hornet/Desktop/pathfollowingbot/install/mobile_robot/share/mobile_robot/model/.venv/lib/python3.12/site-packages/pip-25.3.dist-info/licenses/src/pip/_vendor/msgpack/COPYING\n'}
[0.181012] (mobile_robot) StdoutLine: {'line': b'-- Up-to-date symlink: /home/hornet/Desktop/pathfollowingbot/install/mobile_robot/share/mobile_robot/model/.venv/lib/python3.12/site-packages/pip-25.3.dist-info/licenses/src/pip/_vendor/packaging/LICENSE\n'}
[0.181058] (mobile_robot) StdoutLine: {'line': b'-- Up-to-date symlink: /home/hornet/Desktop/pathfollowingbot/install/mobile_robot/share/mobile_robot/model/.venv/lib/python3.12/site-packages/pip-25.3.dist-info/licenses/src/pip/_vendor/packaging/LICENSE.APACHE\n'}
[0.181095] (mobile_robot) StdoutLine: {'line': b'-- Up-to-date symlink: /home/hornet/Desktop/pathfollowingbot/install/mobile_robot/share/mobile_robot/model/.venv/lib/python3.12/site-packages/pip-25.3.dist-info/licenses/src/pip/_vendor/packaging/LICENSE.BSD\n'}
[0.181136] (mobile_robot) StdoutLine: {'line': b'-- Up-to-date symlink: /home/hornet/Desktop/pathfollowingbot/install/mobile_robot/share/mobile_robot/model/.venv/lib/python3.12/site-packages/pip-25.3.dist-info/licenses/src/pip/_vendor/pkg_resources/LICENSE\n'}
[0.181190] (mobile_robot) StdoutLine: {'line': b'-- Up-to-date symlink: /home/hornet/Desktop/pathfollowingbot/install/mobile_robot/share/mobile_robot/model/.venv/lib/python3.12/site-packages/pip-25.3.dist-info/licenses/src/pip/_vendor/platformdirs/LICENSE\n'}
[0.181247] (mobile_robot) StdoutLine: {'line': b'-- Up-to-date symlink: /home/hornet/Desktop/pathfollowingbot/install/mobile_robot/share/mobile_robot/model/.venv/lib/python3.12/site-packages/pip-25.3.dist-info/licenses/src/pip/_vendor/pygments/LICENSE\n'}
[0.181304] (mobile_robot) StdoutLine: {'line': b'-- Up-to-date symlink: /home/hornet/Desktop/pathfollowingbot/install/mobile_robot/share/mobile_robot/model/.venv/lib/python3.12/site-packages/pip-25.3.dist-info/licenses/src/pip/_vendor/pyproject_hooks/LICENSE\n'}
[0.181361] (mobile_robot) StdoutLine: {'line': b'-- Up-to-date symlink: /home/hornet/Desktop/pathfollowingbot/install/mobile_robot/share/mobile_robot/model/.venv/lib/python3.12/site-packages/pip-25.3.dist-info/licenses/src/pip/_vendor/requests/LICENSE\n'}
[0.181418] (mobile_robot) StdoutLine: {'line': b'-- Up-to-date symlink: /home/hornet/Desktop/pathfollowingbot/install/mobile_robot/share/mobile_robot/model/.venv/lib/python3.12/site-packages/pip-25.3.dist-info/licenses/src/pip/_vendor/resolvelib/LICENSE\n'}
[0.181474] (mobile_robot) StdoutLine: {'line': b'-- Up-to-date symlink: /home/hornet/Desktop/pathfollowingbot/install/mobile_robot/share/mobile_robot/model/.venv/lib/python3.12/site-packages/pip-25.3.dist-info/licenses/src/pip/_vendor/rich/LICENSE\n'}
[0.181530] (mobile_robot) StdoutLine: {'line': b'-- Up-to-date symlink: /home/hornet/Desktop/pathfollowingbot/install/mobile_robot/share/mobile_robot/model/.venv/lib/python3.12/site-packages/pip-25.3.dist-info/licenses/src/pip/_vendor/tomli/LICENSE\n'}
[0.181586] (mobile_robot) StdoutLine: {'line': b'-- Up-to-date symlink: /home/hornet/Desktop/pathfollowingbot/install/mobile_robot/share/mobile_robot/model/.venv/lib/python3.12/site-packages/pip-25.3.dist-info/licenses/src/pip/_vendor/tomli_w/LICENSE\n'}
[0.181643] (mobile_robot) StdoutLine: {'line': b'-- Up-to-date symlink: /home/hornet/Desktop/pathfollowingbot/install/mobile_robot/share/mobile_robot/model/.venv/lib/python3.12/site-packages/pip-25.3.dist-info/licenses/src/pip/_vendor/truststore/LICENSE\n'}
[0.181706] (mobile_robot) StdoutLine: {'line': b'-- Up-to-date symlink: /home/hornet/Desktop/pathfollowingbot/install/mobile_robot/share/mobile_robot/model/.venv/lib/python3.12/site-packages/pip-25.3.dist-info/licenses/src/pip/_vendor/urllib3/LICENSE.txt\n'}
[0.181761] (mobile_robot) StdoutLine: {'line': b'-- Up-to-date symlink: /home/hornet/Desktop/pathfollowingbot/install/mobile_robot/share/mobile_robot/model/.venv/lib/python3.12/site-packages/pip/__init__.py\n'}
[0.181816] (mobile_robot) StdoutLine: {'line': b'-- Up-to-date symlink: /home/hornet/Desktop/pathfollowingbot/install/mobile_robot/share/mobile_robot/model/.venv/lib/python3.12/site-packages/pip/__main__.py\n'}
[0.181862] (mobile_robot) StdoutLine: {'line': b'-- Up-to-date symlink: /home/hornet/Desktop/pathfollowingbot/install/mobile_robot/share/mobile_robot/model/.venv/lib/python3.12/site-packages/pip/__pip-runner__.py\n'}
[0.181913] (mobile_robot) StdoutLine: {'line': b'-- Up-to-date symlink: /home/hornet/Desktop/pathfollowingbot/install/mobile_robot/share/mobile_robot/model/.venv/lib/python3.12/site-packages/pip/__pycache__/__init__.cpython-312.pyc\n'}
[0.181963] (mobile_robot) StdoutLine: {'line': b'-- Up-to-date symlink: /home/hornet/Desktop/pathfollowingbot/install/mobile_robot/share/mobile_robot/model/.venv/lib/python3.12/site-packages/pip/__pycache__/__main__.cpython-312.pyc\n'}
[0.182015] (mobile_robot) StdoutLine: {'line': b'-- Up-to-date symlink: /home/hornet/Desktop/pathfollowingbot/install/mobile_robot/share/mobile_robot/model/.venv/lib/python3.12/site-packages/pip/__pycache__/__pip-runner__.cpython-312.pyc\n'}
[0.182063] (mobile_robot) StdoutLine: {'line': b'-- Up-to-date symlink: /home/hornet/Desktop/pathfollowingbot/install/mobile_robot/share/mobile_robot/model/.venv/lib/python3.12/site-packages/pip/_internal/__init__.py\n'}
[0.182116] (mobile_robot) StdoutLine: {'line': b'-- Up-to-date symlink: /home/hornet/Desktop/pathfollowingbot/install/mobile_robot/share/mobile_robot/model/.venv/lib/python3.12/site-packages/pip/_internal/__pycache__/__init__.cpython-312.pyc\n'}
[0.182167] (mobile_robot) StdoutLine: {'line': b'-- Up-to-date symlink: /home/hornet/Desktop/pathfollowingbot/install/mobile_robot/share/mobile_robot/model/.venv/lib/python3.12/site-packages/pip/_internal/__pycache__/build_env.cpython-312.pyc\n'}
[0.182219] (mobile_robot) StdoutLine: {'line': b'-- Up-to-date symlink: /home/hornet/Desktop/pathfollowingbot/install/mobile_robot/share/mobile_robot/model/.venv/lib/python3.12/site-packages/pip/_internal/__pycache__/cache.cpython-312.pyc\n'}
[0.182271] (mobile_robot) StdoutLine: {'line': b'-- Up-to-date symlink: /home/hornet/Desktop/pathfollowingbot/install/mobile_robot/share/mobile_robot/model/.venv/lib/python3.12/site-packages/pip/_internal/__pycache__/configuration.cpython-312.pyc\n'}
[0.182322] (mobile_robot) StdoutLine: {'line': b'-- Up-to-date symlink: /home/hornet/Desktop/pathfollowingbot/install/mobile_robot/share/mobile_robot/model/.venv/lib/python3.12/site-packages/pip/_internal/__pycache__/exceptions.cpython-312.pyc\n'}
[0.182373] (mobile_robot) StdoutLine: {'line': b'-- Up-to-date symlink: /home/hornet/Desktop/pathfollowingbot/install/mobile_robot/share/mobile_robot/model/.venv/lib/python3.12/site-packages/pip/_internal/__pycache__/main.cpython-312.pyc\n'}
[0.182424] (mobile_robot) StdoutLine: {'line': b'-- Up-to-date symlink: /home/hornet/Desktop/pathfollowingbot/install/mobile_robot/share/mobile_robot/model/.venv/lib/python3.12/site-packages/pip/_internal/__pycache__/pyproject.cpython-312.pyc\n'}
[0.182475] (mobile_robot) StdoutLine: {'line': b'-- Up-to-date symlink: /home/hornet/Desktop/pathfollowingbot/install/mobile_robot/share/mobile_robot/model/.venv/lib/python3.12/site-packages/pip/_internal/__pycache__/self_outdated_check.cpython-312.pyc\n'}
[0.182527] (mobile_robot) StdoutLine: {'line': b'-- Up-to-date symlink: /home/hornet/Desktop/pathfollowingbot/install/mobile_robot/share/mobile_robot/model/.venv/lib/python3.12/site-packages/pip/_internal/__pycache__/wheel_builder.cpython-312.pyc\n'}
[0.182578] (mobile_robot) StdoutLine: {'line': b'-- Up-to-date symlink: /home/hornet/Desktop/pathfollowingbot/install/mobile_robot/share/mobile_robot/model/.venv/lib/python3.12/site-packages/pip/_internal/build_env.py\n'}
[0.182628] (mobile_robot) StdoutLine: {'line': b'-- Up-to-date symlink: /home/hornet/Desktop/pathfollowingbot/install/mobile_robot/share/mobile_robot/model/.venv/lib/python3.12/site-packages/pip/_internal/cache.py\n'}
[0.182709] (mobile_robot) StdoutLine: {'line': b'-- Up-to-date symlink: /home/hornet/Desktop/pathfollowingbot/install/mobile_robot/share/mobile_robot/model/.venv/lib/python3.12/site-packages/pip/_internal/cli/__init__.py\n'}
[0.182764] (mobile_robot) StdoutLine: {'line': b'-- Up-to-date symlink: /home/hornet/Desktop/pathfollowingbot/install/mobile_robot/share/mobile_robot/model/.venv/lib/python3.12/site-packages/pip/_internal/cli/__pycache__/__init__.cpython-312.pyc\n'}
[0.182817] (mobile_robot) StdoutLine: {'line': b'-- Up-to-date symlink: /home/hornet/Desktop/pathfollowingbot/install/mobile_robot/share/mobile_robot/model/.venv/lib/python3.12/site-packages/pip/_internal/cli/__pycache__/autocompletion.cpython-312.pyc\n'}
[0.182871] (mobile_robot) StdoutLine: {'line': b'-- Up-to-date symlink: /home/hornet/Desktop/pathfollowingbot/install/mobile_robot/share/mobile_robot/model/.venv/lib/python3.12/site-packages/pip/_internal/cli/__pycache__/base_command.cpython-312.pyc\n'}
[0.182924] (mobile_robot) StdoutLine: {'line': b'-- Up-to-date symlink: /home/hornet/Desktop/pathfollowingbot/install/mobile_robot/share/mobile_robot/model/.venv/lib/python3.12/site-packages/pip/_internal/cli/__pycache__/cmdoptions.cpython-312.pyc\n'}
[0.182976] (mobile_robot) StdoutLine: {'line': b'-- Up-to-date symlink: /home/hornet/Desktop/pathfollowingbot/install/mobile_robot/share/mobile_robot/model/.venv/lib/python3.12/site-packages/pip/_internal/cli/__pycache__/command_context.cpython-312.pyc\n'}
[0.183031] (mobile_robot) StdoutLine: {'line': b'-- Up-to-date symlink: /home/hornet/Desktop/pathfollowingbot/install/mobile_robot/share/mobile_robot/model/.venv/lib/python3.12/site-packages/pip/_internal/cli/__pycache__/index_command.cpython-312.pyc\n'}
[0.183083] (mobile_robot) StdoutLine: {'line': b'-- Up-to-date symlink: /home/hornet/Desktop/pathfollowingbot/install/mobile_robot/share/mobile_robot/model/.venv/lib/python3.12/site-packages/pip/_internal/cli/__pycache__/main.cpython-312.pyc\n'}
[0.183136] (mobile_robot) StdoutLine: {'line': b'-- Up-to-date symlink: /home/hornet/Desktop/pathfollowingbot/install/mobile_robot/share/mobile_robot/model/.venv/lib/python3.12/site-packages/pip/_internal/cli/__pycache__/main_parser.cpython-312.pyc\n'}
[0.183192] (mobile_robot) StdoutLine: {'line': b'-- Up-to-date symlink: /home/hornet/Desktop/pathfollowingbot/install/mobile_robot/share/mobile_robot/model/.venv/lib/python3.12/site-packages/pip/_internal/cli/__pycache__/parser.cpython-312.pyc\n'}
[0.183245] (mobile_robot) StdoutLine: {'line': b'-- Up-to-date symlink: /home/hornet/Desktop/pathfollowingbot/install/mobile_robot/share/mobile_robot/model/.venv/lib/python3.12/site-packages/pip/_internal/cli/__pycache__/progress_bars.cpython-312.pyc\n'}
[0.183298] (mobile_robot) StdoutLine: {'line': b'-- Up-to-date symlink: /home/hornet/Desktop/pathfollowingbot/install/mobile_robot/share/mobile_robot/model/.venv/lib/python3.12/site-packages/pip/_internal/cli/__pycache__/req_command.cpython-312.pyc\n'}
[0.183350] (mobile_robot) StdoutLine: {'line': b'-- Up-to-date symlink: /home/hornet/Desktop/pathfollowingbot/install/mobile_robot/share/mobile_robot/model/.venv/lib/python3.12/site-packages/pip/_internal/cli/__pycache__/spinners.cpython-312.pyc\n'}
[0.183403] (mobile_robot) StdoutLine: {'line': b'-- Up-to-date symlink: /home/hornet/Desktop/pathfollowingbot/install/mobile_robot/share/mobile_robot/model/.venv/lib/python3.12/site-packages/pip/_internal/cli/__pycache__/status_codes.cpython-312.pyc\n'}
[0.183454] (mobile_robot) StdoutLine: {'line': b'-- Up-to-date symlink: /home/hornet/Desktop/pathfollowingbot/install/mobile_robot/share/mobile_robot/model/.venv/lib/python3.12/site-packages/pip/_internal/cli/autocompletion.py\n'}
[0.183505] (mobile_robot) StdoutLine: {'line': b'-- Up-to-date symlink: /home/hornet/Desktop/pathfollowingbot/install/mobile_robot/share/mobile_robot/model/.venv/lib/python3.12/site-packages/pip/_internal/cli/base_command.py\n'}
[0.183559] (mobile_robot) StdoutLine: {'line': b'-- Up-to-date symlink: /home/hornet/Desktop/pathfollowingbot/install/mobile_robot/share/mobile_robot/model/.venv/lib/python3.12/site-packages/pip/_internal/cli/cmdoptions.py\n'}
[0.183609] (mobile_robot) StdoutLine: {'line': b'-- Up-to-date symlink: /home/hornet/Desktop/pathfollowingbot/install/mobile_robot/share/mobile_robot/model/.venv/lib/python3.12/site-packages/pip/_internal/cli/command_context.py\n'}
[0.183663] (mobile_robot) StdoutLine: {'line': b'-- Up-to-date symlink: /home/hornet/Desktop/pathfollowingbot/install/mobile_robot/share/mobile_robot/model/.venv/lib/python3.12/site-packages/pip/_internal/cli/index_command.py\n'}
[0.183717] (mobile_robot) StdoutLine: {'line': b'-- Up-to-date symlink: /home/hornet/Desktop/pathfollowingbot/install/mobile_robot/share/mobile_robot/model/.venv/lib/python3.12/site-packages/pip/_internal/cli/main.py\n'}
[0.183772] (mobile_robot) StdoutLine: {'line': b'-- Up-to-date symlink: /home/hornet/Desktop/pathfollowingbot/install/mobile_robot/share/mobile_robot/model/.venv/lib/python3.12/site-packages/pip/_internal/cli/main_parser.py\n'}
[0.183827] (mobile_robot) StdoutLine: {'line': b'-- Up-to-date symlink: /home/hornet/Desktop/pathfollowingbot/install/mobile_robot/share/mobile_robot/model/.venv/lib/python3.12/site-packages/pip/_internal/cli/parser.py\n'}
[0.183880] (mobile_robot) StdoutLine: {'line': b'-- Up-to-date symlink: /home/hornet/Desktop/pathfollowingbot/install/mobile_robot/share/mobile_robot/model/.venv/lib/python3.12/site-packages/pip/_internal/cli/progress_bars.py\n'}
[0.183928] (mobile_robot) StdoutLine: {'line': b'-- Up-to-date symlink: /home/hornet/Desktop/pathfollowingbot/install/mobile_robot/share/mobile_robot/model/.venv/lib/python3.12/site-packages/pip/_internal/cli/req_command.py\n'}
[0.183979] (mobile_robot) StdoutLine: {'line': b'-- Up-to-date symlink: /home/hornet/Desktop/pathfollowingbot/install/mobile_robot/share/mobile_robot/model/.venv/lib/python3.12/site-packages/pip/_internal/cli/spinners.py\n'}
[0.184030] (mobile_robot) StdoutLine: {'line': b'-- Up-to-date symlink: /home/hornet/Desktop/pathfollowingbot/install/mobile_robot/share/mobile_robot/model/.venv/lib/python3.12/site-packages/pip/_internal/cli/status_codes.py\n'}
[0.184082] (mobile_robot) StdoutLine: {'line': b'-- Up-to-date symlink: /home/hornet/Desktop/pathfollowingbot/install/mobile_robot/share/mobile_robot/model/.venv/lib/python3.12/site-packages/pip/_internal/commands/__init__.py\n'}
[0.184136] (mobile_robot) StdoutLine: {'line': b'-- Up-to-date symlink: /home/hornet/Desktop/pathfollowingbot/install/mobile_robot/share/mobile_robot/model/.venv/lib/python3.12/site-packages/pip/_internal/commands/__pycache__/__init__.cpython-312.pyc\n'}
[0.184189] (mobile_robot) StdoutLine: {'line': b'-- Up-to-date symlink: /home/hornet/Desktop/pathfollowingbot/install/mobile_robot/share/mobile_robot/model/.venv/lib/python3.12/site-packages/pip/_internal/commands/__pycache__/cache.cpython-312.pyc\n'}
[0.184242] (mobile_robot) StdoutLine: {'line': b'-- Up-to-date symlink: /home/hornet/Desktop/pathfollowingbot/install/mobile_robot/share/mobile_robot/model/.venv/lib/python3.12/site-packages/pip/_internal/commands/__pycache__/check.cpython-312.pyc\n'}
[0.184295] (mobile_robot) StdoutLine: {'line': b'-- Up-to-date symlink: /home/hornet/Desktop/pathfollowingbot/install/mobile_robot/share/mobile_robot/model/.venv/lib/python3.12/site-packages/pip/_internal/commands/__pycache__/completion.cpython-312.pyc\n'}
[0.184349] (mobile_robot) StdoutLine: {'line': b'-- Up-to-date symlink: /home/hornet/Desktop/pathfollowingbot/install/mobile_robot/share/mobile_robot/model/.venv/lib/python3.12/site-packages/pip/_internal/commands/__pycache__/configuration.cpython-312.pyc\n'}
[0.184402] (mobile_robot) StdoutLine: {'line': b'-- Up-to-date symlink: /home/hornet/Desktop/pathfollowingbot/install/mobile_robot/share/mobile_robot/model/.venv/lib/python3.12/site-packages/pip/_internal/commands/__pycache__/debug.cpython-312.pyc\n'}
[0.184454] (mobile_robot) StdoutLine: {'line': b'-- Up-to-date symlink: /home/hornet/Desktop/pathfollowingbot/install/mobile_robot/share/mobile_robot/model/.venv/lib/python3.12/site-packages/pip/_internal/commands/__pycache__/download.cpython-312.pyc\n'}
[0.184505] (mobile_robot) StdoutLine: {'line': b'-- Up-to-date symlink: /home/hornet/Desktop/pathfollowingbot/install/mobile_robot/share/mobile_robot/model/.venv/lib/python3.12/site-packages/pip/_internal/commands/__pycache__/freeze.cpython-312.pyc\n'}
[0.184558] (mobile_robot) StdoutLine: {'line': b'-- Up-to-date symlink: /home/hornet/Desktop/pathfollowingbot/install/mobile_robot/share/mobile_robot/model/.venv/lib/python3.12/site-packages/pip/_internal/commands/__pycache__/hash.cpython-312.pyc\n'}
[0.184611] (mobile_robot) StdoutLine: {'line': b'-- Up-to-date symlink: /home/hornet/Desktop/pathfollowingbot/install/mobile_robot/share/mobile_robot/model/.venv/lib/python3.12/site-packages/pip/_internal/commands/__pycache__/help.cpython-312.pyc\n'}
[0.184668] (mobile_robot) StdoutLine: {'line': b'-- Up-to-date symlink: /home/hornet/Desktop/pathfollowingbot/install/mobile_robot/share/mobile_robot/model/.venv/lib/python3.12/site-packages/pip/_internal/commands/__pycache__/index.cpython-312.pyc\n'}
[0.184748] (mobile_robot) StdoutLine: {'line': b'-- Up-to-date symlink: /home/hornet/Desktop/pathfollowingbot/install/mobile_robot/share/mobile_robot/model/.venv/lib/python3.12/site-packages/pip/_internal/commands/__pycache__/inspect.cpython-312.pyc\n'}
[0.184805] (mobile_robot) StdoutLine: {'line': b'-- Up-to-date symlink: /home/hornet/Desktop/pathfollowingbot/install/mobile_robot/share/mobile_robot/model/.venv/lib/python3.12/site-packages/pip/_internal/commands/__pycache__/install.cpython-312.pyc\n'}
[0.184858] (mobile_robot) StdoutLine: {'line': b'-- Up-to-date symlink: /home/hornet/Desktop/pathfollowingbot/install/mobile_robot/share/mobile_robot/model/.venv/lib/python3.12/site-packages/pip/_internal/commands/__pycache__/list.cpython-312.pyc\n'}
[0.184911] (mobile_robot) StdoutLine: {'line': b'-- Up-to-date symlink: /home/hornet/Desktop/pathfollowingbot/install/mobile_robot/share/mobile_robot/model/.venv/lib/python3.12/site-packages/pip/_internal/commands/__pycache__/lock.cpython-312.pyc\n'}
[0.184964] (mobile_robot) StdoutLine: {'line': b'-- Up-to-date symlink: /home/hornet/Desktop/pathfollowingbot/install/mobile_robot/share/mobile_robot/model/.venv/lib/python3.12/site-packages/pip/_internal/commands/__pycache__/search.cpython-312.pyc\n'}
[0.185016] (mobile_robot) StdoutLine: {'line': b'-- Up-to-date symlink: /home/hornet/Desktop/pathfollowingbot/install/mobile_robot/share/mobile_robot/model/.venv/lib/python3.12/site-packages/pip/_internal/commands/__pycache__/show.cpython-312.pyc\n'}
[0.185068] (mobile_robot) StdoutLine: {'line': b'-- Up-to-date symlink: /home/hornet/Desktop/pathfollowingbot/install/mobile_robot/share/mobile_robot/model/.venv/lib/python3.12/site-packages/pip/_internal/commands/__pycache__/uninstall.cpython-312.pyc\n'}
[0.185121] (mobile_robot) StdoutLine: {'line': b'-- Up-to-date symlink: /home/hornet/Desktop/pathfollowingbot/install/mobile_robot/share/mobile_robot/model/.venv/lib/python3.12/site-packages/pip/_internal/commands/__pycache__/wheel.cpython-312.pyc\n'}
[0.185173] (mobile_robot) StdoutLine: {'line': b'-- Up-to-date symlink: /home/hornet/Desktop/pathfollowingbot/install/mobile_robot/share/mobile_robot/model/.venv/lib/python3.12/site-packages/pip/_internal/commands/cache.py\n'}
[0.185224] (mobile_robot) StdoutLine: {'line': b'-- Up-to-date symlink: /home/hornet/Desktop/pathfollowingbot/install/mobile_robot/share/mobile_robot/model/.venv/lib/python3.12/site-packages/pip/_internal/commands/check.py\n'}
[0.185276] (mobile_robot) StdoutLine: {'line': b'-- Up-to-date symlink: /home/hornet/Desktop/pathfollowingbot/install/mobile_robot/share/mobile_robot/model/.venv/lib/python3.12/site-packages/pip/_internal/commands/completion.py\n'}
[0.185326] (mobile_robot) StdoutLine: {'line': b'-- Up-to-date symlink: /home/hornet/Desktop/pathfollowingbot/install/mobile_robot/share/mobile_robot/model/.venv/lib/python3.12/site-packages/pip/_internal/commands/configuration.py\n'}
[0.185378] (mobile_robot) StdoutLine: {'line': b'-- Up-to-date symlink: /home/hornet/Desktop/pathfollowingbot/install/mobile_robot/share/mobile_robot/model/.venv/lib/python3.12/site-packages/pip/_internal/commands/debug.py\n'}
[0.185429] (mobile_robot) StdoutLine: {'line': b'-- Up-to-date symlink: /home/hornet/Desktop/pathfollowingbot/install/mobile_robot/share/mobile_robot/model/.venv/lib/python3.12/site-packages/pip/_internal/commands/download.py\n'}
[0.185479] (mobile_robot) StdoutLine: {'line': b'-- Up-to-date symlink: /home/hornet/Desktop/pathfollowingbot/install/mobile_robot/share/mobile_robot/model/.venv/lib/python3.12/site-packages/pip/_internal/commands/freeze.py\n'}
[0.185530] (mobile_robot) StdoutLine: {'line': b'-- Up-to-date symlink: /home/hornet/Desktop/pathfollowingbot/install/mobile_robot/share/mobile_robot/model/.venv/lib/python3.12/site-packages/pip/_internal/commands/hash.py\n'}
[0.185581] (mobile_robot) StdoutLine: {'line': b'-- Up-to-date symlink: /home/hornet/Desktop/pathfollowingbot/install/mobile_robot/share/mobile_robot/model/.venv/lib/python3.12/site-packages/pip/_internal/commands/help.py\n'}
[0.185632] (mobile_robot) StdoutLine: {'line': b'-- Up-to-date symlink: /home/hornet/Desktop/pathfollowingbot/install/mobile_robot/share/mobile_robot/model/.venv/lib/python3.12/site-packages/pip/_internal/commands/index.py\n'}
[0.185690] (mobile_robot) StdoutLine: {'line': b'-- Up-to-date symlink: /home/hornet/Desktop/pathfollowingbot/install/mobile_robot/share/mobile_robot/model/.venv/lib/python3.12/site-packages/pip/_internal/commands/inspect.py\n'}
[0.185745] (mobile_robot) StdoutLine: {'line': b'-- Up-to-date symlink: /home/hornet/Desktop/pathfollowingbot/install/mobile_robot/share/mobile_robot/model/.venv/lib/python3.12/site-packages/pip/_internal/commands/install.py\n'}
[0.185799] (mobile_robot) StdoutLine: {'line': b'-- Up-to-date symlink: /home/hornet/Desktop/pathfollowingbot/install/mobile_robot/share/mobile_robot/model/.venv/lib/python3.12/site-packages/pip/_internal/commands/list.py\n'}
[0.185853] (mobile_robot) StdoutLine: {'line': b'-- Up-to-date symlink: /home/hornet/Desktop/pathfollowingbot/install/mobile_robot/share/mobile_robot/model/.venv/lib/python3.12/site-packages/pip/_internal/commands/lock.py\n'}
[0.185904] (mobile_robot) StdoutLine: {'line': b'-- Up-to-date symlink: /home/hornet/Desktop/pathfollowingbot/install/mobile_robot/share/mobile_robot/model/.venv/lib/python3.12/site-packages/pip/_internal/commands/search.py\n'}
[0.185954] (mobile_robot) StdoutLine: {'line': b'-- Up-to-date symlink: /home/hornet/Desktop/pathfollowingbot/install/mobile_robot/share/mobile_robot/model/.venv/lib/python3.12/site-packages/pip/_internal/commands/show.py\n'}
[0.186004] (mobile_robot) StdoutLine: {'line': b'-- Up-to-date symlink: /home/hornet/Desktop/pathfollowingbot/install/mobile_robot/share/mobile_robot/model/.venv/lib/python3.12/site-packages/pip/_internal/commands/uninstall.py\n'}
[0.186055] (mobile_robot) StdoutLine: {'line': b'-- Up-to-date symlink: /home/hornet/Desktop/pathfollowingbot/install/mobile_robot/share/mobile_robot/model/.venv/lib/python3.12/site-packages/pip/_internal/commands/wheel.py\n'}
[0.186105] (mobile_robot) StdoutLine: {'line': b'-- Up-to-date symlink: /home/hornet/Desktop/pathfollowingbot/install/mobile_robot/share/mobile_robot/model/.venv/lib/python3.12/site-packages/pip/_internal/configuration.py\n'}
[0.186155] (mobile_robot) StdoutLine: {'line': b'-- Up-to-date symlink: /home/hornet/Desktop/pathfollowingbot/install/mobile_robot/share/mobile_robot/model/.venv/lib/python3.12/site-packages/pip/_internal/distributions/__init__.py\n'}
[0.186210] (mobile_robot) StdoutLine: {'line': b'-- Up-to-date symlink: /home/hornet/Desktop/pathfollowingbot/install/mobile_robot/share/mobile_robot/model/.venv/lib/python3.12/site-packages/pip/_internal/distributions/__pycache__/__init__.cpython-312.pyc\n'}
[0.186262] (mobile_robot) StdoutLine: {'line': b'-- Up-to-date symlink: /home/hornet/Desktop/pathfollowingbot/install/mobile_robot/share/mobile_robot/model/.venv/lib/python3.12/site-packages/pip/_internal/distributions/__pycache__/base.cpython-312.pyc\n'}
[0.186315] (mobile_robot) StdoutLine: {'line': b'-- Up-to-date symlink: /home/hornet/Desktop/pathfollowingbot/install/mobile_robot/share/mobile_robot/model/.venv/lib/python3.12/site-packages/pip/_internal/distributions/__pycache__/installed.cpython-312.pyc\n'}
[0.186366] (mobile_robot) StdoutLine: {'line': b'-- Up-to-date symlink: /home/hornet/Desktop/pathfollowingbot/install/mobile_robot/share/mobile_robot/model/.venv/lib/python3.12/site-packages/pip/_internal/distributions/__pycache__/sdist.cpython-312.pyc\n'}
[0.186419] (mobile_robot) StdoutLine: {'line': b'-- Up-to-date symlink: /home/hornet/Desktop/pathfollowingbot/install/mobile_robot/share/mobile_robot/model/.venv/lib/python3.12/site-packages/pip/_internal/distributions/__pycache__/wheel.cpython-312.pyc\n'}
[0.186469] (mobile_robot) StdoutLine: {'line': b'-- Up-to-date symlink: /home/hornet/Desktop/pathfollowingbot/install/mobile_robot/share/mobile_robot/model/.venv/lib/python3.12/site-packages/pip/_internal/distributions/base.py\n'}
[0.186520] (mobile_robot) StdoutLine: {'line': b'-- Up-to-date symlink: /home/hornet/Desktop/pathfollowingbot/install/mobile_robot/share/mobile_robot/model/.venv/lib/python3.12/site-packages/pip/_internal/distributions/installed.py\n'}
[0.186570] (mobile_robot) StdoutLine: {'line': b'-- Up-to-date symlink: /home/hornet/Desktop/pathfollowingbot/install/mobile_robot/share/mobile_robot/model/.venv/lib/python3.12/site-packages/pip/_internal/distributions/sdist.py\n'}
[0.186621] (mobile_robot) StdoutLine: {'line': b'-- Up-to-date symlink: /home/hornet/Desktop/pathfollowingbot/install/mobile_robot/share/mobile_robot/model/.venv/lib/python3.12/site-packages/pip/_internal/distributions/wheel.py\n'}
[0.186805] (mobile_robot) StdoutLine: {'line': b'-- Up-to-date symlink: /home/hornet/Desktop/pathfollowingbot/install/mobile_robot/share/mobile_robot/model/.venv/lib/python3.12/site-packages/pip/_internal/exceptions.py\n'}
[0.186939] (mobile_robot) StdoutLine: {'line': b'-- Up-to-date symlink: /home/hornet/Desktop/pathfollowingbot/install/mobile_robot/share/mobile_robot/model/.venv/lib/python3.12/site-packages/pip/_internal/index/__init__.py\n'}
[0.187043] (mobile_robot) StdoutLine: {'line': b'-- Up-to-date symlink: /home/hornet/Desktop/pathfollowingbot/install/mobile_robot/share/mobile_robot/model/.venv/lib/python3.12/site-packages/pip/_internal/index/__pycache__/__init__.cpython-312.pyc\n'}
[0.187143] (mobile_robot) StdoutLine: {'line': b'-- Up-to-date symlink: /home/hornet/Desktop/pathfollowingbot/install/mobile_robot/share/mobile_robot/model/.venv/lib/python3.12/site-packages/pip/_internal/index/__pycache__/collector.cpython-312.pyc\n'}
[0.187231] (mobile_robot) StdoutLine: {'line': b'-- Up-to-date symlink: /home/hornet/Desktop/pathfollowingbot/install/mobile_robot/share/mobile_robot/model/.venv/lib/python3.12/site-packages/pip/_internal/index/__pycache__/package_finder.cpython-312.pyc\n'}
[0.187326] (mobile_robot) StdoutLine: {'line': b'-- Up-to-date symlink: /home/hornet/Desktop/pathfollowingbot/install/mobile_robot/share/mobile_robot/model/.venv/lib/python3.12/site-packages/pip/_internal/index/__pycache__/sources.cpython-312.pyc\n'}
[0.187419] (mobile_robot) StdoutLine: {'line': b'-- Up-to-date symlink: /home/hornet/Desktop/pathfollowingbot/install/mobile_robot/share/mobile_robot/model/.venv/lib/python3.12/site-packages/pip/_internal/index/collector.py\n'}
[0.187508] (mobile_robot) StdoutLine: {'line': b'-- Up-to-date symlink: /home/hornet/Desktop/pathfollowingbot/install/mobile_robot/share/mobile_robot/model/.venv/lib/python3.12/site-packages/pip/_internal/index/package_finder.py\n'}
[0.187592] (mobile_robot) StdoutLine: {'line': b'-- Up-to-date symlink: /home/hornet/Desktop/pathfollowingbot/install/mobile_robot/share/mobile_robot/model/.venv/lib/python3.12/site-packages/pip/_internal/index/sources.py\n'}
[0.187696] (mobile_robot) StdoutLine: {'line': b'-- Up-to-date symlink: /home/hornet/Desktop/pathfollowingbot/install/mobile_robot/share/mobile_robot/model/.venv/lib/python3.12/site-packages/pip/_internal/locations/__init__.py\n'}
[0.187786] (mobile_robot) StdoutLine: {'line': b'-- Up-to-date symlink: /home/hornet/Desktop/pathfollowingbot/install/mobile_robot/share/mobile_robot/model/.venv/lib/python3.12/site-packages/pip/_internal/locations/__pycache__/__init__.cpython-312.pyc\n'}
[0.187868] (mobile_robot) StdoutLine: {'line': b'-- Up-to-date symlink: /home/hornet/Desktop/pathfollowingbot/install/mobile_robot/share/mobile_robot/model/.venv/lib/python3.12/site-packages/pip/_internal/locations/__pycache__/_distutils.cpython-312.pyc\n'}
[0.187958] (mobile_robot) StdoutLine: {'line': b'-- Up-to-date symlink: /home/hornet/Desktop/pathfollowingbot/install/mobile_robot/share/mobile_robot/model/.venv/lib/python3.12/site-packages/pip/_internal/locations/__pycache__/_sysconfig.cpython-312.pyc\n'}
[0.188041] (mobile_robot) StdoutLine: {'line': b'-- Up-to-date symlink: /home/hornet/Desktop/pathfollowingbot/install/mobile_robot/share/mobile_robot/model/.venv/lib/python3.12/site-packages/pip/_internal/locations/__pycache__/base.cpython-312.pyc\n'}
[0.188124] (mobile_robot) StdoutLine: {'line': b'-- Up-to-date symlink: /home/hornet/Desktop/pathfollowingbot/install/mobile_robot/share/mobile_robot/model/.venv/lib/python3.12/site-packages/pip/_internal/locations/_distutils.py\n'}
[0.188214] (mobile_robot) StdoutLine: {'line': b'-- Up-to-date symlink: /home/hornet/Desktop/pathfollowingbot/install/mobile_robot/share/mobile_robot/model/.venv/lib/python3.12/site-packages/pip/_internal/locations/_sysconfig.py\n'}
[0.188306] (mobile_robot) StdoutLine: {'line': b'-- Up-to-date symlink: /home/hornet/Desktop/pathfollowingbot/install/mobile_robot/share/mobile_robot/model/.venv/lib/python3.12/site-packages/pip/_internal/locations/base.py\n'}
[0.188389] (mobile_robot) StdoutLine: {'line': b'-- Up-to-date symlink: /home/hornet/Desktop/pathfollowingbot/install/mobile_robot/share/mobile_robot/model/.venv/lib/python3.12/site-packages/pip/_internal/main.py\n'}
[0.188469] (mobile_robot) StdoutLine: {'line': b'-- Up-to-date symlink: /home/hornet/Desktop/pathfollowingbot/install/mobile_robot/share/mobile_robot/model/.venv/lib/python3.12/site-packages/pip/_internal/metadata/__init__.py\n'}
[0.188552] (mobile_robot) StdoutLine: {'line': b'-- Up-to-date symlink: /home/hornet/Desktop/pathfollowingbot/install/mobile_robot/share/mobile_robot/model/.venv/lib/python3.12/site-packages/pip/_internal/metadata/__pycache__/__init__.cpython-312.pyc\n'}
[0.188635] (mobile_robot) StdoutLine: {'line': b'-- Up-to-date symlink: /home/hornet/Desktop/pathfollowingbot/install/mobile_robot/share/mobile_robot/model/.venv/lib/python3.12/site-packages/pip/_internal/metadata/__pycache__/_json.cpython-312.pyc\n'}
[0.188726] (mobile_robot) StdoutLine: {'line': b'-- Up-to-date symlink: /home/hornet/Desktop/pathfollowingbot/install/mobile_robot/share/mobile_robot/model/.venv/lib/python3.12/site-packages/pip/_internal/metadata/__pycache__/base.cpython-312.pyc\n'}
[0.188808] (mobile_robot) StdoutLine: {'line': b'-- Up-to-date symlink: /home/hornet/Desktop/pathfollowingbot/install/mobile_robot/share/mobile_robot/model/.venv/lib/python3.12/site-packages/pip/_internal/metadata/__pycache__/pkg_resources.cpython-312.pyc\n'}
[0.188897] (mobile_robot) StdoutLine: {'line': b'-- Up-to-date symlink: /home/hornet/Desktop/pathfollowingbot/install/mobile_robot/share/mobile_robot/model/.venv/lib/python3.12/site-packages/pip/_internal/metadata/_json.py\n'}
[0.188979] (mobile_robot) StdoutLine: {'line': b'-- Up-to-date symlink: /home/hornet/Desktop/pathfollowingbot/install/mobile_robot/share/mobile_robot/model/.venv/lib/python3.12/site-packages/pip/_internal/metadata/base.py\n'}
[0.189069] (mobile_robot) StdoutLine: {'line': b'-- Up-to-date symlink: /home/hornet/Desktop/pathfollowingbot/install/mobile_robot/share/mobile_robot/model/.venv/lib/python3.12/site-packages/pip/_internal/metadata/importlib/__init__.py\n'}
[0.189158] (mobile_robot) StdoutLine: {'line': b'-- Up-to-date symlink: /home/hornet/Desktop/pathfollowingbot/install/mobile_robot/share/mobile_robot/model/.venv/lib/python3.12/site-packages/pip/_internal/metadata/importlib/__pycache__/__init__.cpython-312.pyc\n'}
[0.189241] (mobile_robot) StdoutLine: {'line': b'-- Up-to-date symlink: /home/hornet/Desktop/pathfollowingbot/install/mobile_robot/share/mobile_robot/model/.venv/lib/python3.12/site-packages/pip/_internal/metadata/importlib/__pycache__/_compat.cpython-312.pyc\n'}
[0.189330] (mobile_robot) StdoutLine: {'line': b'-- Up-to-date symlink: /home/hornet/Desktop/pathfollowingbot/install/mobile_robot/share/mobile_robot/model/.venv/lib/python3.12/site-packages/pip/_internal/metadata/importlib/__pycache__/_dists.cpython-312.pyc\n'}
[0.189419] (mobile_robot) StdoutLine: {'line': b'-- Up-to-date symlink: /home/hornet/Desktop/pathfollowingbot/install/mobile_robot/share/mobile_robot/model/.venv/lib/python3.12/site-packages/pip/_internal/metadata/importlib/__pycache__/_envs.cpython-312.pyc\n'}
[0.189499] (mobile_robot) StdoutLine: {'line': b'-- Up-to-date symlink: /home/hornet/Desktop/pathfollowingbot/install/mobile_robot/share/mobile_robot/model/.venv/lib/python3.12/site-packages/pip/_internal/metadata/importlib/_compat.py\n'}
[0.189589] (mobile_robot) StdoutLine: {'line': b'-- Up-to-date symlink: /home/hornet/Desktop/pathfollowingbot/install/mobile_robot/share/mobile_robot/model/.venv/lib/python3.12/site-packages/pip/_internal/metadata/importlib/_dists.py\n'}
[0.189683] (mobile_robot) StdoutLine: {'line': b'-- Up-to-date symlink: /home/hornet/Desktop/pathfollowingbot/install/mobile_robot/share/mobile_robot/model/.venv/lib/python3.12/site-packages/pip/_internal/metadata/importlib/_envs.py\n'}
[0.189780] (mobile_robot) StdoutLine: {'line': b'-- Up-to-date symlink: /home/hornet/Desktop/pathfollowingbot/install/mobile_robot/share/mobile_robot/model/.venv/lib/python3.12/site-packages/pip/_internal/metadata/pkg_resources.py\n'}
[0.189863] (mobile_robot) StdoutLine: {'line': b'-- Up-to-date symlink: /home/hornet/Desktop/pathfollowingbot/install/mobile_robot/share/mobile_robot/model/.venv/lib/python3.12/site-packages/pip/_internal/models/__init__.py\n'}
[0.189954] (mobile_robot) StdoutLine: {'line': b'-- Up-to-date symlink: /home/hornet/Desktop/pathfollowingbot/install/mobile_robot/share/mobile_robot/model/.venv/lib/python3.12/site-packages/pip/_internal/models/__pycache__/__init__.cpython-312.pyc\n'}
[0.190050] (mobile_robot) StdoutLine: {'line': b'-- Up-to-date symlink: /home/hornet/Desktop/pathfollowingbot/install/mobile_robot/share/mobile_robot/model/.venv/lib/python3.12/site-packages/pip/_internal/models/__pycache__/candidate.cpython-312.pyc\n'}
[0.190143] (mobile_robot) StdoutLine: {'line': b'-- Up-to-date symlink: /home/hornet/Desktop/pathfollowingbot/install/mobile_robot/share/mobile_robot/model/.venv/lib/python3.12/site-packages/pip/_internal/models/__pycache__/direct_url.cpython-312.pyc\n'}
[0.190228] (mobile_robot) StdoutLine: {'line': b'-- Up-to-date symlink: /home/hornet/Desktop/pathfollowingbot/install/mobile_robot/share/mobile_robot/model/.venv/lib/python3.12/site-packages/pip/_internal/models/__pycache__/format_control.cpython-312.pyc\n'}
[0.190326] (mobile_robot) StdoutLine: {'line': b'-- Up-to-date symlink: /home/hornet/Desktop/pathfollowingbot/install/mobile_robot/share/mobile_robot/model/.venv/lib/python3.12/site-packages/pip/_internal/models/__pycache__/index.cpython-312.pyc\n'}
[0.190418] (mobile_robot) StdoutLine: {'line': b'-- Up-to-date symlink: /home/hornet/Desktop/pathfollowingbot/install/mobile_robot/share/mobile_robot/model/.venv/lib/python3.12/site-packages/pip/_internal/models/__pycache__/installation_report.cpython-312.pyc\n'}
[0.190502] (mobile_robot) StdoutLine: {'line': b'-- Up-to-date symlink: /home/hornet/Desktop/pathfollowingbot/install/mobile_robot/share/mobile_robot/model/.venv/lib/python3.12/site-packages/pip/_internal/models/__pycache__/link.cpython-312.pyc\n'}
[0.190592] (mobile_robot) StdoutLine: {'line': b'-- Up-to-date symlink: /home/hornet/Desktop/pathfollowingbot/install/mobile_robot/share/mobile_robot/model/.venv/lib/python3.12/site-packages/pip/_internal/models/__pycache__/pylock.cpython-312.pyc\n'}
[0.190688] (mobile_robot) StdoutLine: {'line': b'-- Up-to-date symlink: /home/hornet/Desktop/pathfollowingbot/install/mobile_robot/share/mobile_robot/model/.venv/lib/python3.12/site-packages/pip/_internal/models/__pycache__/scheme.cpython-312.pyc\n'}
[0.190771] (mobile_robot) StdoutLine: {'line': b'-- Up-to-date symlink: /home/hornet/Desktop/pathfollowingbot/install/mobile_robot/share/mobile_robot/model/.venv/lib/python3.12/site-packages/pip/_internal/models/__pycache__/search_scope.cpython-312.pyc\n'}
[0.190861] (mobile_robot) StdoutLine: {'line': b'-- Up-to-date symlink: /home/hornet/Desktop/pathfollowingbot/install/mobile_robot/share/mobile_robot/model/.venv/lib/python3.12/site-packages/pip/_internal/models/__pycache__/selection_prefs.cpython-312.pyc\n'}
[0.190949] (mobile_robot) StdoutLine: {'line': b'-- Up-to-date symlink: /home/hornet/Desktop/pathfollowingbot/install/mobile_robot/share/mobile_robot/model/.venv/lib/python3.12/site-packages/pip/_internal/models/__pycache__/target_python.cpython-312.pyc\n'}
[0.191030] (mobile_robot) StdoutLine: {'line': b'-- Up-to-date symlink: /home/hornet/Desktop/pathfollowingbot/install/mobile_robot/share/mobile_robot/model/.venv/lib/python3.12/site-packages/pip/_internal/models/__pycache__/wheel.cpython-312.pyc\n'}
[0.191117] (mobile_robot) StdoutLine: {'line': b'-- Up-to-date symlink: /home/hornet/Desktop/pathfollowingbot/install/mobile_robot/share/mobile_robot/model/.venv/lib/python3.12/site-packages/pip/_internal/models/candidate.py\n'}
[0.191203] (mobile_robot) StdoutLine: {'line': b'-- Up-to-date symlink: /home/hornet/Desktop/pathfollowingbot/install/mobile_robot/share/mobile_robot/model/.venv/lib/python3.12/site-packages/pip/_internal/models/direct_url.py\n'}
[0.191292] (mobile_robot) StdoutLine: {'line': b'-- Up-to-date symlink: /home/hornet/Desktop/pathfollowingbot/install/mobile_robot/share/mobile_robot/model/.venv/lib/python3.12/site-packages/pip/_internal/models/format_control.py\n'}
[0.191371] (mobile_robot) StdoutLine: {'line': b'-- Up-to-date symlink: /home/hornet/Desktop/pathfollowingbot/install/mobile_robot/share/mobile_robot/model/.venv/lib/python3.12/site-packages/pip/_internal/models/index.py\n'}
[0.191461] (mobile_robot) StdoutLine: {'line': b'-- Up-to-date symlink: /home/hornet/Desktop/pathfollowingbot/install/mobile_robot/share/mobile_robot/model/.venv/lib/python3.12/site-packages/pip/_internal/models/installation_report.py\n'}
[0.191548] (mobile_robot) StdoutLine: {'line': b'-- Up-to-date symlink: /home/hornet/Desktop/pathfollowingbot/install/mobile_robot/share/mobile_robot/model/.venv/lib/python3.12/site-packages/pip/_internal/models/link.py\n'}
[0.191629] (mobile_robot) StdoutLine: {'line': b'-- Up-to-date symlink: /home/hornet/Desktop/pathfollowingbot/install/mobile_robot/share/mobile_robot/model/.venv/lib/python3.12/site-packages/pip/_internal/models/pylock.py\n'}
[0.191724] (mobile_robot) StdoutLine: {'line': b'-- Up-to-date symlink: /home/hornet/Desktop/pathfollowingbot/install/mobile_robot/share/mobile_robot/model/.venv/lib/python3.12/site-packages/pip/_internal/models/scheme.py\n'}
[0.191812] (mobile_robot) StdoutLine: {'line': b'-- Up-to-date symlink: /home/hornet/Desktop/pathfollowingbot/install/mobile_robot/share/mobile_robot/model/.venv/lib/python3.12/site-packages/pip/_internal/models/search_scope.py\n'}
[0.191894] (mobile_robot) StdoutLine: {'line': b'-- Up-to-date symlink: /home/hornet/Desktop/pathfollowingbot/install/mobile_robot/share/mobile_robot/model/.venv/lib/python3.12/site-packages/pip/_internal/models/selection_prefs.py\n'}
[0.191987] (mobile_robot) StdoutLine: {'line': b'-- Up-to-date symlink: /home/hornet/Desktop/pathfollowingbot/install/mobile_robot/share/mobile_robot/model/.venv/lib/python3.12/site-packages/pip/_internal/models/target_python.py\n'}
[0.192075] (mobile_robot) StdoutLine: {'line': b'-- Up-to-date symlink: /home/hornet/Desktop/pathfollowingbot/install/mobile_robot/share/mobile_robot/model/.venv/lib/python3.12/site-packages/pip/_internal/models/wheel.py\n'}
[0.192157] (mobile_robot) StdoutLine: {'line': b'-- Up-to-date symlink: /home/hornet/Desktop/pathfollowingbot/install/mobile_robot/share/mobile_robot/model/.venv/lib/python3.12/site-packages/pip/_internal/network/__init__.py\n'}
[0.192247] (mobile_robot) StdoutLine: {'line': b'-- Up-to-date symlink: /home/hornet/Desktop/pathfollowingbot/install/mobile_robot/share/mobile_robot/model/.venv/lib/python3.12/site-packages/pip/_internal/network/__pycache__/__init__.cpython-312.pyc\n'}
[0.192336] (mobile_robot) StdoutLine: {'line': b'-- Up-to-date symlink: /home/hornet/Desktop/pathfollowingbot/install/mobile_robot/share/mobile_robot/model/.venv/lib/python3.12/site-packages/pip/_internal/network/__pycache__/auth.cpython-312.pyc\n'}
[0.192417] (mobile_robot) StdoutLine: {'line': b'-- Up-to-date symlink: /home/hornet/Desktop/pathfollowingbot/install/mobile_robot/share/mobile_robot/model/.venv/lib/python3.12/site-packages/pip/_internal/network/__pycache__/cache.cpython-312.pyc\n'}
[0.192499] (mobile_robot) StdoutLine: {'line': b'-- Up-to-date symlink: /home/hornet/Desktop/pathfollowingbot/install/mobile_robot/share/mobile_robot/model/.venv/lib/python3.12/site-packages/pip/_internal/network/__pycache__/download.cpython-312.pyc\n'}
[0.192581] (mobile_robot) StdoutLine: {'line': b'-- Up-to-date symlink: /home/hornet/Desktop/pathfollowingbot/install/mobile_robot/share/mobile_robot/model/.venv/lib/python3.12/site-packages/pip/_internal/network/__pycache__/lazy_wheel.cpython-312.pyc\n'}
[0.192674] (mobile_robot) StdoutLine: {'line': b'-- Up-to-date symlink: /home/hornet/Desktop/pathfollowingbot/install/mobile_robot/share/mobile_robot/model/.venv/lib/python3.12/site-packages/pip/_internal/network/__pycache__/session.cpython-312.pyc\n'}
[0.192764] (mobile_robot) StdoutLine: {'line': b'-- Up-to-date symlink: /home/hornet/Desktop/pathfollowingbot/install/mobile_robot/share/mobile_robot/model/.venv/lib/python3.12/site-packages/pip/_internal/network/__pycache__/utils.cpython-312.pyc\n'}
[0.192846] (mobile_robot) StdoutLine: {'line': b'-- Up-to-date symlink: /home/hornet/Desktop/pathfollowingbot/install/mobile_robot/share/mobile_robot/model/.venv/lib/python3.12/site-packages/pip/_internal/network/__pycache__/xmlrpc.cpython-312.pyc\n'}
[0.192929] (mobile_robot) StdoutLine: {'line': b'-- Up-to-date symlink: /home/hornet/Desktop/pathfollowingbot/install/mobile_robot/share/mobile_robot/model/.venv/lib/python3.12/site-packages/pip/_internal/network/auth.py\n'}
[0.193011] (mobile_robot) StdoutLine: {'line': b'-- Up-to-date symlink: /home/hornet/Desktop/pathfollowingbot/install/mobile_robot/share/mobile_robot/model/.venv/lib/python3.12/site-packages/pip/_internal/network/cache.py\n'}
[0.193099] (mobile_robot) StdoutLine: {'line': b'-- Up-to-date symlink: /home/hornet/Desktop/pathfollowingbot/install/mobile_robot/share/mobile_robot/model/.venv/lib/python3.12/site-packages/pip/_internal/network/download.py\n'}
[0.193187] (mobile_robot) StdoutLine: {'line': b'-- Up-to-date symlink: /home/hornet/Desktop/pathfollowingbot/install/mobile_robot/share/mobile_robot/model/.venv/lib/python3.12/site-packages/pip/_internal/network/lazy_wheel.py\n'}
[0.193264] (mobile_robot) StdoutLine: {'line': b'-- Up-to-date symlink: /home/hornet/Desktop/pathfollowingbot/install/mobile_robot/share/mobile_robot/model/.venv/lib/python3.12/site-packages/pip/_internal/network/session.py\n'}
[0.193353] (mobile_robot) StdoutLine: {'line': b'-- Up-to-date symlink: /home/hornet/Desktop/pathfollowingbot/install/mobile_robot/share/mobile_robot/model/.venv/lib/python3.12/site-packages/pip/_internal/network/utils.py\n'}
[0.193435] (mobile_robot) StdoutLine: {'line': b'-- Up-to-date symlink: /home/hornet/Desktop/pathfollowingbot/install/mobile_robot/share/mobile_robot/model/.venv/lib/python3.12/site-packages/pip/_internal/network/xmlrpc.py\n'}
[0.193522] (mobile_robot) StdoutLine: {'line': b'-- Up-to-date symlink: /home/hornet/Desktop/pathfollowingbot/install/mobile_robot/share/mobile_robot/model/.venv/lib/python3.12/site-packages/pip/_internal/operations/__init__.py\n'}
[0.193604] (mobile_robot) StdoutLine: {'line': b'-- Up-to-date symlink: /home/hornet/Desktop/pathfollowingbot/install/mobile_robot/share/mobile_robot/model/.venv/lib/python3.12/site-packages/pip/_internal/operations/__pycache__/__init__.cpython-312.pyc\n'}
[0.193697] (mobile_robot) StdoutLine: {'line': b'-- Up-to-date symlink: /home/hornet/Desktop/pathfollowingbot/install/mobile_robot/share/mobile_robot/model/.venv/lib/python3.12/site-packages/pip/_internal/operations/__pycache__/check.cpython-312.pyc\n'}
[0.193780] (mobile_robot) StdoutLine: {'line': b'-- Up-to-date symlink: /home/hornet/Desktop/pathfollowingbot/install/mobile_robot/share/mobile_robot/model/.venv/lib/python3.12/site-packages/pip/_internal/operations/__pycache__/freeze.cpython-312.pyc\n'}
[0.193868] (mobile_robot) StdoutLine: {'line': b'-- Up-to-date symlink: /home/hornet/Desktop/pathfollowingbot/install/mobile_robot/share/mobile_robot/model/.venv/lib/python3.12/site-packages/pip/_internal/operations/__pycache__/prepare.cpython-312.pyc\n'}
[0.193950] (mobile_robot) StdoutLine: {'line': b'-- Up-to-date symlink: /home/hornet/Desktop/pathfollowingbot/install/mobile_robot/share/mobile_robot/model/.venv/lib/python3.12/site-packages/pip/_internal/operations/build/__init__.py\n'}
[0.194037] (mobile_robot) StdoutLine: {'line': b'-- Up-to-date symlink: /home/hornet/Desktop/pathfollowingbot/install/mobile_robot/share/mobile_robot/model/.venv/lib/python3.12/site-packages/pip/_internal/operations/build/__pycache__/__init__.cpython-312.pyc\n'}
[0.194124] (mobile_robot) StdoutLine: {'line': b'-- Up-to-date symlink: /home/hornet/Desktop/pathfollowingbot/install/mobile_robot/share/mobile_robot/model/.venv/lib/python3.12/site-packages/pip/_internal/operations/build/__pycache__/build_tracker.cpython-312.pyc\n'}
[0.194214] (mobile_robot) StdoutLine: {'line': b'-- Up-to-date symlink: /home/hornet/Desktop/pathfollowingbot/install/mobile_robot/share/mobile_robot/model/.venv/lib/python3.12/site-packages/pip/_internal/operations/build/__pycache__/metadata.cpython-312.pyc\n'}
[0.194295] (mobile_robot) StdoutLine: {'line': b'-- Up-to-date symlink: /home/hornet/Desktop/pathfollowingbot/install/mobile_robot/share/mobile_robot/model/.venv/lib/python3.12/site-packages/pip/_internal/operations/build/__pycache__/metadata_editable.cpython-312.pyc\n'}
[0.194384] (mobile_robot) StdoutLine: {'line': b'-- Up-to-date symlink: /home/hornet/Desktop/pathfollowingbot/install/mobile_robot/share/mobile_robot/model/.venv/lib/python3.12/site-packages/pip/_internal/operations/build/__pycache__/wheel.cpython-312.pyc\n'}
[0.194466] (mobile_robot) StdoutLine: {'line': b'-- Up-to-date symlink: /home/hornet/Desktop/pathfollowingbot/install/mobile_robot/share/mobile_robot/model/.venv/lib/python3.12/site-packages/pip/_internal/operations/build/__pycache__/wheel_editable.cpython-312.pyc\n'}
[0.194556] (mobile_robot) StdoutLine: {'line': b'-- Up-to-date symlink: /home/hornet/Desktop/pathfollowingbot/install/mobile_robot/share/mobile_robot/model/.venv/lib/python3.12/site-packages/pip/_internal/operations/build/build_tracker.py\n'}
[0.194638] (mobile_robot) StdoutLine: {'line': b'-- Up-to-date symlink: /home/hornet/Desktop/pathfollowingbot/install/mobile_robot/share/mobile_robot/model/.venv/lib/python3.12/site-packages/pip/_internal/operations/build/metadata.py\n'}
[0.194732] (mobile_robot) StdoutLine: {'line': b'-- Up-to-date symlink: /home/hornet/Desktop/pathfollowingbot/install/mobile_robot/share/mobile_robot/model/.venv/lib/python3.12/site-packages/pip/_internal/operations/build/metadata_editable.py\n'}
[0.194821] (mobile_robot) StdoutLine: {'line': b'-- Up-to-date symlink: /home/hornet/Desktop/pathfollowingbot/install/mobile_robot/share/mobile_robot/model/.venv/lib/python3.12/site-packages/pip/_internal/operations/build/wheel.py\n'}
[0.194905] (mobile_robot) StdoutLine: {'line': b'-- Up-to-date symlink: /home/hornet/Desktop/pathfollowingbot/install/mobile_robot/share/mobile_robot/model/.venv/lib/python3.12/site-packages/pip/_internal/operations/build/wheel_editable.py\n'}
[0.194995] (mobile_robot) StdoutLine: {'line': b'-- Up-to-date symlink: /home/hornet/Desktop/pathfollowingbot/install/mobile_robot/share/mobile_robot/model/.venv/lib/python3.12/site-packages/pip/_internal/operations/check.py\n'}
[0.195083] (mobile_robot) StdoutLine: {'line': b'-- Up-to-date symlink: /home/hornet/Desktop/pathfollowingbot/install/mobile_robot/share/mobile_robot/model/.venv/lib/python3.12/site-packages/pip/_internal/operations/freeze.py\n'}
[0.195158] (mobile_robot) StdoutLine: {'line': b'-- Up-to-date symlink: /home/hornet/Desktop/pathfollowingbot/install/mobile_robot/share/mobile_robot/model/.venv/lib/python3.12/site-packages/pip/_internal/operations/install/__init__.py\n'}
[0.195247] (mobile_robot) StdoutLine: {'line': b'-- Up-to-date symlink: /home/hornet/Desktop/pathfollowingbot/install/mobile_robot/share/mobile_robot/model/.venv/lib/python3.12/site-packages/pip/_internal/operations/install/__pycache__/__init__.cpython-312.pyc\n'}
[0.195331] (mobile_robot) StdoutLine: {'line': b'-- Up-to-date symlink: /home/hornet/Desktop/pathfollowingbot/install/mobile_robot/share/mobile_robot/model/.venv/lib/python3.12/site-packages/pip/_internal/operations/install/__pycache__/wheel.cpython-312.pyc\n'}
[0.195420] (mobile_robot) StdoutLine: {'line': b'-- Up-to-date symlink: /home/hornet/Desktop/pathfollowingbot/install/mobile_robot/share/mobile_robot/model/.venv/lib/python3.12/site-packages/pip/_internal/operations/install/wheel.py\n'}
[0.195510] (mobile_robot) StdoutLine: {'line': b'-- Up-to-date symlink: /home/hornet/Desktop/pathfollowingbot/install/mobile_robot/share/mobile_robot/model/.venv/lib/python3.12/site-packages/pip/_internal/operations/prepare.py\n'}
[0.195608] (mobile_robot) StdoutLine: {'line': b'-- Up-to-date symlink: /home/hornet/Desktop/pathfollowingbot/install/mobile_robot/share/mobile_robot/model/.venv/lib/python3.12/site-packages/pip/_internal/pyproject.py\n'}
[0.195693] (mobile_robot) StdoutLine: {'line': b'-- Up-to-date symlink: /home/hornet/Desktop/pathfollowingbot/install/mobile_robot/share/mobile_robot/model/.venv/lib/python3.12/site-packages/pip/_internal/req/__init__.py\n'}
[0.195782] (mobile_robot) StdoutLine: {'line': b'-- Up-to-date symlink: /home/hornet/Desktop/pathfollowingbot/install/mobile_robot/share/mobile_robot/model/.venv/lib/python3.12/site-packages/pip/_internal/req/__pycache__/__init__.cpython-312.pyc\n'}
[0.195864] (mobile_robot) StdoutLine: {'line': b'-- Up-to-date symlink: /home/hornet/Desktop/pathfollowingbot/install/mobile_robot/share/mobile_robot/model/.venv/lib/python3.12/site-packages/pip/_internal/req/__pycache__/constructors.cpython-312.pyc\n'}
[0.195952] (mobile_robot) StdoutLine: {'line': b'-- Up-to-date symlink: /home/hornet/Desktop/pathfollowingbot/install/mobile_robot/share/mobile_robot/model/.venv/lib/python3.12/site-packages/pip/_internal/req/__pycache__/req_dependency_group.cpython-312.pyc\n'}
[0.196040] (mobile_robot) StdoutLine: {'line': b'-- Up-to-date symlink: /home/hornet/Desktop/pathfollowingbot/install/mobile_robot/share/mobile_robot/model/.venv/lib/python3.12/site-packages/pip/_internal/req/__pycache__/req_file.cpython-312.pyc\n'}
[0.196122] (mobile_robot) StdoutLine: {'line': b'-- Up-to-date symlink: /home/hornet/Desktop/pathfollowingbot/install/mobile_robot/share/mobile_robot/model/.venv/lib/python3.12/site-packages/pip/_internal/req/__pycache__/req_install.cpython-312.pyc\n'}
[0.196211] (mobile_robot) StdoutLine: {'line': b'-- Up-to-date symlink: /home/hornet/Desktop/pathfollowingbot/install/mobile_robot/share/mobile_robot/model/.venv/lib/python3.12/site-packages/pip/_internal/req/__pycache__/req_set.cpython-312.pyc\n'}
[0.196297] (mobile_robot) StdoutLine: {'line': b'-- Up-to-date symlink: /home/hornet/Desktop/pathfollowingbot/install/mobile_robot/share/mobile_robot/model/.venv/lib/python3.12/site-packages/pip/_internal/req/__pycache__/req_uninstall.cpython-312.pyc\n'}
[0.196384] (mobile_robot) StdoutLine: {'line': b'-- Up-to-date symlink: /home/hornet/Desktop/pathfollowingbot/install/mobile_robot/share/mobile_robot/model/.venv/lib/python3.12/site-packages/pip/_internal/req/constructors.py\n'}
[0.196466] (mobile_robot) StdoutLine: {'line': b'-- Up-to-date symlink: /home/hornet/Desktop/pathfollowingbot/install/mobile_robot/share/mobile_robot/model/.venv/lib/python3.12/site-packages/pip/_internal/req/req_dependency_group.py\n'}
[0.196548] (mobile_robot) StdoutLine: {'line': b'-- Up-to-date symlink: /home/hornet/Desktop/pathfollowingbot/install/mobile_robot/share/mobile_robot/model/.venv/lib/python3.12/site-packages/pip/_internal/req/req_file.py\n'}
[0.196635] (mobile_robot) StdoutLine: {'line': b'-- Up-to-date symlink: /home/hornet/Desktop/pathfollowingbot/install/mobile_robot/share/mobile_robot/model/.venv/lib/python3.12/site-packages/pip/_internal/req/req_install.py\n'}
[0.196721] (mobile_robot) StdoutLine: {'line': b'-- Up-to-date symlink: /home/hornet/Desktop/pathfollowingbot/install/mobile_robot/share/mobile_robot/model/.venv/lib/python3.12/site-packages/pip/_internal/req/req_set.py\n'}
[0.196847] (mobile_robot) StdoutLine: {'line': b'-- Up-to-date symlink: /home/hornet/Desktop/pathfollowingbot/install/mobile_robot/share/mobile_robot/model/.venv/lib/python3.12/site-packages/pip/_internal/req/req_uninstall.py\n'}
[0.196884] (mobile_robot) StdoutLine: {'line': b'-- Up-to-date symlink: /home/hornet/Desktop/pathfollowingbot/install/mobile_robot/share/mobile_robot/model/.venv/lib/python3.12/site-packages/pip/_internal/resolution/__init__.py\n'}
[0.196928] (mobile_robot) StdoutLine: {'line': b'-- Up-to-date symlink: /home/hornet/Desktop/pathfollowingbot/install/mobile_robot/share/mobile_robot/model/.venv/lib/python3.12/site-packages/pip/_internal/resolution/__pycache__/__init__.cpython-312.pyc\n'}
[0.196967] (mobile_robot) StdoutLine: {'line': b'-- Up-to-date symlink: /home/hornet/Desktop/pathfollowingbot/install/mobile_robot/share/mobile_robot/model/.venv/lib/python3.12/site-packages/pip/_internal/resolution/__pycache__/base.cpython-312.pyc\n'}
[0.197000] (mobile_robot) StdoutLine: {'line': b'-- Up-to-date symlink: /home/hornet/Desktop/pathfollowingbot/install/mobile_robot/share/mobile_robot/model/.venv/lib/python3.12/site-packages/pip/_internal/resolution/base.py\n'}
[0.197034] (mobile_robot) StdoutLine: {'line': b'-- Up-to-date symlink: /home/hornet/Desktop/pathfollowingbot/install/mobile_robot/share/mobile_robot/model/.venv/lib/python3.12/site-packages/pip/_internal/resolution/legacy/__init__.py\n'}
[0.197066] (mobile_robot) StdoutLine: {'line': b'-- Up-to-date symlink: /home/hornet/Desktop/pathfollowingbot/install/mobile_robot/share/mobile_robot/model/.venv/lib/python3.12/site-packages/pip/_internal/resolution/legacy/__pycache__/__init__.cpython-312.pyc\n'}
[0.197112] (mobile_robot) StdoutLine: {'line': b'-- Up-to-date symlink: /home/hornet/Desktop/pathfollowingbot/install/mobile_robot/share/mobile_robot/model/.venv/lib/python3.12/site-packages/pip/_internal/resolution/legacy/__pycache__/resolver.cpython-312.pyc\n'}
[0.197154] (mobile_robot) StdoutLine: {'line': b'-- Up-to-date symlink: /home/hornet/Desktop/pathfollowingbot/install/mobile_robot/share/mobile_robot/model/.venv/lib/python3.12/site-packages/pip/_internal/resolution/legacy/resolver.py\n'}
[0.197190] (mobile_robot) StdoutLine: {'line': b'-- Up-to-date symlink: /home/hornet/Desktop/pathfollowingbot/install/mobile_robot/share/mobile_robot/model/.venv/lib/python3.12/site-packages/pip/_internal/resolution/resolvelib/__init__.py\n'}
[0.197224] (mobile_robot) StdoutLine: {'line': b'-- Up-to-date symlink: /home/hornet/Desktop/pathfollowingbot/install/mobile_robot/share/mobile_robot/model/.venv/lib/python3.12/site-packages/pip/_internal/resolution/resolvelib/__pycache__/__init__.cpython-312.pyc\n'}
[0.197260] (mobile_robot) StdoutLine: {'line': b'-- Up-to-date symlink: /home/hornet/Desktop/pathfollowingbot/install/mobile_robot/share/mobile_robot/model/.venv/lib/python3.12/site-packages/pip/_internal/resolution/resolvelib/__pycache__/base.cpython-312.pyc\n'}
[0.197295] (mobile_robot) StdoutLine: {'line': b'-- Up-to-date symlink: /home/hornet/Desktop/pathfollowingbot/install/mobile_robot/share/mobile_robot/model/.venv/lib/python3.12/site-packages/pip/_internal/resolution/resolvelib/__pycache__/candidates.cpython-312.pyc\n'}
[0.197332] (mobile_robot) StdoutLine: {'line': b'-- Up-to-date symlink: /home/hornet/Desktop/pathfollowingbot/install/mobile_robot/share/mobile_robot/model/.venv/lib/python3.12/site-packages/pip/_internal/resolution/resolvelib/__pycache__/factory.cpython-312.pyc\n'}
[0.197367] (mobile_robot) StdoutLine: {'line': b'-- Up-to-date symlink: /home/hornet/Desktop/pathfollowingbot/install/mobile_robot/share/mobile_robot/model/.venv/lib/python3.12/site-packages/pip/_internal/resolution/resolvelib/__pycache__/found_candidates.cpython-312.pyc\n'}
[0.197402] (mobile_robot) StdoutLine: {'line': b'-- Up-to-date symlink: /home/hornet/Desktop/pathfollowingbot/install/mobile_robot/share/mobile_robot/model/.venv/lib/python3.12/site-packages/pip/_internal/resolution/resolvelib/__pycache__/provider.cpython-312.pyc\n'}
[0.197437] (mobile_robot) StdoutLine: {'line': b'-- Up-to-date symlink: /home/hornet/Desktop/pathfollowingbot/install/mobile_robot/share/mobile_robot/model/.venv/lib/python3.12/site-packages/pip/_internal/resolution/resolvelib/__pycache__/reporter.cpython-312.pyc\n'}
[0.197471] (mobile_robot) StdoutLine: {'line': b'-- Up-to-date symlink: /home/hornet/Desktop/pathfollowingbot/install/mobile_robot/share/mobile_robot/model/.venv/lib/python3.12/site-packages/pip/_internal/resolution/resolvelib/__pycache__/requirements.cpython-312.pyc\n'}
[0.197505] (mobile_robot) StdoutLine: {'line': b'-- Up-to-date symlink: /home/hornet/Desktop/pathfollowingbot/install/mobile_robot/share/mobile_robot/model/.venv/lib/python3.12/site-packages/pip/_internal/resolution/resolvelib/__pycache__/resolver.cpython-312.pyc\n'}
[0.197555] (mobile_robot) StdoutLine: {'line': b'-- Up-to-date symlink: /home/hornet/Desktop/pathfollowingbot/install/mobile_robot/share/mobile_robot/model/.venv/lib/python3.12/site-packages/pip/_internal/resolution/resolvelib/base.py\n'}
[0.197591] (mobile_robot) StdoutLine: {'line': b'-- Up-to-date symlink: /home/hornet/Desktop/pathfollowingbot/install/mobile_robot/share/mobile_robot/model/.venv/lib/python3.12/site-packages/pip/_internal/resolution/resolvelib/candidates.py\n'}
[0.197629] (mobile_robot) StdoutLine: {'line': b'-- Up-to-date symlink: /home/hornet/Desktop/pathfollowingbot/install/mobile_robot/share/mobile_robot/model/.venv/lib/python3.12/site-packages/pip/_internal/resolution/resolvelib/factory.py\n'}
[0.197681] (mobile_robot) StdoutLine: {'line': b'-- Up-to-date symlink: /home/hornet/Desktop/pathfollowingbot/install/mobile_robot/share/mobile_robot/model/.venv/lib/python3.12/site-packages/pip/_internal/resolution/resolvelib/found_candidates.py\n'}
[0.197717] (mobile_robot) StdoutLine: {'line': b'-- Up-to-date symlink: /home/hornet/Desktop/pathfollowingbot/install/mobile_robot/share/mobile_robot/model/.venv/lib/python3.12/site-packages/pip/_internal/resolution/resolvelib/provider.py\n'}
[0.197756] (mobile_robot) StdoutLine: {'line': b'-- Up-to-date symlink: /home/hornet/Desktop/pathfollowingbot/install/mobile_robot/share/mobile_robot/model/.venv/lib/python3.12/site-packages/pip/_internal/resolution/resolvelib/reporter.py\n'}
[0.197793] (mobile_robot) StdoutLine: {'line': b'-- Up-to-date symlink: /home/hornet/Desktop/pathfollowingbot/install/mobile_robot/share/mobile_robot/model/.venv/lib/python3.12/site-packages/pip/_internal/resolution/resolvelib/requirements.py\n'}
[0.197835] (mobile_robot) StdoutLine: {'line': b'-- Up-to-date symlink: /home/hornet/Desktop/pathfollowingbot/install/mobile_robot/share/mobile_robot/model/.venv/lib/python3.12/site-packages/pip/_internal/resolution/resolvelib/resolver.py\n'}
[0.197873] (mobile_robot) StdoutLine: {'line': b'-- Up-to-date symlink: /home/hornet/Desktop/pathfollowingbot/install/mobile_robot/share/mobile_robot/model/.venv/lib/python3.12/site-packages/pip/_internal/self_outdated_check.py\n'}
[0.197905] (mobile_robot) StdoutLine: {'line': b'-- Up-to-date symlink: /home/hornet/Desktop/pathfollowingbot/install/mobile_robot/share/mobile_robot/model/.venv/lib/python3.12/site-packages/pip/_internal/utils/__init__.py\n'}
[0.197948] (mobile_robot) StdoutLine: {'line': b'-- Up-to-date symlink: /home/hornet/Desktop/pathfollowingbot/install/mobile_robot/share/mobile_robot/model/.venv/lib/python3.12/site-packages/pip/_internal/utils/__pycache__/__init__.cpython-312.pyc\n'}
[0.197984] (mobile_robot) StdoutLine: {'line': b'-- Up-to-date symlink: /home/hornet/Desktop/pathfollowingbot/install/mobile_robot/share/mobile_robot/model/.venv/lib/python3.12/site-packages/pip/_internal/utils/__pycache__/_jaraco_text.cpython-312.pyc\n'}
[0.198020] (mobile_robot) StdoutLine: {'line': b'-- Up-to-date symlink: /home/hornet/Desktop/pathfollowingbot/install/mobile_robot/share/mobile_robot/model/.venv/lib/python3.12/site-packages/pip/_internal/utils/__pycache__/_log.cpython-312.pyc\n'}
[0.198069] (mobile_robot) StdoutLine: {'line': b'-- Up-to-date symlink: /home/hornet/Desktop/pathfollowingbot/install/mobile_robot/share/mobile_robot/model/.venv/lib/python3.12/site-packages/pip/_internal/utils/__pycache__/appdirs.cpython-312.pyc\n'}
[0.198103] (mobile_robot) StdoutLine: {'line': b'-- Up-to-date symlink: /home/hornet/Desktop/pathfollowingbot/install/mobile_robot/share/mobile_robot/model/.venv/lib/python3.12/site-packages/pip/_internal/utils/__pycache__/compat.cpython-312.pyc\n'}
[0.198137] (mobile_robot) StdoutLine: {'line': b'-- Up-to-date symlink: /home/hornet/Desktop/pathfollowingbot/install/mobile_robot/share/mobile_robot/model/.venv/lib/python3.12/site-packages/pip/_internal/utils/__pycache__/compatibility_tags.cpython-312.pyc\n'}
[0.198177] (mobile_robot) StdoutLine: {'line': b'-- Up-to-date symlink: /home/hornet/Desktop/pathfollowingbot/install/mobile_robot/share/mobile_robot/model/.venv/lib/python3.12/site-packages/pip/_internal/utils/__pycache__/datetime.cpython-312.pyc\n'}
[0.198214] (mobile_robot) StdoutLine: {'line': b'-- Up-to-date symlink: /home/hornet/Desktop/pathfollowingbot/install/mobile_robot/share/mobile_robot/model/.venv/lib/python3.12/site-packages/pip/_internal/utils/__pycache__/deprecation.cpython-312.pyc\n'}
[0.198249] (mobile_robot) StdoutLine: {'line': b'-- Up-to-date symlink: /home/hornet/Desktop/pathfollowingbot/install/mobile_robot/share/mobile_robot/model/.venv/lib/python3.12/site-packages/pip/_internal/utils/__pycache__/direct_url_helpers.cpython-312.pyc\n'}
[0.198283] (mobile_robot) StdoutLine: {'line': b'-- Up-to-date symlink: /home/hornet/Desktop/pathfollowingbot/install/mobile_robot/share/mobile_robot/model/.venv/lib/python3.12/site-packages/pip/_internal/utils/__pycache__/egg_link.cpython-312.pyc\n'}
[0.198319] (mobile_robot) StdoutLine: {'line': b'-- Up-to-date symlink: /home/hornet/Desktop/pathfollowingbot/install/mobile_robot/share/mobile_robot/model/.venv/lib/python3.12/site-packages/pip/_internal/utils/__pycache__/entrypoints.cpython-312.pyc\n'}
[0.198369] (mobile_robot) StdoutLine: {'line': b'-- Up-to-date symlink: /home/hornet/Desktop/pathfollowingbot/install/mobile_robot/share/mobile_robot/model/.venv/lib/python3.12/site-packages/pip/_internal/utils/__pycache__/filesystem.cpython-312.pyc\n'}
[0.198404] (mobile_robot) StdoutLine: {'line': b'-- Up-to-date symlink: /home/hornet/Desktop/pathfollowingbot/install/mobile_robot/share/mobile_robot/model/.venv/lib/python3.12/site-packages/pip/_internal/utils/__pycache__/filetypes.cpython-312.pyc\n'}
[0.198441] (mobile_robot) StdoutLine: {'line': b'-- Up-to-date symlink: /home/hornet/Desktop/pathfollowingbot/install/mobile_robot/share/mobile_robot/model/.venv/lib/python3.12/site-packages/pip/_internal/utils/__pycache__/glibc.cpython-312.pyc\n'}
[0.198485] (mobile_robot) StdoutLine: {'line': b'-- Up-to-date symlink: /home/hornet/Desktop/pathfollowingbot/install/mobile_robot/share/mobile_robot/model/.venv/lib/python3.12/site-packages/pip/_internal/utils/__pycache__/hashes.cpython-312.pyc\n'}
[0.198524] (mobile_robot) StdoutLine: {'line': b'-- Up-to-date symlink: /home/hornet/Desktop/pathfollowingbot/install/mobile_robot/share/mobile_robot/model/.venv/lib/python3.12/site-packages/pip/_internal/utils/__pycache__/logging.cpython-312.pyc\n'}
[0.198562] (mobile_robot) StdoutLine: {'line': b'-- Up-to-date symlink: /home/hornet/Desktop/pathfollowingbot/install/mobile_robot/share/mobile_robot/model/.venv/lib/python3.12/site-packages/pip/_internal/utils/__pycache__/misc.cpython-312.pyc\n'}
[0.198608] (mobile_robot) StdoutLine: {'line': b'-- Up-to-date symlink: /home/hornet/Desktop/pathfollowingbot/install/mobile_robot/share/mobile_robot/model/.venv/lib/python3.12/site-packages/pip/_internal/utils/__pycache__/packaging.cpython-312.pyc\n'}
[0.198646] (mobile_robot) StdoutLine: {'line': b'-- Up-to-date symlink: /home/hornet/Desktop/pathfollowingbot/install/mobile_robot/share/mobile_robot/model/.venv/lib/python3.12/site-packages/pip/_internal/utils/__pycache__/retry.cpython-312.pyc\n'}
[0.198687] (mobile_robot) StdoutLine: {'line': b'-- Up-to-date symlink: /home/hornet/Desktop/pathfollowingbot/install/mobile_robot/share/mobile_robot/model/.venv/lib/python3.12/site-packages/pip/_internal/utils/__pycache__/subprocess.cpython-312.pyc\n'}
[0.198733] (mobile_robot) StdoutLine: {'line': b'-- Up-to-date symlink: /home/hornet/Desktop/pathfollowingbot/install/mobile_robot/share/mobile_robot/model/.venv/lib/python3.12/site-packages/pip/_internal/utils/__pycache__/temp_dir.cpython-312.pyc\n'}
[0.198769] (mobile_robot) StdoutLine: {'line': b'-- Up-to-date symlink: /home/hornet/Desktop/pathfollowingbot/install/mobile_robot/share/mobile_robot/model/.venv/lib/python3.12/site-packages/pip/_internal/utils/__pycache__/unpacking.cpython-312.pyc\n'}
[0.198804] (mobile_robot) StdoutLine: {'line': b'-- Up-to-date symlink: /home/hornet/Desktop/pathfollowingbot/install/mobile_robot/share/mobile_robot/model/.venv/lib/python3.12/site-packages/pip/_internal/utils/__pycache__/urls.cpython-312.pyc\n'}
[0.198846] (mobile_robot) StdoutLine: {'line': b'-- Up-to-date symlink: /home/hornet/Desktop/pathfollowingbot/install/mobile_robot/share/mobile_robot/model/.venv/lib/python3.12/site-packages/pip/_internal/utils/__pycache__/virtualenv.cpython-312.pyc\n'}
[0.198882] (mobile_robot) StdoutLine: {'line': b'-- Up-to-date symlink: /home/hornet/Desktop/pathfollowingbot/install/mobile_robot/share/mobile_robot/model/.venv/lib/python3.12/site-packages/pip/_internal/utils/__pycache__/wheel.cpython-312.pyc\n'}
[0.198916] (mobile_robot) StdoutLine: {'line': b'-- Up-to-date symlink: /home/hornet/Desktop/pathfollowingbot/install/mobile_robot/share/mobile_robot/model/.venv/lib/python3.12/site-packages/pip/_internal/utils/_jaraco_text.py\n'}
[0.198952] (mobile_robot) StdoutLine: {'line': b'-- Up-to-date symlink: /home/hornet/Desktop/pathfollowingbot/install/mobile_robot/share/mobile_robot/model/.venv/lib/python3.12/site-packages/pip/_internal/utils/_log.py\n'}
[0.198990] (mobile_robot) StdoutLine: {'line': b'-- Up-to-date symlink: /home/hornet/Desktop/pathfollowingbot/install/mobile_robot/share/mobile_robot/model/.venv/lib/python3.12/site-packages/pip/_internal/utils/appdirs.py\n'}
[0.199023] (mobile_robot) StdoutLine: {'line': b'-- Up-to-date symlink: /home/hornet/Desktop/pathfollowingbot/install/mobile_robot/share/mobile_robot/model/.venv/lib/python3.12/site-packages/pip/_internal/utils/compat.py\n'}
[0.199058] (mobile_robot) StdoutLine: {'line': b'-- Up-to-date symlink: /home/hornet/Desktop/pathfollowingbot/install/mobile_robot/share/mobile_robot/model/.venv/lib/python3.12/site-packages/pip/_internal/utils/compatibility_tags.py\n'}
[0.199091] (mobile_robot) StdoutLine: {'line': b'-- Up-to-date symlink: /home/hornet/Desktop/pathfollowingbot/install/mobile_robot/share/mobile_robot/model/.venv/lib/python3.12/site-packages/pip/_internal/utils/datetime.py\n'}
[0.199149] (mobile_robot) StdoutLine: {'line': b'-- Up-to-date symlink: /home/hornet/Desktop/pathfollowingbot/install/mobile_robot/share/mobile_robot/model/.venv/lib/python3.12/site-packages/pip/_internal/utils/deprecation.py\n'}
[0.199215] (mobile_robot) StdoutLine: {'line': b'-- Up-to-date symlink: /home/hornet/Desktop/pathfollowingbot/install/mobile_robot/share/mobile_robot/model/.venv/lib/python3.12/site-packages/pip/_internal/utils/direct_url_helpers.py\n'}
[0.199250] (mobile_robot) StdoutLine: {'line': b'-- Up-to-date symlink: /home/hornet/Desktop/pathfollowingbot/install/mobile_robot/share/mobile_robot/model/.venv/lib/python3.12/site-packages/pip/_internal/utils/egg_link.py\n'}
[0.199282] (mobile_robot) StdoutLine: {'line': b'-- Up-to-date symlink: /home/hornet/Desktop/pathfollowingbot/install/mobile_robot/share/mobile_robot/model/.venv/lib/python3.12/site-packages/pip/_internal/utils/entrypoints.py\n'}
[0.199316] (mobile_robot) StdoutLine: {'line': b'-- Up-to-date symlink: /home/hornet/Desktop/pathfollowingbot/install/mobile_robot/share/mobile_robot/model/.venv/lib/python3.12/site-packages/pip/_internal/utils/filesystem.py\n'}
[0.199370] (mobile_robot) StdoutLine: {'line': b'-- Up-to-date symlink: /home/hornet/Desktop/pathfollowingbot/install/mobile_robot/share/mobile_robot/model/.venv/lib/python3.12/site-packages/pip/_internal/utils/filetypes.py\n'}
[0.199404] (mobile_robot) StdoutLine: {'line': b'-- Up-to-date symlink: /home/hornet/Desktop/pathfollowingbot/install/mobile_robot/share/mobile_robot/model/.venv/lib/python3.12/site-packages/pip/_internal/utils/glibc.py\n'}
[0.199465] (mobile_robot) StdoutLine: {'line': b'-- Up-to-date symlink: /home/hornet/Desktop/pathfollowingbot/install/mobile_robot/share/mobile_robot/model/.venv/lib/python3.12/site-packages/pip/_internal/utils/hashes.py\n'}
[0.199498] (mobile_robot) StdoutLine: {'line': b'-- Up-to-date symlink: /home/hornet/Desktop/pathfollowingbot/install/mobile_robot/share/mobile_robot/model/.venv/lib/python3.12/site-packages/pip/_internal/utils/logging.py\n'}
[0.199536] (mobile_robot) StdoutLine: {'line': b'-- Up-to-date symlink: /home/hornet/Desktop/pathfollowingbot/install/mobile_robot/share/mobile_robot/model/.venv/lib/python3.12/site-packages/pip/_internal/utils/misc.py\n'}
[0.199571] (mobile_robot) StdoutLine: {'line': b'-- Up-to-date symlink: /home/hornet/Desktop/pathfollowingbot/install/mobile_robot/share/mobile_robot/model/.venv/lib/python3.12/site-packages/pip/_internal/utils/packaging.py\n'}
[0.199608] (mobile_robot) StdoutLine: {'line': b'-- Up-to-date symlink: /home/hornet/Desktop/pathfollowingbot/install/mobile_robot/share/mobile_robot/model/.venv/lib/python3.12/site-packages/pip/_internal/utils/retry.py\n'}
[0.199644] (mobile_robot) StdoutLine: {'line': b'-- Up-to-date symlink: /home/hornet/Desktop/pathfollowingbot/install/mobile_robot/share/mobile_robot/model/.venv/lib/python3.12/site-packages/pip/_internal/utils/subprocess.py\n'}
[0.199682] (mobile_robot) StdoutLine: {'line': b'-- Up-to-date symlink: /home/hornet/Desktop/pathfollowingbot/install/mobile_robot/share/mobile_robot/model/.venv/lib/python3.12/site-packages/pip/_internal/utils/temp_dir.py\n'}
[0.199718] (-) TimerEvent: {}
[0.199823] (mobile_robot) StdoutLine: {'line': b'-- Up-to-date symlink: /home/hornet/Desktop/pathfollowingbot/install/mobile_robot/share/mobile_robot/model/.venv/lib/python3.12/site-packages/pip/_internal/utils/unpacking.py\n'}
[0.199908] (mobile_robot) StdoutLine: {'line': b'-- Up-to-date symlink: /home/hornet/Desktop/pathfollowingbot/install/mobile_robot/share/mobile_robot/model/.venv/lib/python3.12/site-packages/pip/_internal/utils/urls.py\n'}
[0.199949] (mobile_robot) StdoutLine: {'line': b'-- Up-to-date symlink: /home/hornet/Desktop/pathfollowingbot/install/mobile_robot/share/mobile_robot/model/.venv/lib/python3.12/site-packages/pip/_internal/utils/virtualenv.py\n'}
[0.199987] (mobile_robot) StdoutLine: {'line': b'-- Up-to-date symlink: /home/hornet/Desktop/pathfollowingbot/install/mobile_robot/share/mobile_robot/model/.venv/lib/python3.12/site-packages/pip/_internal/utils/wheel.py\n'}
[0.200023] (mobile_robot) StdoutLine: {'line': b'-- Up-to-date symlink: /home/hornet/Desktop/pathfollowingbot/install/mobile_robot/share/mobile_robot/model/.venv/lib/python3.12/site-packages/pip/_internal/vcs/__init__.py\n'}
[0.200057] (mobile_robot) StdoutLine: {'line': b'-- Up-to-date symlink: /home/hornet/Desktop/pathfollowingbot/install/mobile_robot/share/mobile_robot/model/.venv/lib/python3.12/site-packages/pip/_internal/vcs/__pycache__/__init__.cpython-312.pyc\n'}
[0.200095] (mobile_robot) StdoutLine: {'line': b'-- Up-to-date symlink: /home/hornet/Desktop/pathfollowingbot/install/mobile_robot/share/mobile_robot/model/.venv/lib/python3.12/site-packages/pip/_internal/vcs/__pycache__/bazaar.cpython-312.pyc\n'}
[0.200132] (mobile_robot) StdoutLine: {'line': b'-- Up-to-date symlink: /home/hornet/Desktop/pathfollowingbot/install/mobile_robot/share/mobile_robot/model/.venv/lib/python3.12/site-packages/pip/_internal/vcs/__pycache__/git.cpython-312.pyc\n'}
[0.200165] (mobile_robot) StdoutLine: {'line': b'-- Up-to-date symlink: /home/hornet/Desktop/pathfollowingbot/install/mobile_robot/share/mobile_robot/model/.venv/lib/python3.12/site-packages/pip/_internal/vcs/__pycache__/mercurial.cpython-312.pyc\n'}
[0.200199] (mobile_robot) StdoutLine: {'line': b'-- Up-to-date symlink: /home/hornet/Desktop/pathfollowingbot/install/mobile_robot/share/mobile_robot/model/.venv/lib/python3.12/site-packages/pip/_internal/vcs/__pycache__/subversion.cpython-312.pyc\n'}
[0.200234] (mobile_robot) StdoutLine: {'line': b'-- Up-to-date symlink: /home/hornet/Desktop/pathfollowingbot/install/mobile_robot/share/mobile_robot/model/.venv/lib/python3.12/site-packages/pip/_internal/vcs/__pycache__/versioncontrol.cpython-312.pyc\n'}
[0.200266] (mobile_robot) StdoutLine: {'line': b'-- Up-to-date symlink: /home/hornet/Desktop/pathfollowingbot/install/mobile_robot/share/mobile_robot/model/.venv/lib/python3.12/site-packages/pip/_internal/vcs/bazaar.py\n'}
[0.200299] (mobile_robot) StdoutLine: {'line': b'-- Up-to-date symlink: /home/hornet/Desktop/pathfollowingbot/install/mobile_robot/share/mobile_robot/model/.venv/lib/python3.12/site-packages/pip/_internal/vcs/git.py\n'}
[0.200345] (mobile_robot) StdoutLine: {'line': b'-- Up-to-date symlink: /home/hornet/Desktop/pathfollowingbot/install/mobile_robot/share/mobile_robot/model/.venv/lib/python3.12/site-packages/pip/_internal/vcs/mercurial.py\n'}
[0.200413] (mobile_robot) StdoutLine: {'line': b'-- Up-to-date symlink: /home/hornet/Desktop/pathfollowingbot/install/mobile_robot/share/mobile_robot/model/.venv/lib/python3.12/site-packages/pip/_internal/vcs/subversion.py\n'}
[0.200450] (mobile_robot) StdoutLine: {'line': b'-- Up-to-date symlink: /home/hornet/Desktop/pathfollowingbot/install/mobile_robot/share/mobile_robot/model/.venv/lib/python3.12/site-packages/pip/_internal/vcs/versioncontrol.py\n'}
[0.200497] (mobile_robot) StdoutLine: {'line': b'-- Up-to-date symlink: /home/hornet/Desktop/pathfollowingbot/install/mobile_robot/share/mobile_robot/model/.venv/lib/python3.12/site-packages/pip/_internal/wheel_builder.py\n'}
[0.200532] (mobile_robot) StdoutLine: {'line': b'-- Up-to-date symlink: /home/hornet/Desktop/pathfollowingbot/install/mobile_robot/share/mobile_robot/model/.venv/lib/python3.12/site-packages/pip/_vendor/README.rst\n'}
[0.200568] (mobile_robot) StdoutLine: {'line': b'-- Up-to-date symlink: /home/hornet/Desktop/pathfollowingbot/install/mobile_robot/share/mobile_robot/model/.venv/lib/python3.12/site-packages/pip/_vendor/__init__.py\n'}
[0.200603] (mobile_robot) StdoutLine: {'line': b'-- Up-to-date symlink: /home/hornet/Desktop/pathfollowingbot/install/mobile_robot/share/mobile_robot/model/.venv/lib/python3.12/site-packages/pip/_vendor/__pycache__/__init__.cpython-312.pyc\n'}
[0.200640] (mobile_robot) StdoutLine: {'line': b'-- Up-to-date symlink: /home/hornet/Desktop/pathfollowingbot/install/mobile_robot/share/mobile_robot/model/.venv/lib/python3.12/site-packages/pip/_vendor/cachecontrol/LICENSE.txt\n'}
[0.200683] (mobile_robot) StdoutLine: {'line': b'-- Up-to-date symlink: /home/hornet/Desktop/pathfollowingbot/install/mobile_robot/share/mobile_robot/model/.venv/lib/python3.12/site-packages/pip/_vendor/cachecontrol/__init__.py\n'}
[0.200718] (mobile_robot) StdoutLine: {'line': b'-- Up-to-date symlink: /home/hornet/Desktop/pathfollowingbot/install/mobile_robot/share/mobile_robot/model/.venv/lib/python3.12/site-packages/pip/_vendor/cachecontrol/__pycache__/__init__.cpython-312.pyc\n'}
[0.200756] (mobile_robot) StdoutLine: {'line': b'-- Up-to-date symlink: /home/hornet/Desktop/pathfollowingbot/install/mobile_robot/share/mobile_robot/model/.venv/lib/python3.12/site-packages/pip/_vendor/cachecontrol/__pycache__/_cmd.cpython-312.pyc\n'}
[0.200793] (mobile_robot) StdoutLine: {'line': b'-- Up-to-date symlink: /home/hornet/Desktop/pathfollowingbot/install/mobile_robot/share/mobile_robot/model/.venv/lib/python3.12/site-packages/pip/_vendor/cachecontrol/__pycache__/adapter.cpython-312.pyc\n'}
[0.200829] (mobile_robot) StdoutLine: {'line': b'-- Up-to-date symlink: /home/hornet/Desktop/pathfollowingbot/install/mobile_robot/share/mobile_robot/model/.venv/lib/python3.12/site-packages/pip/_vendor/cachecontrol/__pycache__/cache.cpython-312.pyc\n'}
[0.200867] (mobile_robot) StdoutLine: {'line': b'-- Up-to-date symlink: /home/hornet/Desktop/pathfollowingbot/install/mobile_robot/share/mobile_robot/model/.venv/lib/python3.12/site-packages/pip/_vendor/cachecontrol/__pycache__/controller.cpython-312.pyc\n'}
[0.200906] (mobile_robot) StdoutLine: {'line': b'-- Up-to-date symlink: /home/hornet/Desktop/pathfollowingbot/install/mobile_robot/share/mobile_robot/model/.venv/lib/python3.12/site-packages/pip/_vendor/cachecontrol/__pycache__/filewrapper.cpython-312.pyc\n'}
[0.200942] (mobile_robot) StdoutLine: {'line': b'-- Up-to-date symlink: /home/hornet/Desktop/pathfollowingbot/install/mobile_robot/share/mobile_robot/model/.venv/lib/python3.12/site-packages/pip/_vendor/cachecontrol/__pycache__/heuristics.cpython-312.pyc\n'}
[0.200979] (mobile_robot) StdoutLine: {'line': b'-- Up-to-date symlink: /home/hornet/Desktop/pathfollowingbot/install/mobile_robot/share/mobile_robot/model/.venv/lib/python3.12/site-packages/pip/_vendor/cachecontrol/__pycache__/serialize.cpython-312.pyc\n'}
[0.201018] (mobile_robot) StdoutLine: {'line': b'-- Up-to-date symlink: /home/hornet/Desktop/pathfollowingbot/install/mobile_robot/share/mobile_robot/model/.venv/lib/python3.12/site-packages/pip/_vendor/cachecontrol/__pycache__/wrapper.cpython-312.pyc\n'}
[0.201054] (mobile_robot) StdoutLine: {'line': b'-- Up-to-date symlink: /home/hornet/Desktop/pathfollowingbot/install/mobile_robot/share/mobile_robot/model/.venv/lib/python3.12/site-packages/pip/_vendor/cachecontrol/_cmd.py\n'}
[0.201091] (mobile_robot) StdoutLine: {'line': b'-- Up-to-date symlink: /home/hornet/Desktop/pathfollowingbot/install/mobile_robot/share/mobile_robot/model/.venv/lib/python3.12/site-packages/pip/_vendor/cachecontrol/adapter.py\n'}
[0.201127] (mobile_robot) StdoutLine: {'line': b'-- Up-to-date symlink: /home/hornet/Desktop/pathfollowingbot/install/mobile_robot/share/mobile_robot/model/.venv/lib/python3.12/site-packages/pip/_vendor/cachecontrol/cache.py\n'}
[0.201161] (mobile_robot) StdoutLine: {'line': b'-- Up-to-date symlink: /home/hornet/Desktop/pathfollowingbot/install/mobile_robot/share/mobile_robot/model/.venv/lib/python3.12/site-packages/pip/_vendor/cachecontrol/caches/__init__.py\n'}
[0.201196] (mobile_robot) StdoutLine: {'line': b'-- Up-to-date symlink: /home/hornet/Desktop/pathfollowingbot/install/mobile_robot/share/mobile_robot/model/.venv/lib/python3.12/site-packages/pip/_vendor/cachecontrol/caches/__pycache__/__init__.cpython-312.pyc\n'}
[0.201278] (mobile_robot) StdoutLine: {'line': b'-- Up-to-date symlink: /home/hornet/Desktop/pathfollowingbot/install/mobile_robot/share/mobile_robot/model/.venv/lib/python3.12/site-packages/pip/_vendor/cachecontrol/caches/__pycache__/file_cache.cpython-312.pyc\n'}
[0.201318] (mobile_robot) StdoutLine: {'line': b'-- Up-to-date symlink: /home/hornet/Desktop/pathfollowingbot/install/mobile_robot/share/mobile_robot/model/.venv/lib/python3.12/site-packages/pip/_vendor/cachecontrol/caches/__pycache__/redis_cache.cpython-312.pyc\n'}
[0.201358] (mobile_robot) StdoutLine: {'line': b'-- Up-to-date symlink: /home/hornet/Desktop/pathfollowingbot/install/mobile_robot/share/mobile_robot/model/.venv/lib/python3.12/site-packages/pip/_vendor/cachecontrol/caches/file_cache.py\n'}
[0.201395] (mobile_robot) StdoutLine: {'line': b'-- Up-to-date symlink: /home/hornet/Desktop/pathfollowingbot/install/mobile_robot/share/mobile_robot/model/.venv/lib/python3.12/site-packages/pip/_vendor/cachecontrol/caches/redis_cache.py\n'}
[0.201431] (mobile_robot) StdoutLine: {'line': b'-- Up-to-date symlink: /home/hornet/Desktop/pathfollowingbot/install/mobile_robot/share/mobile_robot/model/.venv/lib/python3.12/site-packages/pip/_vendor/cachecontrol/controller.py\n'}
[0.201467] (mobile_robot) StdoutLine: {'line': b'-- Up-to-date symlink: /home/hornet/Desktop/pathfollowingbot/install/mobile_robot/share/mobile_robot/model/.venv/lib/python3.12/site-packages/pip/_vendor/cachecontrol/filewrapper.py\n'}
[0.201525] (mobile_robot) StdoutLine: {'line': b'-- Up-to-date symlink: /home/hornet/Desktop/pathfollowingbot/install/mobile_robot/share/mobile_robot/model/.venv/lib/python3.12/site-packages/pip/_vendor/cachecontrol/heuristics.py\n'}
[0.201560] (mobile_robot) StdoutLine: {'line': b'-- Up-to-date symlink: /home/hornet/Desktop/pathfollowingbot/install/mobile_robot/share/mobile_robot/model/.venv/lib/python3.12/site-packages/pip/_vendor/cachecontrol/py.typed\n'}
[0.201597] (mobile_robot) StdoutLine: {'line': b'-- Up-to-date symlink: /home/hornet/Desktop/pathfollowingbot/install/mobile_robot/share/mobile_robot/model/.venv/lib/python3.12/site-packages/pip/_vendor/cachecontrol/serialize.py\n'}
[0.201633] (mobile_robot) StdoutLine: {'line': b'-- Up-to-date symlink: /home/hornet/Desktop/pathfollowingbot/install/mobile_robot/share/mobile_robot/model/.venv/lib/python3.12/site-packages/pip/_vendor/cachecontrol/wrapper.py\n'}
[0.201688] (mobile_robot) StdoutLine: {'line': b'-- Up-to-date symlink: /home/hornet/Desktop/pathfollowingbot/install/mobile_robot/share/mobile_robot/model/.venv/lib/python3.12/site-packages/pip/_vendor/certifi/LICENSE\n'}
[0.201749] (mobile_robot) StdoutLine: {'line': b'-- Up-to-date symlink: /home/hornet/Desktop/pathfollowingbot/install/mobile_robot/share/mobile_robot/model/.venv/lib/python3.12/site-packages/pip/_vendor/certifi/__init__.py\n'}
[0.201788] (mobile_robot) StdoutLine: {'line': b'-- Up-to-date symlink: /home/hornet/Desktop/pathfollowingbot/install/mobile_robot/share/mobile_robot/model/.venv/lib/python3.12/site-packages/pip/_vendor/certifi/__main__.py\n'}
[0.201827] (mobile_robot) StdoutLine: {'line': b'-- Up-to-date symlink: /home/hornet/Desktop/pathfollowingbot/install/mobile_robot/share/mobile_robot/model/.venv/lib/python3.12/site-packages/pip/_vendor/certifi/__pycache__/__init__.cpython-312.pyc\n'}
[0.201865] (mobile_robot) StdoutLine: {'line': b'-- Up-to-date symlink: /home/hornet/Desktop/pathfollowingbot/install/mobile_robot/share/mobile_robot/model/.venv/lib/python3.12/site-packages/pip/_vendor/certifi/__pycache__/__main__.cpython-312.pyc\n'}
[0.201910] (mobile_robot) StdoutLine: {'line': b'-- Up-to-date symlink: /home/hornet/Desktop/pathfollowingbot/install/mobile_robot/share/mobile_robot/model/.venv/lib/python3.12/site-packages/pip/_vendor/certifi/__pycache__/core.cpython-312.pyc\n'}
[0.201950] (mobile_robot) StdoutLine: {'line': b'-- Up-to-date symlink: /home/hornet/Desktop/pathfollowingbot/install/mobile_robot/share/mobile_robot/model/.venv/lib/python3.12/site-packages/pip/_vendor/certifi/cacert.pem\n'}
[0.201987] (mobile_robot) StdoutLine: {'line': b'-- Up-to-date symlink: /home/hornet/Desktop/pathfollowingbot/install/mobile_robot/share/mobile_robot/model/.venv/lib/python3.12/site-packages/pip/_vendor/certifi/core.py\n'}
[0.202023] (mobile_robot) StdoutLine: {'line': b'-- Up-to-date symlink: /home/hornet/Desktop/pathfollowingbot/install/mobile_robot/share/mobile_robot/model/.venv/lib/python3.12/site-packages/pip/_vendor/certifi/py.typed\n'}
[0.202059] (mobile_robot) StdoutLine: {'line': b'-- Up-to-date symlink: /home/hornet/Desktop/pathfollowingbot/install/mobile_robot/share/mobile_robot/model/.venv/lib/python3.12/site-packages/pip/_vendor/dependency_groups/LICENSE.txt\n'}
[0.202095] (mobile_robot) StdoutLine: {'line': b'-- Up-to-date symlink: /home/hornet/Desktop/pathfollowingbot/install/mobile_robot/share/mobile_robot/model/.venv/lib/python3.12/site-packages/pip/_vendor/dependency_groups/__init__.py\n'}
[0.202145] (mobile_robot) StdoutLine: {'line': b'-- Up-to-date symlink: /home/hornet/Desktop/pathfollowingbot/install/mobile_robot/share/mobile_robot/model/.venv/lib/python3.12/site-packages/pip/_vendor/dependency_groups/__main__.py\n'}
[0.202210] (mobile_robot) StdoutLine: {'line': b'-- Up-to-date symlink: /home/hornet/Desktop/pathfollowingbot/install/mobile_robot/share/mobile_robot/model/.venv/lib/python3.12/site-packages/pip/_vendor/dependency_groups/__pycache__/__init__.cpython-312.pyc\n'}
[0.202249] (mobile_robot) StdoutLine: {'line': b'-- Up-to-date symlink: /home/hornet/Desktop/pathfollowingbot/install/mobile_robot/share/mobile_robot/model/.venv/lib/python3.12/site-packages/pip/_vendor/dependency_groups/__pycache__/__main__.cpython-312.pyc\n'}
[0.202288] (mobile_robot) StdoutLine: {'line': b'-- Up-to-date symlink: /home/hornet/Desktop/pathfollowingbot/install/mobile_robot/share/mobile_robot/model/.venv/lib/python3.12/site-packages/pip/_vendor/dependency_groups/__pycache__/_implementation.cpython-312.pyc\n'}
[0.202326] (mobile_robot) StdoutLine: {'line': b'-- Up-to-date symlink: /home/hornet/Desktop/pathfollowingbot/install/mobile_robot/share/mobile_robot/model/.venv/lib/python3.12/site-packages/pip/_vendor/dependency_groups/__pycache__/_lint_dependency_groups.cpython-312.pyc\n'}
[0.202363] (mobile_robot) StdoutLine: {'line': b'-- Up-to-date symlink: /home/hornet/Desktop/pathfollowingbot/install/mobile_robot/share/mobile_robot/model/.venv/lib/python3.12/site-packages/pip/_vendor/dependency_groups/__pycache__/_pip_wrapper.cpython-312.pyc\n'}
[0.202411] (mobile_robot) StdoutLine: {'line': b'-- Up-to-date symlink: /home/hornet/Desktop/pathfollowingbot/install/mobile_robot/share/mobile_robot/model/.venv/lib/python3.12/site-packages/pip/_vendor/dependency_groups/__pycache__/_toml_compat.cpython-312.pyc\n'}
[0.202450] (mobile_robot) StdoutLine: {'line': b'-- Up-to-date symlink: /home/hornet/Desktop/pathfollowingbot/install/mobile_robot/share/mobile_robot/model/.venv/lib/python3.12/site-packages/pip/_vendor/dependency_groups/_implementation.py\n'}
[0.202484] (mobile_robot) StdoutLine: {'line': b'-- Up-to-date symlink: /home/hornet/Desktop/pathfollowingbot/install/mobile_robot/share/mobile_robot/model/.venv/lib/python3.12/site-packages/pip/_vendor/dependency_groups/_lint_dependency_groups.py\n'}
[0.202521] (mobile_robot) StdoutLine: {'line': b'-- Up-to-date symlink: /home/hornet/Desktop/pathfollowingbot/install/mobile_robot/share/mobile_robot/model/.venv/lib/python3.12/site-packages/pip/_vendor/dependency_groups/_pip_wrapper.py\n'}
[0.202554] (mobile_robot) StdoutLine: {'line': b'-- Up-to-date symlink: /home/hornet/Desktop/pathfollowingbot/install/mobile_robot/share/mobile_robot/model/.venv/lib/python3.12/site-packages/pip/_vendor/dependency_groups/_toml_compat.py\n'}
[0.202591] (mobile_robot) StdoutLine: {'line': b'-- Up-to-date symlink: /home/hornet/Desktop/pathfollowingbot/install/mobile_robot/share/mobile_robot/model/.venv/lib/python3.12/site-packages/pip/_vendor/dependency_groups/py.typed\n'}
[0.202631] (mobile_robot) StdoutLine: {'line': b'-- Up-to-date symlink: /home/hornet/Desktop/pathfollowingbot/install/mobile_robot/share/mobile_robot/model/.venv/lib/python3.12/site-packages/pip/_vendor/distlib/LICENSE.txt\n'}
[0.202676] (mobile_robot) StdoutLine: {'line': b'-- Up-to-date symlink: /home/hornet/Desktop/pathfollowingbot/install/mobile_robot/share/mobile_robot/model/.venv/lib/python3.12/site-packages/pip/_vendor/distlib/__init__.py\n'}
[0.202722] (mobile_robot) StdoutLine: {'line': b'-- Up-to-date symlink: /home/hornet/Desktop/pathfollowingbot/install/mobile_robot/share/mobile_robot/model/.venv/lib/python3.12/site-packages/pip/_vendor/distlib/__pycache__/__init__.cpython-312.pyc\n'}
[0.202765] (mobile_robot) StdoutLine: {'line': b'-- Up-to-date symlink: /home/hornet/Desktop/pathfollowingbot/install/mobile_robot/share/mobile_robot/model/.venv/lib/python3.12/site-packages/pip/_vendor/distlib/__pycache__/compat.cpython-312.pyc\n'}
[0.202799] (mobile_robot) StdoutLine: {'line': b'-- Up-to-date symlink: /home/hornet/Desktop/pathfollowingbot/install/mobile_robot/share/mobile_robot/model/.venv/lib/python3.12/site-packages/pip/_vendor/distlib/__pycache__/resources.cpython-312.pyc\n'}
[0.202834] (mobile_robot) StdoutLine: {'line': b'-- Up-to-date symlink: /home/hornet/Desktop/pathfollowingbot/install/mobile_robot/share/mobile_robot/model/.venv/lib/python3.12/site-packages/pip/_vendor/distlib/__pycache__/scripts.cpython-312.pyc\n'}
[0.202909] (mobile_robot) StdoutLine: {'line': b'-- Up-to-date symlink: /home/hornet/Desktop/pathfollowingbot/install/mobile_robot/share/mobile_robot/model/.venv/lib/python3.12/site-packages/pip/_vendor/distlib/__pycache__/util.cpython-312.pyc\n'}
[0.202949] (mobile_robot) StdoutLine: {'line': b'-- Up-to-date symlink: /home/hornet/Desktop/pathfollowingbot/install/mobile_robot/share/mobile_robot/model/.venv/lib/python3.12/site-packages/pip/_vendor/distlib/compat.py\n'}
[0.202988] (mobile_robot) StdoutLine: {'line': b'-- Up-to-date symlink: /home/hornet/Desktop/pathfollowingbot/install/mobile_robot/share/mobile_robot/model/.venv/lib/python3.12/site-packages/pip/_vendor/distlib/resources.py\n'}
[0.203026] (mobile_robot) StdoutLine: {'line': b'-- Up-to-date symlink: /home/hornet/Desktop/pathfollowingbot/install/mobile_robot/share/mobile_robot/model/.venv/lib/python3.12/site-packages/pip/_vendor/distlib/scripts.py\n'}
[0.203067] (mobile_robot) StdoutLine: {'line': b'-- Up-to-date symlink: /home/hornet/Desktop/pathfollowingbot/install/mobile_robot/share/mobile_robot/model/.venv/lib/python3.12/site-packages/pip/_vendor/distlib/t32.exe\n'}
[0.203108] (mobile_robot) StdoutLine: {'line': b'-- Up-to-date symlink: /home/hornet/Desktop/pathfollowingbot/install/mobile_robot/share/mobile_robot/model/.venv/lib/python3.12/site-packages/pip/_vendor/distlib/t64-arm.exe\n'}
[0.203151] (mobile_robot) StdoutLine: {'line': b'-- Up-to-date symlink: /home/hornet/Desktop/pathfollowingbot/install/mobile_robot/share/mobile_robot/model/.venv/lib/python3.12/site-packages/pip/_vendor/distlib/t64.exe\n'}
[0.203258] (mobile_robot) StdoutLine: {'line': b'-- Up-to-date symlink: /home/hornet/Desktop/pathfollowingbot/install/mobile_robot/share/mobile_robot/model/.venv/lib/python3.12/site-packages/pip/_vendor/distlib/util.py\n'}
[0.203308] (mobile_robot) StdoutLine: {'line': b'-- Up-to-date symlink: /home/hornet/Desktop/pathfollowingbot/install/mobile_robot/share/mobile_robot/model/.venv/lib/python3.12/site-packages/pip/_vendor/distlib/w32.exe\n'}
[0.203348] (mobile_robot) StdoutLine: {'line': b'-- Up-to-date symlink: /home/hornet/Desktop/pathfollowingbot/install/mobile_robot/share/mobile_robot/model/.venv/lib/python3.12/site-packages/pip/_vendor/distlib/w64-arm.exe\n'}
[0.203386] (mobile_robot) StdoutLine: {'line': b'-- Up-to-date symlink: /home/hornet/Desktop/pathfollowingbot/install/mobile_robot/share/mobile_robot/model/.venv/lib/python3.12/site-packages/pip/_vendor/distlib/w64.exe\n'}
[0.203458] (mobile_robot) StdoutLine: {'line': b'-- Up-to-date symlink: /home/hornet/Desktop/pathfollowingbot/install/mobile_robot/share/mobile_robot/model/.venv/lib/python3.12/site-packages/pip/_vendor/distro/LICENSE\n'}
[0.203496] (mobile_robot) StdoutLine: {'line': b'-- Up-to-date symlink: /home/hornet/Desktop/pathfollowingbot/install/mobile_robot/share/mobile_robot/model/.venv/lib/python3.12/site-packages/pip/_vendor/distro/__init__.py\n'}
[0.203533] (mobile_robot) StdoutLine: {'line': b'-- Up-to-date symlink: /home/hornet/Desktop/pathfollowingbot/install/mobile_robot/share/mobile_robot/model/.venv/lib/python3.12/site-packages/pip/_vendor/distro/__main__.py\n'}
[0.203569] (mobile_robot) StdoutLine: {'line': b'-- Up-to-date symlink: /home/hornet/Desktop/pathfollowingbot/install/mobile_robot/share/mobile_robot/model/.venv/lib/python3.12/site-packages/pip/_vendor/distro/__pycache__/__init__.cpython-312.pyc\n'}
[0.203609] (mobile_robot) StdoutLine: {'line': b'-- Up-to-date symlink: /home/hornet/Desktop/pathfollowingbot/install/mobile_robot/share/mobile_robot/model/.venv/lib/python3.12/site-packages/pip/_vendor/distro/__pycache__/__main__.cpython-312.pyc\n'}
[0.203670] (mobile_robot) StdoutLine: {'line': b'-- Up-to-date symlink: /home/hornet/Desktop/pathfollowingbot/install/mobile_robot/share/mobile_robot/model/.venv/lib/python3.12/site-packages/pip/_vendor/distro/__pycache__/distro.cpython-312.pyc\n'}
[0.203708] (mobile_robot) StdoutLine: {'line': b'-- Up-to-date symlink: /home/hornet/Desktop/pathfollowingbot/install/mobile_robot/share/mobile_robot/model/.venv/lib/python3.12/site-packages/pip/_vendor/distro/distro.py\n'}
[0.203743] (mobile_robot) StdoutLine: {'line': b'-- Up-to-date symlink: /home/hornet/Desktop/pathfollowingbot/install/mobile_robot/share/mobile_robot/model/.venv/lib/python3.12/site-packages/pip/_vendor/distro/py.typed\n'}
[0.203781] (mobile_robot) StdoutLine: {'line': b'-- Up-to-date symlink: /home/hornet/Desktop/pathfollowingbot/install/mobile_robot/share/mobile_robot/model/.venv/lib/python3.12/site-packages/pip/_vendor/idna/LICENSE.md\n'}
[0.203816] (mobile_robot) StdoutLine: {'line': b'-- Up-to-date symlink: /home/hornet/Desktop/pathfollowingbot/install/mobile_robot/share/mobile_robot/model/.venv/lib/python3.12/site-packages/pip/_vendor/idna/__init__.py\n'}
[0.203851] (mobile_robot) StdoutLine: {'line': b'-- Up-to-date symlink: /home/hornet/Desktop/pathfollowingbot/install/mobile_robot/share/mobile_robot/model/.venv/lib/python3.12/site-packages/pip/_vendor/idna/__pycache__/__init__.cpython-312.pyc\n'}
[0.203887] (mobile_robot) StdoutLine: {'line': b'-- Up-to-date symlink: /home/hornet/Desktop/pathfollowingbot/install/mobile_robot/share/mobile_robot/model/.venv/lib/python3.12/site-packages/pip/_vendor/idna/__pycache__/codec.cpython-312.pyc\n'}
[0.203979] (mobile_robot) StdoutLine: {'line': b'-- Up-to-date symlink: /home/hornet/Desktop/pathfollowingbot/install/mobile_robot/share/mobile_robot/model/.venv/lib/python3.12/site-packages/pip/_vendor/idna/__pycache__/compat.cpython-312.pyc\n'}
[0.204017] (mobile_robot) StdoutLine: {'line': b'-- Up-to-date symlink: /home/hornet/Desktop/pathfollowingbot/install/mobile_robot/share/mobile_robot/model/.venv/lib/python3.12/site-packages/pip/_vendor/idna/__pycache__/core.cpython-312.pyc\n'}
[0.204055] (mobile_robot) StdoutLine: {'line': b'-- Up-to-date symlink: /home/hornet/Desktop/pathfollowingbot/install/mobile_robot/share/mobile_robot/model/.venv/lib/python3.12/site-packages/pip/_vendor/idna/__pycache__/idnadata.cpython-312.pyc\n'}
[0.204092] (mobile_robot) StdoutLine: {'line': b'-- Up-to-date symlink: /home/hornet/Desktop/pathfollowingbot/install/mobile_robot/share/mobile_robot/model/.venv/lib/python3.12/site-packages/pip/_vendor/idna/__pycache__/intranges.cpython-312.pyc\n'}
[0.204151] (mobile_robot) StdoutLine: {'line': b'-- Up-to-date symlink: /home/hornet/Desktop/pathfollowingbot/install/mobile_robot/share/mobile_robot/model/.venv/lib/python3.12/site-packages/pip/_vendor/idna/__pycache__/package_data.cpython-312.pyc\n'}
[0.204191] (mobile_robot) StdoutLine: {'line': b'-- Up-to-date symlink: /home/hornet/Desktop/pathfollowingbot/install/mobile_robot/share/mobile_robot/model/.venv/lib/python3.12/site-packages/pip/_vendor/idna/__pycache__/uts46data.cpython-312.pyc\n'}
[0.204229] (mobile_robot) StdoutLine: {'line': b'-- Up-to-date symlink: /home/hornet/Desktop/pathfollowingbot/install/mobile_robot/share/mobile_robot/model/.venv/lib/python3.12/site-packages/pip/_vendor/idna/codec.py\n'}
[0.204266] (mobile_robot) StdoutLine: {'line': b'-- Up-to-date symlink: /home/hornet/Desktop/pathfollowingbot/install/mobile_robot/share/mobile_robot/model/.venv/lib/python3.12/site-packages/pip/_vendor/idna/compat.py\n'}
[0.204305] (mobile_robot) StdoutLine: {'line': b'-- Up-to-date symlink: /home/hornet/Desktop/pathfollowingbot/install/mobile_robot/share/mobile_robot/model/.venv/lib/python3.12/site-packages/pip/_vendor/idna/core.py\n'}
[0.204341] (mobile_robot) StdoutLine: {'line': b'-- Up-to-date symlink: /home/hornet/Desktop/pathfollowingbot/install/mobile_robot/share/mobile_robot/model/.venv/lib/python3.12/site-packages/pip/_vendor/idna/idnadata.py\n'}
[0.204392] (mobile_robot) StdoutLine: {'line': b'-- Up-to-date symlink: /home/hornet/Desktop/pathfollowingbot/install/mobile_robot/share/mobile_robot/model/.venv/lib/python3.12/site-packages/pip/_vendor/idna/intranges.py\n'}
[0.204428] (mobile_robot) StdoutLine: {'line': b'-- Up-to-date symlink: /home/hornet/Desktop/pathfollowingbot/install/mobile_robot/share/mobile_robot/model/.venv/lib/python3.12/site-packages/pip/_vendor/idna/package_data.py\n'}
[0.204464] (mobile_robot) StdoutLine: {'line': b'-- Up-to-date symlink: /home/hornet/Desktop/pathfollowingbot/install/mobile_robot/share/mobile_robot/model/.venv/lib/python3.12/site-packages/pip/_vendor/idna/py.typed\n'}
[0.204500] (mobile_robot) StdoutLine: {'line': b'-- Up-to-date symlink: /home/hornet/Desktop/pathfollowingbot/install/mobile_robot/share/mobile_robot/model/.venv/lib/python3.12/site-packages/pip/_vendor/idna/uts46data.py\n'}
[0.204535] (mobile_robot) StdoutLine: {'line': b'-- Up-to-date symlink: /home/hornet/Desktop/pathfollowingbot/install/mobile_robot/share/mobile_robot/model/.venv/lib/python3.12/site-packages/pip/_vendor/msgpack/COPYING\n'}
[0.204569] (mobile_robot) StdoutLine: {'line': b'-- Up-to-date symlink: /home/hornet/Desktop/pathfollowingbot/install/mobile_robot/share/mobile_robot/model/.venv/lib/python3.12/site-packages/pip/_vendor/msgpack/__init__.py\n'}
[0.204603] (mobile_robot) StdoutLine: {'line': b'-- Up-to-date symlink: /home/hornet/Desktop/pathfollowingbot/install/mobile_robot/share/mobile_robot/model/.venv/lib/python3.12/site-packages/pip/_vendor/msgpack/__pycache__/__init__.cpython-312.pyc\n'}
[0.204639] (mobile_robot) StdoutLine: {'line': b'-- Up-to-date symlink: /home/hornet/Desktop/pathfollowingbot/install/mobile_robot/share/mobile_robot/model/.venv/lib/python3.12/site-packages/pip/_vendor/msgpack/__pycache__/exceptions.cpython-312.pyc\n'}
[0.204696] (mobile_robot) StdoutLine: {'line': b'-- Up-to-date symlink: /home/hornet/Desktop/pathfollowingbot/install/mobile_robot/share/mobile_robot/model/.venv/lib/python3.12/site-packages/pip/_vendor/msgpack/__pycache__/ext.cpython-312.pyc\n'}
[0.204732] (mobile_robot) StdoutLine: {'line': b'-- Up-to-date symlink: /home/hornet/Desktop/pathfollowingbot/install/mobile_robot/share/mobile_robot/model/.venv/lib/python3.12/site-packages/pip/_vendor/msgpack/__pycache__/fallback.cpython-312.pyc\n'}
[0.204770] (mobile_robot) StdoutLine: {'line': b'-- Up-to-date symlink: /home/hornet/Desktop/pathfollowingbot/install/mobile_robot/share/mobile_robot/model/.venv/lib/python3.12/site-packages/pip/_vendor/msgpack/exceptions.py\n'}
[0.204805] (mobile_robot) StdoutLine: {'line': b'-- Up-to-date symlink: /home/hornet/Desktop/pathfollowingbot/install/mobile_robot/share/mobile_robot/model/.venv/lib/python3.12/site-packages/pip/_vendor/msgpack/ext.py\n'}
[0.204873] (mobile_robot) StdoutLine: {'line': b'-- Up-to-date symlink: /home/hornet/Desktop/pathfollowingbot/install/mobile_robot/share/mobile_robot/model/.venv/lib/python3.12/site-packages/pip/_vendor/msgpack/fallback.py\n'}
[0.204909] (mobile_robot) StdoutLine: {'line': b'-- Up-to-date symlink: /home/hornet/Desktop/pathfollowingbot/install/mobile_robot/share/mobile_robot/model/.venv/lib/python3.12/site-packages/pip/_vendor/packaging/LICENSE\n'}
[0.204951] (mobile_robot) StdoutLine: {'line': b'-- Up-to-date symlink: /home/hornet/Desktop/pathfollowingbot/install/mobile_robot/share/mobile_robot/model/.venv/lib/python3.12/site-packages/pip/_vendor/packaging/LICENSE.APACHE\n'}
[0.204988] (mobile_robot) StdoutLine: {'line': b'-- Up-to-date symlink: /home/hornet/Desktop/pathfollowingbot/install/mobile_robot/share/mobile_robot/model/.venv/lib/python3.12/site-packages/pip/_vendor/packaging/LICENSE.BSD\n'}
[0.205043] (mobile_robot) StdoutLine: {'line': b'-- Up-to-date symlink: /home/hornet/Desktop/pathfollowingbot/install/mobile_robot/share/mobile_robot/model/.venv/lib/python3.12/site-packages/pip/_vendor/packaging/__init__.py\n'}
[0.205077] (mobile_robot) StdoutLine: {'line': b'-- Up-to-date symlink: /home/hornet/Desktop/pathfollowingbot/install/mobile_robot/share/mobile_robot/model/.venv/lib/python3.12/site-packages/pip/_vendor/packaging/__pycache__/__init__.cpython-312.pyc\n'}
[0.205112] (mobile_robot) StdoutLine: {'line': b'-- Up-to-date symlink: /home/hornet/Desktop/pathfollowingbot/install/mobile_robot/share/mobile_robot/model/.venv/lib/python3.12/site-packages/pip/_vendor/packaging/__pycache__/_elffile.cpython-312.pyc\n'}
[0.205149] (mobile_robot) StdoutLine: {'line': b'-- Up-to-date symlink: /home/hornet/Desktop/pathfollowingbot/install/mobile_robot/share/mobile_robot/model/.venv/lib/python3.12/site-packages/pip/_vendor/packaging/__pycache__/_manylinux.cpython-312.pyc\n'}
[0.205184] (mobile_robot) StdoutLine: {'line': b'-- Up-to-date symlink: /home/hornet/Desktop/pathfollowingbot/install/mobile_robot/share/mobile_robot/model/.venv/lib/python3.12/site-packages/pip/_vendor/packaging/__pycache__/_musllinux.cpython-312.pyc\n'}
[0.205223] (mobile_robot) StdoutLine: {'line': b'-- Up-to-date symlink: /home/hornet/Desktop/pathfollowingbot/install/mobile_robot/share/mobile_robot/model/.venv/lib/python3.12/site-packages/pip/_vendor/packaging/__pycache__/_parser.cpython-312.pyc\n'}
[0.205265] (mobile_robot) StdoutLine: {'line': b'-- Up-to-date symlink: /home/hornet/Desktop/pathfollowingbot/install/mobile_robot/share/mobile_robot/model/.venv/lib/python3.12/site-packages/pip/_vendor/packaging/__pycache__/_structures.cpython-312.pyc\n'}
[0.205303] (mobile_robot) StdoutLine: {'line': b'-- Up-to-date symlink: /home/hornet/Desktop/pathfollowingbot/install/mobile_robot/share/mobile_robot/model/.venv/lib/python3.12/site-packages/pip/_vendor/packaging/__pycache__/_tokenizer.cpython-312.pyc\n'}
[0.205343] (mobile_robot) StdoutLine: {'line': b'-- Up-to-date symlink: /home/hornet/Desktop/pathfollowingbot/install/mobile_robot/share/mobile_robot/model/.venv/lib/python3.12/site-packages/pip/_vendor/packaging/__pycache__/markers.cpython-312.pyc\n'}
[0.205378] (mobile_robot) StdoutLine: {'line': b'-- Up-to-date symlink: /home/hornet/Desktop/pathfollowingbot/install/mobile_robot/share/mobile_robot/model/.venv/lib/python3.12/site-packages/pip/_vendor/packaging/__pycache__/metadata.cpython-312.pyc\n'}
[0.205413] (mobile_robot) StdoutLine: {'line': b'-- Up-to-date symlink: /home/hornet/Desktop/pathfollowingbot/install/mobile_robot/share/mobile_robot/model/.venv/lib/python3.12/site-packages/pip/_vendor/packaging/__pycache__/requirements.cpython-312.pyc\n'}
[0.205450] (mobile_robot) StdoutLine: {'line': b'-- Up-to-date symlink: /home/hornet/Desktop/pathfollowingbot/install/mobile_robot/share/mobile_robot/model/.venv/lib/python3.12/site-packages/pip/_vendor/packaging/__pycache__/specifiers.cpython-312.pyc\n'}
[0.205486] (mobile_robot) StdoutLine: {'line': b'-- Up-to-date symlink: /home/hornet/Desktop/pathfollowingbot/install/mobile_robot/share/mobile_robot/model/.venv/lib/python3.12/site-packages/pip/_vendor/packaging/__pycache__/tags.cpython-312.pyc\n'}
[0.205522] (mobile_robot) StdoutLine: {'line': b'-- Up-to-date symlink: /home/hornet/Desktop/pathfollowingbot/install/mobile_robot/share/mobile_robot/model/.venv/lib/python3.12/site-packages/pip/_vendor/packaging/__pycache__/utils.cpython-312.pyc\n'}
[0.205558] (mobile_robot) StdoutLine: {'line': b'-- Up-to-date symlink: /home/hornet/Desktop/pathfollowingbot/install/mobile_robot/share/mobile_robot/model/.venv/lib/python3.12/site-packages/pip/_vendor/packaging/__pycache__/version.cpython-312.pyc\n'}
[0.205594] (mobile_robot) StdoutLine: {'line': b'-- Up-to-date symlink: /home/hornet/Desktop/pathfollowingbot/install/mobile_robot/share/mobile_robot/model/.venv/lib/python3.12/site-packages/pip/_vendor/packaging/_elffile.py\n'}
[0.205632] (mobile_robot) StdoutLine: {'line': b'-- Up-to-date symlink: /home/hornet/Desktop/pathfollowingbot/install/mobile_robot/share/mobile_robot/model/.venv/lib/python3.12/site-packages/pip/_vendor/packaging/_manylinux.py\n'}
[0.205672] (mobile_robot) StdoutLine: {'line': b'-- Up-to-date symlink: /home/hornet/Desktop/pathfollowingbot/install/mobile_robot/share/mobile_robot/model/.venv/lib/python3.12/site-packages/pip/_vendor/packaging/_musllinux.py\n'}
[0.205708] (mobile_robot) StdoutLine: {'line': b'-- Up-to-date symlink: /home/hornet/Desktop/pathfollowingbot/install/mobile_robot/share/mobile_robot/model/.venv/lib/python3.12/site-packages/pip/_vendor/packaging/_parser.py\n'}
[0.205742] (mobile_robot) StdoutLine: {'line': b'-- Up-to-date symlink: /home/hornet/Desktop/pathfollowingbot/install/mobile_robot/share/mobile_robot/model/.venv/lib/python3.12/site-packages/pip/_vendor/packaging/_structures.py\n'}
[0.205779] (mobile_robot) StdoutLine: {'line': b'-- Up-to-date symlink: /home/hornet/Desktop/pathfollowingbot/install/mobile_robot/share/mobile_robot/model/.venv/lib/python3.12/site-packages/pip/_vendor/packaging/_tokenizer.py\n'}
[0.205817] (mobile_robot) StdoutLine: {'line': b'-- Up-to-date symlink: /home/hornet/Desktop/pathfollowingbot/install/mobile_robot/share/mobile_robot/model/.venv/lib/python3.12/site-packages/pip/_vendor/packaging/licenses/__init__.py\n'}
[0.205874] (mobile_robot) StdoutLine: {'line': b'-- Up-to-date symlink: /home/hornet/Desktop/pathfollowingbot/install/mobile_robot/share/mobile_robot/model/.venv/lib/python3.12/site-packages/pip/_vendor/packaging/licenses/__pycache__/__init__.cpython-312.pyc\n'}
[0.205958] (mobile_robot) StdoutLine: {'line': b'-- Up-to-date symlink: /home/hornet/Desktop/pathfollowingbot/install/mobile_robot/share/mobile_robot/model/.venv/lib/python3.12/site-packages/pip/_vendor/packaging/licenses/__pycache__/_spdx.cpython-312.pyc\n'}
[0.205998] (mobile_robot) StdoutLine: {'line': b'-- Up-to-date symlink: /home/hornet/Desktop/pathfollowingbot/install/mobile_robot/share/mobile_robot/model/.venv/lib/python3.12/site-packages/pip/_vendor/packaging/licenses/_spdx.py\n'}
[0.206055] (mobile_robot) StdoutLine: {'line': b'-- Up-to-date symlink: /home/hornet/Desktop/pathfollowingbot/install/mobile_robot/share/mobile_robot/model/.venv/lib/python3.12/site-packages/pip/_vendor/packaging/markers.py\n'}
[0.206090] (mobile_robot) StdoutLine: {'line': b'-- Up-to-date symlink: /home/hornet/Desktop/pathfollowingbot/install/mobile_robot/share/mobile_robot/model/.venv/lib/python3.12/site-packages/pip/_vendor/packaging/metadata.py\n'}
[0.206133] (mobile_robot) StdoutLine: {'line': b'-- Up-to-date symlink: /home/hornet/Desktop/pathfollowingbot/install/mobile_robot/share/mobile_robot/model/.venv/lib/python3.12/site-packages/pip/_vendor/packaging/py.typed\n'}
[0.206175] (mobile_robot) StdoutLine: {'line': b'-- Up-to-date symlink: /home/hornet/Desktop/pathfollowingbot/install/mobile_robot/share/mobile_robot/model/.venv/lib/python3.12/site-packages/pip/_vendor/packaging/requirements.py\n'}
[0.206213] (mobile_robot) StdoutLine: {'line': b'-- Up-to-date symlink: /home/hornet/Desktop/pathfollowingbot/install/mobile_robot/share/mobile_robot/model/.venv/lib/python3.12/site-packages/pip/_vendor/packaging/specifiers.py\n'}
[0.206248] (mobile_robot) StdoutLine: {'line': b'-- Up-to-date symlink: /home/hornet/Desktop/pathfollowingbot/install/mobile_robot/share/mobile_robot/model/.venv/lib/python3.12/site-packages/pip/_vendor/packaging/tags.py\n'}
[0.206286] (mobile_robot) StdoutLine: {'line': b'-- Up-to-date symlink: /home/hornet/Desktop/pathfollowingbot/install/mobile_robot/share/mobile_robot/model/.venv/lib/python3.12/site-packages/pip/_vendor/packaging/utils.py\n'}
[0.206323] (mobile_robot) StdoutLine: {'line': b'-- Up-to-date symlink: /home/hornet/Desktop/pathfollowingbot/install/mobile_robot/share/mobile_robot/model/.venv/lib/python3.12/site-packages/pip/_vendor/packaging/version.py\n'}
[0.206358] (mobile_robot) StdoutLine: {'line': b'-- Up-to-date symlink: /home/hornet/Desktop/pathfollowingbot/install/mobile_robot/share/mobile_robot/model/.venv/lib/python3.12/site-packages/pip/_vendor/pkg_resources/LICENSE\n'}
[0.206396] (mobile_robot) StdoutLine: {'line': b'-- Up-to-date symlink: /home/hornet/Desktop/pathfollowingbot/install/mobile_robot/share/mobile_robot/model/.venv/lib/python3.12/site-packages/pip/_vendor/pkg_resources/__init__.py\n'}
[0.206433] (mobile_robot) StdoutLine: {'line': b'-- Up-to-date symlink: /home/hornet/Desktop/pathfollowingbot/install/mobile_robot/share/mobile_robot/model/.venv/lib/python3.12/site-packages/pip/_vendor/pkg_resources/__pycache__/__init__.cpython-312.pyc\n'}
[0.206470] (mobile_robot) StdoutLine: {'line': b'-- Up-to-date symlink: /home/hornet/Desktop/pathfollowingbot/install/mobile_robot/share/mobile_robot/model/.venv/lib/python3.12/site-packages/pip/_vendor/platformdirs/LICENSE\n'}
[0.206508] (mobile_robot) StdoutLine: {'line': b'-- Up-to-date symlink: /home/hornet/Desktop/pathfollowingbot/install/mobile_robot/share/mobile_robot/model/.venv/lib/python3.12/site-packages/pip/_vendor/platformdirs/__init__.py\n'}
[0.206544] (mobile_robot) StdoutLine: {'line': b'-- Up-to-date symlink: /home/hornet/Desktop/pathfollowingbot/install/mobile_robot/share/mobile_robot/model/.venv/lib/python3.12/site-packages/pip/_vendor/platformdirs/__main__.py\n'}
[0.206580] (mobile_robot) StdoutLine: {'line': b'-- Up-to-date symlink: /home/hornet/Desktop/pathfollowingbot/install/mobile_robot/share/mobile_robot/model/.venv/lib/python3.12/site-packages/pip/_vendor/platformdirs/__pycache__/__init__.cpython-312.pyc\n'}
[0.206619] (mobile_robot) StdoutLine: {'line': b'-- Up-to-date symlink: /home/hornet/Desktop/pathfollowingbot/install/mobile_robot/share/mobile_robot/model/.venv/lib/python3.12/site-packages/pip/_vendor/platformdirs/__pycache__/__main__.cpython-312.pyc\n'}
[0.206676] (mobile_robot) StdoutLine: {'line': b'-- Up-to-date symlink: /home/hornet/Desktop/pathfollowingbot/install/mobile_robot/share/mobile_robot/model/.venv/lib/python3.12/site-packages/pip/_vendor/platformdirs/__pycache__/android.cpython-312.pyc\n'}
[0.206742] (mobile_robot) StdoutLine: {'line': b'-- Up-to-date symlink: /home/hornet/Desktop/pathfollowingbot/install/mobile_robot/share/mobile_robot/model/.venv/lib/python3.12/site-packages/pip/_vendor/platformdirs/__pycache__/api.cpython-312.pyc\n'}
[0.206781] (mobile_robot) StdoutLine: {'line': b'-- Up-to-date symlink: /home/hornet/Desktop/pathfollowingbot/install/mobile_robot/share/mobile_robot/model/.venv/lib/python3.12/site-packages/pip/_vendor/platformdirs/__pycache__/macos.cpython-312.pyc\n'}
[0.206816] (mobile_robot) StdoutLine: {'line': b'-- Up-to-date symlink: /home/hornet/Desktop/pathfollowingbot/install/mobile_robot/share/mobile_robot/model/.venv/lib/python3.12/site-packages/pip/_vendor/platformdirs/__pycache__/unix.cpython-312.pyc\n'}
[0.206852] (mobile_robot) StdoutLine: {'line': b'-- Up-to-date symlink: /home/hornet/Desktop/pathfollowingbot/install/mobile_robot/share/mobile_robot/model/.venv/lib/python3.12/site-packages/pip/_vendor/platformdirs/__pycache__/version.cpython-312.pyc\n'}
[0.206889] (mobile_robot) StdoutLine: {'line': b'-- Up-to-date symlink: /home/hornet/Desktop/pathfollowingbot/install/mobile_robot/share/mobile_robot/model/.venv/lib/python3.12/site-packages/pip/_vendor/platformdirs/__pycache__/windows.cpython-312.pyc\n'}
[0.206923] (mobile_robot) StdoutLine: {'line': b'-- Up-to-date symlink: /home/hornet/Desktop/pathfollowingbot/install/mobile_robot/share/mobile_robot/model/.venv/lib/python3.12/site-packages/pip/_vendor/platformdirs/android.py\n'}
[0.206959] (mobile_robot) StdoutLine: {'line': b'-- Up-to-date symlink: /home/hornet/Desktop/pathfollowingbot/install/mobile_robot/share/mobile_robot/model/.venv/lib/python3.12/site-packages/pip/_vendor/platformdirs/api.py\n'}
[0.206995] (mobile_robot) StdoutLine: {'line': b'-- Up-to-date symlink: /home/hornet/Desktop/pathfollowingbot/install/mobile_robot/share/mobile_robot/model/.venv/lib/python3.12/site-packages/pip/_vendor/platformdirs/macos.py\n'}
[0.207031] (mobile_robot) StdoutLine: {'line': b'-- Up-to-date symlink: /home/hornet/Desktop/pathfollowingbot/install/mobile_robot/share/mobile_robot/model/.venv/lib/python3.12/site-packages/pip/_vendor/platformdirs/py.typed\n'}
[0.207082] (mobile_robot) StdoutLine: {'line': b'-- Up-to-date symlink: /home/hornet/Desktop/pathfollowingbot/install/mobile_robot/share/mobile_robot/model/.venv/lib/python3.12/site-packages/pip/_vendor/platformdirs/unix.py\n'}
[0.207157] (mobile_robot) StdoutLine: {'line': b'-- Up-to-date symlink: /home/hornet/Desktop/pathfollowingbot/install/mobile_robot/share/mobile_robot/model/.venv/lib/python3.12/site-packages/pip/_vendor/platformdirs/version.py\n'}
[0.207199] (mobile_robot) StdoutLine: {'line': b'-- Up-to-date symlink: /home/hornet/Desktop/pathfollowingbot/install/mobile_robot/share/mobile_robot/model/.venv/lib/python3.12/site-packages/pip/_vendor/platformdirs/windows.py\n'}
[0.207238] (mobile_robot) StdoutLine: {'line': b'-- Up-to-date symlink: /home/hornet/Desktop/pathfollowingbot/install/mobile_robot/share/mobile_robot/model/.venv/lib/python3.12/site-packages/pip/_vendor/pygments/LICENSE\n'}
[0.207278] (mobile_robot) StdoutLine: {'line': b'-- Up-to-date symlink: /home/hornet/Desktop/pathfollowingbot/install/mobile_robot/share/mobile_robot/model/.venv/lib/python3.12/site-packages/pip/_vendor/pygments/__init__.py\n'}
[0.207316] (mobile_robot) StdoutLine: {'line': b'-- Up-to-date symlink: /home/hornet/Desktop/pathfollowingbot/install/mobile_robot/share/mobile_robot/model/.venv/lib/python3.12/site-packages/pip/_vendor/pygments/__main__.py\n'}
[0.207355] (mobile_robot) StdoutLine: {'line': b'-- Up-to-date symlink: /home/hornet/Desktop/pathfollowingbot/install/mobile_robot/share/mobile_robot/model/.venv/lib/python3.12/site-packages/pip/_vendor/pygments/__pycache__/__init__.cpython-312.pyc\n'}
[0.207395] (mobile_robot) StdoutLine: {'line': b'-- Up-to-date symlink: /home/hornet/Desktop/pathfollowingbot/install/mobile_robot/share/mobile_robot/model/.venv/lib/python3.12/site-packages/pip/_vendor/pygments/__pycache__/__main__.cpython-312.pyc\n'}
[0.207449] (mobile_robot) StdoutLine: {'line': b'-- Up-to-date symlink: /home/hornet/Desktop/pathfollowingbot/install/mobile_robot/share/mobile_robot/model/.venv/lib/python3.12/site-packages/pip/_vendor/pygments/__pycache__/console.cpython-312.pyc\n'}
[0.207526] (mobile_robot) StdoutLine: {'line': b'-- Up-to-date symlink: /home/hornet/Desktop/pathfollowingbot/install/mobile_robot/share/mobile_robot/model/.venv/lib/python3.12/site-packages/pip/_vendor/pygments/__pycache__/filter.cpython-312.pyc\n'}
[0.207568] (mobile_robot) StdoutLine: {'line': b'-- Up-to-date symlink: /home/hornet/Desktop/pathfollowingbot/install/mobile_robot/share/mobile_robot/model/.venv/lib/python3.12/site-packages/pip/_vendor/pygments/__pycache__/formatter.cpython-312.pyc\n'}
[0.207609] (mobile_robot) StdoutLine: {'line': b'-- Up-to-date symlink: /home/hornet/Desktop/pathfollowingbot/install/mobile_robot/share/mobile_robot/model/.venv/lib/python3.12/site-packages/pip/_vendor/pygments/__pycache__/lexer.cpython-312.pyc\n'}
[0.207647] (mobile_robot) StdoutLine: {'line': b'-- Up-to-date symlink: /home/hornet/Desktop/pathfollowingbot/install/mobile_robot/share/mobile_robot/model/.venv/lib/python3.12/site-packages/pip/_vendor/pygments/__pycache__/modeline.cpython-312.pyc\n'}
[0.207700] (mobile_robot) StdoutLine: {'line': b'-- Up-to-date symlink: /home/hornet/Desktop/pathfollowingbot/install/mobile_robot/share/mobile_robot/model/.venv/lib/python3.12/site-packages/pip/_vendor/pygments/__pycache__/plugin.cpython-312.pyc\n'}
[0.207777] (mobile_robot) StdoutLine: {'line': b'-- Up-to-date symlink: /home/hornet/Desktop/pathfollowingbot/install/mobile_robot/share/mobile_robot/model/.venv/lib/python3.12/site-packages/pip/_vendor/pygments/__pycache__/regexopt.cpython-312.pyc\n'}
[0.207818] (mobile_robot) StdoutLine: {'line': b'-- Up-to-date symlink: /home/hornet/Desktop/pathfollowingbot/install/mobile_robot/share/mobile_robot/model/.venv/lib/python3.12/site-packages/pip/_vendor/pygments/__pycache__/scanner.cpython-312.pyc\n'}
[0.207858] (mobile_robot) StdoutLine: {'line': b'-- Up-to-date symlink: /home/hornet/Desktop/pathfollowingbot/install/mobile_robot/share/mobile_robot/model/.venv/lib/python3.12/site-packages/pip/_vendor/pygments/__pycache__/sphinxext.cpython-312.pyc\n'}
[0.207897] (mobile_robot) StdoutLine: {'line': b'-- Up-to-date symlink: /home/hornet/Desktop/pathfollowingbot/install/mobile_robot/share/mobile_robot/model/.venv/lib/python3.12/site-packages/pip/_vendor/pygments/__pycache__/style.cpython-312.pyc\n'}
[0.207952] (mobile_robot) StdoutLine: {'line': b'-- Up-to-date symlink: /home/hornet/Desktop/pathfollowingbot/install/mobile_robot/share/mobile_robot/model/.venv/lib/python3.12/site-packages/pip/_vendor/pygments/__pycache__/token.cpython-312.pyc\n'}
[0.208018] (mobile_robot) StdoutLine: {'line': b'-- Up-to-date symlink: /home/hornet/Desktop/pathfollowingbot/install/mobile_robot/share/mobile_robot/model/.venv/lib/python3.12/site-packages/pip/_vendor/pygments/__pycache__/unistring.cpython-312.pyc\n'}
[0.208071] (mobile_robot) StdoutLine: {'line': b'-- Up-to-date symlink: /home/hornet/Desktop/pathfollowingbot/install/mobile_robot/share/mobile_robot/model/.venv/lib/python3.12/site-packages/pip/_vendor/pygments/__pycache__/util.cpython-312.pyc\n'}
[0.208112] (mobile_robot) StdoutLine: {'line': b'-- Up-to-date symlink: /home/hornet/Desktop/pathfollowingbot/install/mobile_robot/share/mobile_robot/model/.venv/lib/python3.12/site-packages/pip/_vendor/pygments/console.py\n'}
[0.208151] (mobile_robot) StdoutLine: {'line': b'-- Up-to-date symlink: /home/hornet/Desktop/pathfollowingbot/install/mobile_robot/share/mobile_robot/model/.venv/lib/python3.12/site-packages/pip/_vendor/pygments/filter.py\n'}
[0.208208] (mobile_robot) StdoutLine: {'line': b'-- Up-to-date symlink: /home/hornet/Desktop/pathfollowingbot/install/mobile_robot/share/mobile_robot/model/.venv/lib/python3.12/site-packages/pip/_vendor/pygments/filters/__init__.py\n'}
[0.208278] (mobile_robot) StdoutLine: {'line': b'-- Up-to-date symlink: /home/hornet/Desktop/pathfollowingbot/install/mobile_robot/share/mobile_robot/model/.venv/lib/python3.12/site-packages/pip/_vendor/pygments/filters/__pycache__/__init__.cpython-312.pyc\n'}
[0.208318] (mobile_robot) StdoutLine: {'line': b'-- Up-to-date symlink: /home/hornet/Desktop/pathfollowingbot/install/mobile_robot/share/mobile_robot/model/.venv/lib/python3.12/site-packages/pip/_vendor/pygments/formatter.py\n'}
[0.208366] (mobile_robot) StdoutLine: {'line': b'-- Up-to-date symlink: /home/hornet/Desktop/pathfollowingbot/install/mobile_robot/share/mobile_robot/model/.venv/lib/python3.12/site-packages/pip/_vendor/pygments/formatters/__init__.py\n'}
[0.208413] (mobile_robot) StdoutLine: {'line': b'-- Up-to-date symlink: /home/hornet/Desktop/pathfollowingbot/install/mobile_robot/share/mobile_robot/model/.venv/lib/python3.12/site-packages/pip/_vendor/pygments/formatters/__pycache__/__init__.cpython-312.pyc\n'}
[0.208451] (mobile_robot) StdoutLine: {'line': b'-- Up-to-date symlink: /home/hornet/Desktop/pathfollowingbot/install/mobile_robot/share/mobile_robot/model/.venv/lib/python3.12/site-packages/pip/_vendor/pygments/formatters/__pycache__/_mapping.cpython-312.pyc\n'}
[0.208506] (mobile_robot) StdoutLine: {'line': b'-- Up-to-date symlink: /home/hornet/Desktop/pathfollowingbot/install/mobile_robot/share/mobile_robot/model/.venv/lib/python3.12/site-packages/pip/_vendor/pygments/formatters/_mapping.py\n'}
[0.208563] (mobile_robot) StdoutLine: {'line': b'-- Up-to-date symlink: /home/hornet/Desktop/pathfollowingbot/install/mobile_robot/share/mobile_robot/model/.venv/lib/python3.12/site-packages/pip/_vendor/pygments/lexer.py\n'}
[0.208621] (mobile_robot) StdoutLine: {'line': b'-- Up-to-date symlink: /home/hornet/Desktop/pathfollowingbot/install/mobile_robot/share/mobile_robot/model/.venv/lib/python3.12/site-packages/pip/_vendor/pygments/lexers/__init__.py\n'}
[0.208681] (mobile_robot) StdoutLine: {'line': b'-- Up-to-date symlink: /home/hornet/Desktop/pathfollowingbot/install/mobile_robot/share/mobile_robot/model/.venv/lib/python3.12/site-packages/pip/_vendor/pygments/lexers/__pycache__/__init__.cpython-312.pyc\n'}
[0.208732] (mobile_robot) StdoutLine: {'line': b'-- Up-to-date symlink: /home/hornet/Desktop/pathfollowingbot/install/mobile_robot/share/mobile_robot/model/.venv/lib/python3.12/site-packages/pip/_vendor/pygments/lexers/__pycache__/_mapping.cpython-312.pyc\n'}
[0.208780] (mobile_robot) StdoutLine: {'line': b'-- Up-to-date symlink: /home/hornet/Desktop/pathfollowingbot/install/mobile_robot/share/mobile_robot/model/.venv/lib/python3.12/site-packages/pip/_vendor/pygments/lexers/__pycache__/python.cpython-312.pyc\n'}
[0.208838] (mobile_robot) StdoutLine: {'line': b'-- Up-to-date symlink: /home/hornet/Desktop/pathfollowingbot/install/mobile_robot/share/mobile_robot/model/.venv/lib/python3.12/site-packages/pip/_vendor/pygments/lexers/_mapping.py\n'}
[0.208891] (mobile_robot) StdoutLine: {'line': b'-- Up-to-date symlink: /home/hornet/Desktop/pathfollowingbot/install/mobile_robot/share/mobile_robot/model/.venv/lib/python3.12/site-packages/pip/_vendor/pygments/lexers/python.py\n'}
[0.208950] (mobile_robot) StdoutLine: {'line': b'-- Up-to-date symlink: /home/hornet/Desktop/pathfollowingbot/install/mobile_robot/share/mobile_robot/model/.venv/lib/python3.12/site-packages/pip/_vendor/pygments/modeline.py\n'}
[0.209003] (mobile_robot) StdoutLine: {'line': b'-- Up-to-date symlink: /home/hornet/Desktop/pathfollowingbot/install/mobile_robot/share/mobile_robot/model/.venv/lib/python3.12/site-packages/pip/_vendor/pygments/plugin.py\n'}
[0.209060] (mobile_robot) StdoutLine: {'line': b'-- Up-to-date symlink: /home/hornet/Desktop/pathfollowingbot/install/mobile_robot/share/mobile_robot/model/.venv/lib/python3.12/site-packages/pip/_vendor/pygments/regexopt.py\n'}
[0.209114] (mobile_robot) StdoutLine: {'line': b'-- Up-to-date symlink: /home/hornet/Desktop/pathfollowingbot/install/mobile_robot/share/mobile_robot/model/.venv/lib/python3.12/site-packages/pip/_vendor/pygments/scanner.py\n'}
[0.209168] (mobile_robot) StdoutLine: {'line': b'-- Up-to-date symlink: /home/hornet/Desktop/pathfollowingbot/install/mobile_robot/share/mobile_robot/model/.venv/lib/python3.12/site-packages/pip/_vendor/pygments/sphinxext.py\n'}
[0.209223] (mobile_robot) StdoutLine: {'line': b'-- Up-to-date symlink: /home/hornet/Desktop/pathfollowingbot/install/mobile_robot/share/mobile_robot/model/.venv/lib/python3.12/site-packages/pip/_vendor/pygments/style.py\n'}
[0.209276] (mobile_robot) StdoutLine: {'line': b'-- Up-to-date symlink: /home/hornet/Desktop/pathfollowingbot/install/mobile_robot/share/mobile_robot/model/.venv/lib/python3.12/site-packages/pip/_vendor/pygments/styles/__init__.py\n'}
[0.209338] (mobile_robot) StdoutLine: {'line': b'-- Up-to-date symlink: /home/hornet/Desktop/pathfollowingbot/install/mobile_robot/share/mobile_robot/model/.venv/lib/python3.12/site-packages/pip/_vendor/pygments/styles/__pycache__/__init__.cpython-312.pyc\n'}
[0.209396] (mobile_robot) StdoutLine: {'line': b'-- Up-to-date symlink: /home/hornet/Desktop/pathfollowingbot/install/mobile_robot/share/mobile_robot/model/.venv/lib/python3.12/site-packages/pip/_vendor/pygments/styles/__pycache__/_mapping.cpython-312.pyc\n'}
[0.209452] (mobile_robot) StdoutLine: {'line': b'-- Up-to-date symlink: /home/hornet/Desktop/pathfollowingbot/install/mobile_robot/share/mobile_robot/model/.venv/lib/python3.12/site-packages/pip/_vendor/pygments/styles/_mapping.py\n'}
[0.209507] (mobile_robot) StdoutLine: {'line': b'-- Up-to-date symlink: /home/hornet/Desktop/pathfollowingbot/install/mobile_robot/share/mobile_robot/model/.venv/lib/python3.12/site-packages/pip/_vendor/pygments/token.py\n'}
[0.209563] (mobile_robot) StdoutLine: {'line': b'-- Up-to-date symlink: /home/hornet/Desktop/pathfollowingbot/install/mobile_robot/share/mobile_robot/model/.venv/lib/python3.12/site-packages/pip/_vendor/pygments/unistring.py\n'}
[0.209617] (mobile_robot) StdoutLine: {'line': b'-- Up-to-date symlink: /home/hornet/Desktop/pathfollowingbot/install/mobile_robot/share/mobile_robot/model/.venv/lib/python3.12/site-packages/pip/_vendor/pygments/util.py\n'}
[0.209672] (mobile_robot) StdoutLine: {'line': b'-- Up-to-date symlink: /home/hornet/Desktop/pathfollowingbot/install/mobile_robot/share/mobile_robot/model/.venv/lib/python3.12/site-packages/pip/_vendor/pyproject_hooks/LICENSE\n'}
[0.209728] (mobile_robot) StdoutLine: {'line': b'-- Up-to-date symlink: /home/hornet/Desktop/pathfollowingbot/install/mobile_robot/share/mobile_robot/model/.venv/lib/python3.12/site-packages/pip/_vendor/pyproject_hooks/__init__.py\n'}
[0.209786] (mobile_robot) StdoutLine: {'line': b'-- Up-to-date symlink: /home/hornet/Desktop/pathfollowingbot/install/mobile_robot/share/mobile_robot/model/.venv/lib/python3.12/site-packages/pip/_vendor/pyproject_hooks/__pycache__/__init__.cpython-312.pyc\n'}
[0.209842] (mobile_robot) StdoutLine: {'line': b'-- Up-to-date symlink: /home/hornet/Desktop/pathfollowingbot/install/mobile_robot/share/mobile_robot/model/.venv/lib/python3.12/site-packages/pip/_vendor/pyproject_hooks/__pycache__/_impl.cpython-312.pyc\n'}
[0.209897] (mobile_robot) StdoutLine: {'line': b'-- Up-to-date symlink: /home/hornet/Desktop/pathfollowingbot/install/mobile_robot/share/mobile_robot/model/.venv/lib/python3.12/site-packages/pip/_vendor/pyproject_hooks/_impl.py\n'}
[0.209953] (mobile_robot) StdoutLine: {'line': b'-- Up-to-date symlink: /home/hornet/Desktop/pathfollowingbot/install/mobile_robot/share/mobile_robot/model/.venv/lib/python3.12/site-packages/pip/_vendor/pyproject_hooks/_in_process/__init__.py\n'}
[0.210016] (mobile_robot) StdoutLine: {'line': b'-- Up-to-date symlink: /home/hornet/Desktop/pathfollowingbot/install/mobile_robot/share/mobile_robot/model/.venv/lib/python3.12/site-packages/pip/_vendor/pyproject_hooks/_in_process/__pycache__/__init__.cpython-312.pyc\n'}
[0.210078] (mobile_robot) StdoutLine: {'line': b'-- Up-to-date symlink: /home/hornet/Desktop/pathfollowingbot/install/mobile_robot/share/mobile_robot/model/.venv/lib/python3.12/site-packages/pip/_vendor/pyproject_hooks/_in_process/__pycache__/_in_process.cpython-312.pyc\n'}
[0.210133] (mobile_robot) StdoutLine: {'line': b'-- Up-to-date symlink: /home/hornet/Desktop/pathfollowingbot/install/mobile_robot/share/mobile_robot/model/.venv/lib/python3.12/site-packages/pip/_vendor/pyproject_hooks/_in_process/_in_process.py\n'}
[0.210191] (mobile_robot) StdoutLine: {'line': b'-- Up-to-date symlink: /home/hornet/Desktop/pathfollowingbot/install/mobile_robot/share/mobile_robot/model/.venv/lib/python3.12/site-packages/pip/_vendor/pyproject_hooks/py.typed\n'}
[0.210247] (mobile_robot) StdoutLine: {'line': b'-- Up-to-date symlink: /home/hornet/Desktop/pathfollowingbot/install/mobile_robot/share/mobile_robot/model/.venv/lib/python3.12/site-packages/pip/_vendor/requests/LICENSE\n'}
[0.210301] (mobile_robot) StdoutLine: {'line': b'-- Up-to-date symlink: /home/hornet/Desktop/pathfollowingbot/install/mobile_robot/share/mobile_robot/model/.venv/lib/python3.12/site-packages/pip/_vendor/requests/__init__.py\n'}
[0.210364] (mobile_robot) StdoutLine: {'line': b'-- Up-to-date symlink: /home/hornet/Desktop/pathfollowingbot/install/mobile_robot/share/mobile_robot/model/.venv/lib/python3.12/site-packages/pip/_vendor/requests/__pycache__/__init__.cpython-312.pyc\n'}
[0.210422] (mobile_robot) StdoutLine: {'line': b'-- Up-to-date symlink: /home/hornet/Desktop/pathfollowingbot/install/mobile_robot/share/mobile_robot/model/.venv/lib/python3.12/site-packages/pip/_vendor/requests/__pycache__/__version__.cpython-312.pyc\n'}
[0.210478] (mobile_robot) StdoutLine: {'line': b'-- Up-to-date symlink: /home/hornet/Desktop/pathfollowingbot/install/mobile_robot/share/mobile_robot/model/.venv/lib/python3.12/site-packages/pip/_vendor/requests/__pycache__/_internal_utils.cpython-312.pyc\n'}
[0.210539] (mobile_robot) StdoutLine: {'line': b'-- Up-to-date symlink: /home/hornet/Desktop/pathfollowingbot/install/mobile_robot/share/mobile_robot/model/.venv/lib/python3.12/site-packages/pip/_vendor/requests/__pycache__/adapters.cpython-312.pyc\n'}
[0.210594] (mobile_robot) StdoutLine: {'line': b'-- Up-to-date symlink: /home/hornet/Desktop/pathfollowingbot/install/mobile_robot/share/mobile_robot/model/.venv/lib/python3.12/site-packages/pip/_vendor/requests/__pycache__/api.cpython-312.pyc\n'}
[0.210656] (mobile_robot) StdoutLine: {'line': b'-- Up-to-date symlink: /home/hornet/Desktop/pathfollowingbot/install/mobile_robot/share/mobile_robot/model/.venv/lib/python3.12/site-packages/pip/_vendor/requests/__pycache__/auth.cpython-312.pyc\n'}
[0.210715] (mobile_robot) StdoutLine: {'line': b'-- Up-to-date symlink: /home/hornet/Desktop/pathfollowingbot/install/mobile_robot/share/mobile_robot/model/.venv/lib/python3.12/site-packages/pip/_vendor/requests/__pycache__/certs.cpython-312.pyc\n'}
[0.210771] (mobile_robot) StdoutLine: {'line': b'-- Up-to-date symlink: /home/hornet/Desktop/pathfollowingbot/install/mobile_robot/share/mobile_robot/model/.venv/lib/python3.12/site-packages/pip/_vendor/requests/__pycache__/compat.cpython-312.pyc\n'}
[0.210832] (mobile_robot) StdoutLine: {'line': b'-- Up-to-date symlink: /home/hornet/Desktop/pathfollowingbot/install/mobile_robot/share/mobile_robot/model/.venv/lib/python3.12/site-packages/pip/_vendor/requests/__pycache__/cookies.cpython-312.pyc\n'}
[0.210890] (mobile_robot) StdoutLine: {'line': b'-- Up-to-date symlink: /home/hornet/Desktop/pathfollowingbot/install/mobile_robot/share/mobile_robot/model/.venv/lib/python3.12/site-packages/pip/_vendor/requests/__pycache__/exceptions.cpython-312.pyc\n'}
[0.210949] (mobile_robot) StdoutLine: {'line': b'-- Up-to-date symlink: /home/hornet/Desktop/pathfollowingbot/install/mobile_robot/share/mobile_robot/model/.venv/lib/python3.12/site-packages/pip/_vendor/requests/__pycache__/help.cpython-312.pyc\n'}
[0.211012] (mobile_robot) StdoutLine: {'line': b'-- Up-to-date symlink: /home/hornet/Desktop/pathfollowingbot/install/mobile_robot/share/mobile_robot/model/.venv/lib/python3.12/site-packages/pip/_vendor/requests/__pycache__/hooks.cpython-312.pyc\n'}
[0.211220] (mobile_robot) StdoutLine: {'line': b'-- Up-to-date symlink: /home/hornet/Desktop/pathfollowingbot/install/mobile_robot/share/mobile_robot/model/.venv/lib/python3.12/site-packages/pip/_vendor/requests/__pycache__/models.cpython-312.pyc\n'}
[0.211257] (mobile_robot) StdoutLine: {'line': b'-- Up-to-date symlink: /home/hornet/Desktop/pathfollowingbot/install/mobile_robot/share/mobile_robot/model/.venv/lib/python3.12/site-packages/pip/_vendor/requests/__pycache__/packages.cpython-312.pyc\n'}
[0.211294] (mobile_robot) StdoutLine: {'line': b'-- Up-to-date symlink: /home/hornet/Desktop/pathfollowingbot/install/mobile_robot/share/mobile_robot/model/.venv/lib/python3.12/site-packages/pip/_vendor/requests/__pycache__/sessions.cpython-312.pyc\n'}
[0.211346] (mobile_robot) StdoutLine: {'line': b'-- Up-to-date symlink: /home/hornet/Desktop/pathfollowingbot/install/mobile_robot/share/mobile_robot/model/.venv/lib/python3.12/site-packages/pip/_vendor/requests/__pycache__/status_codes.cpython-312.pyc\n'}
[0.211397] (mobile_robot) StdoutLine: {'line': b'-- Up-to-date symlink: /home/hornet/Desktop/pathfollowingbot/install/mobile_robot/share/mobile_robot/model/.venv/lib/python3.12/site-packages/pip/_vendor/requests/__pycache__/structures.cpython-312.pyc\n'}
[0.211432] (mobile_robot) StdoutLine: {'line': b'-- Up-to-date symlink: /home/hornet/Desktop/pathfollowingbot/install/mobile_robot/share/mobile_robot/model/.venv/lib/python3.12/site-packages/pip/_vendor/requests/__pycache__/utils.cpython-312.pyc\n'}
[0.211474] (mobile_robot) StdoutLine: {'line': b'-- Up-to-date symlink: /home/hornet/Desktop/pathfollowingbot/install/mobile_robot/share/mobile_robot/model/.venv/lib/python3.12/site-packages/pip/_vendor/requests/__version__.py\n'}
[0.211535] (mobile_robot) StdoutLine: {'line': b'-- Up-to-date symlink: /home/hornet/Desktop/pathfollowingbot/install/mobile_robot/share/mobile_robot/model/.venv/lib/python3.12/site-packages/pip/_vendor/requests/_internal_utils.py\n'}
[0.211571] (mobile_robot) StdoutLine: {'line': b'-- Up-to-date symlink: /home/hornet/Desktop/pathfollowingbot/install/mobile_robot/share/mobile_robot/model/.venv/lib/python3.12/site-packages/pip/_vendor/requests/adapters.py\n'}
[0.211625] (mobile_robot) StdoutLine: {'line': b'-- Up-to-date symlink: /home/hornet/Desktop/pathfollowingbot/install/mobile_robot/share/mobile_robot/model/.venv/lib/python3.12/site-packages/pip/_vendor/requests/api.py\n'}
[0.211713] (mobile_robot) StdoutLine: {'line': b'-- Up-to-date symlink: /home/hornet/Desktop/pathfollowingbot/install/mobile_robot/share/mobile_robot/model/.venv/lib/python3.12/site-packages/pip/_vendor/requests/auth.py\n'}
[0.211754] (mobile_robot) StdoutLine: {'line': b'-- Up-to-date symlink: /home/hornet/Desktop/pathfollowingbot/install/mobile_robot/share/mobile_robot/model/.venv/lib/python3.12/site-packages/pip/_vendor/requests/certs.py\n'}
[0.211812] (mobile_robot) StdoutLine: {'line': b'-- Up-to-date symlink: /home/hornet/Desktop/pathfollowingbot/install/mobile_robot/share/mobile_robot/model/.venv/lib/python3.12/site-packages/pip/_vendor/requests/compat.py\n'}
[0.211849] (mobile_robot) StdoutLine: {'line': b'-- Up-to-date symlink: /home/hornet/Desktop/pathfollowingbot/install/mobile_robot/share/mobile_robot/model/.venv/lib/python3.12/site-packages/pip/_vendor/requests/cookies.py\n'}
[0.211900] (mobile_robot) StdoutLine: {'line': b'-- Up-to-date symlink: /home/hornet/Desktop/pathfollowingbot/install/mobile_robot/share/mobile_robot/model/.venv/lib/python3.12/site-packages/pip/_vendor/requests/exceptions.py\n'}
[0.211952] (mobile_robot) StdoutLine: {'line': b'-- Up-to-date symlink: /home/hornet/Desktop/pathfollowingbot/install/mobile_robot/share/mobile_robot/model/.venv/lib/python3.12/site-packages/pip/_vendor/requests/help.py\n'}
[0.211995] (mobile_robot) StdoutLine: {'line': b'-- Up-to-date symlink: /home/hornet/Desktop/pathfollowingbot/install/mobile_robot/share/mobile_robot/model/.venv/lib/python3.12/site-packages/pip/_vendor/requests/hooks.py\n'}
[0.212046] (mobile_robot) StdoutLine: {'line': b'-- Up-to-date symlink: /home/hornet/Desktop/pathfollowingbot/install/mobile_robot/share/mobile_robot/model/.venv/lib/python3.12/site-packages/pip/_vendor/requests/models.py\n'}
[0.212098] (mobile_robot) StdoutLine: {'line': b'-- Up-to-date symlink: /home/hornet/Desktop/pathfollowingbot/install/mobile_robot/share/mobile_robot/model/.venv/lib/python3.12/site-packages/pip/_vendor/requests/packages.py\n'}
[0.212152] (mobile_robot) StdoutLine: {'line': b'-- Up-to-date symlink: /home/hornet/Desktop/pathfollowingbot/install/mobile_robot/share/mobile_robot/model/.venv/lib/python3.12/site-packages/pip/_vendor/requests/sessions.py\n'}
[0.212209] (mobile_robot) StdoutLine: {'line': b'-- Up-to-date symlink: /home/hornet/Desktop/pathfollowingbot/install/mobile_robot/share/mobile_robot/model/.venv/lib/python3.12/site-packages/pip/_vendor/requests/status_codes.py\n'}
[0.212258] (mobile_robot) StdoutLine: {'line': b'-- Up-to-date symlink: /home/hornet/Desktop/pathfollowingbot/install/mobile_robot/share/mobile_robot/model/.venv/lib/python3.12/site-packages/pip/_vendor/requests/structures.py\n'}
[0.212315] (mobile_robot) StdoutLine: {'line': b'-- Up-to-date symlink: /home/hornet/Desktop/pathfollowingbot/install/mobile_robot/share/mobile_robot/model/.venv/lib/python3.12/site-packages/pip/_vendor/requests/utils.py\n'}
[0.212371] (mobile_robot) StdoutLine: {'line': b'-- Up-to-date symlink: /home/hornet/Desktop/pathfollowingbot/install/mobile_robot/share/mobile_robot/model/.venv/lib/python3.12/site-packages/pip/_vendor/resolvelib/LICENSE\n'}
[0.212427] (mobile_robot) StdoutLine: {'line': b'-- Up-to-date symlink: /home/hornet/Desktop/pathfollowingbot/install/mobile_robot/share/mobile_robot/model/.venv/lib/python3.12/site-packages/pip/_vendor/resolvelib/__init__.py\n'}
[0.212489] (mobile_robot) StdoutLine: {'line': b'-- Up-to-date symlink: /home/hornet/Desktop/pathfollowingbot/install/mobile_robot/share/mobile_robot/model/.venv/lib/python3.12/site-packages/pip/_vendor/resolvelib/__pycache__/__init__.cpython-312.pyc\n'}
[0.212546] (mobile_robot) StdoutLine: {'line': b'-- Up-to-date symlink: /home/hornet/Desktop/pathfollowingbot/install/mobile_robot/share/mobile_robot/model/.venv/lib/python3.12/site-packages/pip/_vendor/resolvelib/__pycache__/providers.cpython-312.pyc\n'}
[0.212616] (mobile_robot) StdoutLine: {'line': b'-- Up-to-date symlink: /home/hornet/Desktop/pathfollowingbot/install/mobile_robot/share/mobile_robot/model/.venv/lib/python3.12/site-packages/pip/_vendor/resolvelib/__pycache__/reporters.cpython-312.pyc\n'}
[0.212670] (mobile_robot) StdoutLine: {'line': b'-- Up-to-date symlink: /home/hornet/Desktop/pathfollowingbot/install/mobile_robot/share/mobile_robot/model/.venv/lib/python3.12/site-packages/pip/_vendor/resolvelib/__pycache__/structs.cpython-312.pyc\n'}
[0.212728] (mobile_robot) StdoutLine: {'line': b'-- Up-to-date symlink: /home/hornet/Desktop/pathfollowingbot/install/mobile_robot/share/mobile_robot/model/.venv/lib/python3.12/site-packages/pip/_vendor/resolvelib/providers.py\n'}
[0.212785] (mobile_robot) StdoutLine: {'line': b'-- Up-to-date symlink: /home/hornet/Desktop/pathfollowingbot/install/mobile_robot/share/mobile_robot/model/.venv/lib/python3.12/site-packages/pip/_vendor/resolvelib/py.typed\n'}
[0.212845] (mobile_robot) StdoutLine: {'line': b'-- Up-to-date symlink: /home/hornet/Desktop/pathfollowingbot/install/mobile_robot/share/mobile_robot/model/.venv/lib/python3.12/site-packages/pip/_vendor/resolvelib/reporters.py\n'}
[0.212905] (mobile_robot) StdoutLine: {'line': b'-- Up-to-date symlink: /home/hornet/Desktop/pathfollowingbot/install/mobile_robot/share/mobile_robot/model/.venv/lib/python3.12/site-packages/pip/_vendor/resolvelib/resolvers/__init__.py\n'}
[0.212966] (mobile_robot) StdoutLine: {'line': b'-- Up-to-date symlink: /home/hornet/Desktop/pathfollowingbot/install/mobile_robot/share/mobile_robot/model/.venv/lib/python3.12/site-packages/pip/_vendor/resolvelib/resolvers/__pycache__/__init__.cpython-312.pyc\n'}
[0.213040] (mobile_robot) StdoutLine: {'line': b'-- Up-to-date symlink: /home/hornet/Desktop/pathfollowingbot/install/mobile_robot/share/mobile_robot/model/.venv/lib/python3.12/site-packages/pip/_vendor/resolvelib/resolvers/__pycache__/abstract.cpython-312.pyc\n'}
[0.213096] (mobile_robot) StdoutLine: {'line': b'-- Up-to-date symlink: /home/hornet/Desktop/pathfollowingbot/install/mobile_robot/share/mobile_robot/model/.venv/lib/python3.12/site-packages/pip/_vendor/resolvelib/resolvers/__pycache__/criterion.cpython-312.pyc\n'}
[0.213157] (mobile_robot) StdoutLine: {'line': b'-- Up-to-date symlink: /home/hornet/Desktop/pathfollowingbot/install/mobile_robot/share/mobile_robot/model/.venv/lib/python3.12/site-packages/pip/_vendor/resolvelib/resolvers/__pycache__/exceptions.cpython-312.pyc\n'}
[0.213219] (mobile_robot) StdoutLine: {'line': b'-- Up-to-date symlink: /home/hornet/Desktop/pathfollowingbot/install/mobile_robot/share/mobile_robot/model/.venv/lib/python3.12/site-packages/pip/_vendor/resolvelib/resolvers/__pycache__/resolution.cpython-312.pyc\n'}
[0.213279] (mobile_robot) StdoutLine: {'line': b'-- Up-to-date symlink: /home/hornet/Desktop/pathfollowingbot/install/mobile_robot/share/mobile_robot/model/.venv/lib/python3.12/site-packages/pip/_vendor/resolvelib/resolvers/abstract.py\n'}
[0.213347] (mobile_robot) StdoutLine: {'line': b'-- Up-to-date symlink: /home/hornet/Desktop/pathfollowingbot/install/mobile_robot/share/mobile_robot/model/.venv/lib/python3.12/site-packages/pip/_vendor/resolvelib/resolvers/criterion.py\n'}
[0.213398] (mobile_robot) StdoutLine: {'line': b'-- Up-to-date symlink: /home/hornet/Desktop/pathfollowingbot/install/mobile_robot/share/mobile_robot/model/.venv/lib/python3.12/site-packages/pip/_vendor/resolvelib/resolvers/exceptions.py\n'}
[0.213458] (mobile_robot) StdoutLine: {'line': b'-- Up-to-date symlink: /home/hornet/Desktop/pathfollowingbot/install/mobile_robot/share/mobile_robot/model/.venv/lib/python3.12/site-packages/pip/_vendor/resolvelib/resolvers/resolution.py\n'}
[0.213516] (mobile_robot) StdoutLine: {'line': b'-- Up-to-date symlink: /home/hornet/Desktop/pathfollowingbot/install/mobile_robot/share/mobile_robot/model/.venv/lib/python3.12/site-packages/pip/_vendor/resolvelib/structs.py\n'}
[0.213575] (mobile_robot) StdoutLine: {'line': b'-- Up-to-date symlink: /home/hornet/Desktop/pathfollowingbot/install/mobile_robot/share/mobile_robot/model/.venv/lib/python3.12/site-packages/pip/_vendor/rich/LICENSE\n'}
[0.213633] (mobile_robot) StdoutLine: {'line': b'-- Up-to-date symlink: /home/hornet/Desktop/pathfollowingbot/install/mobile_robot/share/mobile_robot/model/.venv/lib/python3.12/site-packages/pip/_vendor/rich/__init__.py\n'}
[0.213713] (mobile_robot) StdoutLine: {'line': b'-- Up-to-date symlink: /home/hornet/Desktop/pathfollowingbot/install/mobile_robot/share/mobile_robot/model/.venv/lib/python3.12/site-packages/pip/_vendor/rich/__main__.py\n'}
[0.213768] (mobile_robot) StdoutLine: {'line': b'-- Up-to-date symlink: /home/hornet/Desktop/pathfollowingbot/install/mobile_robot/share/mobile_robot/model/.venv/lib/python3.12/site-packages/pip/_vendor/rich/__pycache__/__init__.cpython-312.pyc\n'}
[0.213822] (mobile_robot) StdoutLine: {'line': b'-- Up-to-date symlink: /home/hornet/Desktop/pathfollowingbot/install/mobile_robot/share/mobile_robot/model/.venv/lib/python3.12/site-packages/pip/_vendor/rich/__pycache__/__main__.cpython-312.pyc\n'}
[0.213882] (mobile_robot) StdoutLine: {'line': b'-- Up-to-date symlink: /home/hornet/Desktop/pathfollowingbot/install/mobile_robot/share/mobile_robot/model/.venv/lib/python3.12/site-packages/pip/_vendor/rich/__pycache__/_cell_widths.cpython-312.pyc\n'}
[0.213941] (mobile_robot) StdoutLine: {'line': b'-- Up-to-date symlink: /home/hornet/Desktop/pathfollowingbot/install/mobile_robot/share/mobile_robot/model/.venv/lib/python3.12/site-packages/pip/_vendor/rich/__pycache__/_emoji_codes.cpython-312.pyc\n'}
[0.214002] (mobile_robot) StdoutLine: {'line': b'-- Up-to-date symlink: /home/hornet/Desktop/pathfollowingbot/install/mobile_robot/share/mobile_robot/model/.venv/lib/python3.12/site-packages/pip/_vendor/rich/__pycache__/_emoji_replace.cpython-312.pyc\n'}
[0.214061] (mobile_robot) StdoutLine: {'line': b'-- Up-to-date symlink: /home/hornet/Desktop/pathfollowingbot/install/mobile_robot/share/mobile_robot/model/.venv/lib/python3.12/site-packages/pip/_vendor/rich/__pycache__/_export_format.cpython-312.pyc\n'}
[0.214119] (mobile_robot) StdoutLine: {'line': b'-- Up-to-date symlink: /home/hornet/Desktop/pathfollowingbot/install/mobile_robot/share/mobile_robot/model/.venv/lib/python3.12/site-packages/pip/_vendor/rich/__pycache__/_extension.cpython-312.pyc\n'}
[0.214191] (mobile_robot) StdoutLine: {'line': b'-- Up-to-date symlink: /home/hornet/Desktop/pathfollowingbot/install/mobile_robot/share/mobile_robot/model/.venv/lib/python3.12/site-packages/pip/_vendor/rich/__pycache__/_fileno.cpython-312.pyc\n'}
[0.214245] (mobile_robot) StdoutLine: {'line': b'-- Up-to-date symlink: /home/hornet/Desktop/pathfollowingbot/install/mobile_robot/share/mobile_robot/model/.venv/lib/python3.12/site-packages/pip/_vendor/rich/__pycache__/_inspect.cpython-312.pyc\n'}
[0.214304] (mobile_robot) StdoutLine: {'line': b'-- Up-to-date symlink: /home/hornet/Desktop/pathfollowingbot/install/mobile_robot/share/mobile_robot/model/.venv/lib/python3.12/site-packages/pip/_vendor/rich/__pycache__/_log_render.cpython-312.pyc\n'}
[0.214364] (mobile_robot) StdoutLine: {'line': b'-- Up-to-date symlink: /home/hornet/Desktop/pathfollowingbot/install/mobile_robot/share/mobile_robot/model/.venv/lib/python3.12/site-packages/pip/_vendor/rich/__pycache__/_loop.cpython-312.pyc\n'}
[0.214422] (mobile_robot) StdoutLine: {'line': b'-- Up-to-date symlink: /home/hornet/Desktop/pathfollowingbot/install/mobile_robot/share/mobile_robot/model/.venv/lib/python3.12/site-packages/pip/_vendor/rich/__pycache__/_null_file.cpython-312.pyc\n'}
[0.214484] (mobile_robot) StdoutLine: {'line': b'-- Up-to-date symlink: /home/hornet/Desktop/pathfollowingbot/install/mobile_robot/share/mobile_robot/model/.venv/lib/python3.12/site-packages/pip/_vendor/rich/__pycache__/_palettes.cpython-312.pyc\n'}
[0.214543] (mobile_robot) StdoutLine: {'line': b'-- Up-to-date symlink: /home/hornet/Desktop/pathfollowingbot/install/mobile_robot/share/mobile_robot/model/.venv/lib/python3.12/site-packages/pip/_vendor/rich/__pycache__/_pick.cpython-312.pyc\n'}
[0.214602] (mobile_robot) StdoutLine: {'line': b'-- Up-to-date symlink: /home/hornet/Desktop/pathfollowingbot/install/mobile_robot/share/mobile_robot/model/.venv/lib/python3.12/site-packages/pip/_vendor/rich/__pycache__/_ratio.cpython-312.pyc\n'}
[0.214666] (mobile_robot) StdoutLine: {'line': b'-- Up-to-date symlink: /home/hornet/Desktop/pathfollowingbot/install/mobile_robot/share/mobile_robot/model/.venv/lib/python3.12/site-packages/pip/_vendor/rich/__pycache__/_spinners.cpython-312.pyc\n'}
[0.214731] (mobile_robot) StdoutLine: {'line': b'-- Up-to-date symlink: /home/hornet/Desktop/pathfollowingbot/install/mobile_robot/share/mobile_robot/model/.venv/lib/python3.12/site-packages/pip/_vendor/rich/__pycache__/_stack.cpython-312.pyc\n'}
[0.214788] (mobile_robot) StdoutLine: {'line': b'-- Up-to-date symlink: /home/hornet/Desktop/pathfollowingbot/install/mobile_robot/share/mobile_robot/model/.venv/lib/python3.12/site-packages/pip/_vendor/rich/__pycache__/_timer.cpython-312.pyc\n'}
[0.214847] (mobile_robot) StdoutLine: {'line': b'-- Up-to-date symlink: /home/hornet/Desktop/pathfollowingbot/install/mobile_robot/share/mobile_robot/model/.venv/lib/python3.12/site-packages/pip/_vendor/rich/__pycache__/_win32_console.cpython-312.pyc\n'}
[0.214906] (mobile_robot) StdoutLine: {'line': b'-- Up-to-date symlink: /home/hornet/Desktop/pathfollowingbot/install/mobile_robot/share/mobile_robot/model/.venv/lib/python3.12/site-packages/pip/_vendor/rich/__pycache__/_windows.cpython-312.pyc\n'}
[0.214968] (mobile_robot) StdoutLine: {'line': b'-- Up-to-date symlink: /home/hornet/Desktop/pathfollowingbot/install/mobile_robot/share/mobile_robot/model/.venv/lib/python3.12/site-packages/pip/_vendor/rich/__pycache__/_windows_renderer.cpython-312.pyc\n'}
[0.215026] (mobile_robot) StdoutLine: {'line': b'-- Up-to-date symlink: /home/hornet/Desktop/pathfollowingbot/install/mobile_robot/share/mobile_robot/model/.venv/lib/python3.12/site-packages/pip/_vendor/rich/__pycache__/_wrap.cpython-312.pyc\n'}
[0.215084] (mobile_robot) StdoutLine: {'line': b'-- Up-to-date symlink: /home/hornet/Desktop/pathfollowingbot/install/mobile_robot/share/mobile_robot/model/.venv/lib/python3.12/site-packages/pip/_vendor/rich/__pycache__/abc.cpython-312.pyc\n'}
[0.215144] (mobile_robot) StdoutLine: {'line': b'-- Up-to-date symlink: /home/hornet/Desktop/pathfollowingbot/install/mobile_robot/share/mobile_robot/model/.venv/lib/python3.12/site-packages/pip/_vendor/rich/__pycache__/align.cpython-312.pyc\n'}
[0.215204] (mobile_robot) StdoutLine: {'line': b'-- Up-to-date symlink: /home/hornet/Desktop/pathfollowingbot/install/mobile_robot/share/mobile_robot/model/.venv/lib/python3.12/site-packages/pip/_vendor/rich/__pycache__/ansi.cpython-312.pyc\n'}
[0.215262] (mobile_robot) StdoutLine: {'line': b'-- Up-to-date symlink: /home/hornet/Desktop/pathfollowingbot/install/mobile_robot/share/mobile_robot/model/.venv/lib/python3.12/site-packages/pip/_vendor/rich/__pycache__/bar.cpython-312.pyc\n'}
[0.215336] (mobile_robot) StdoutLine: {'line': b'-- Up-to-date symlink: /home/hornet/Desktop/pathfollowingbot/install/mobile_robot/share/mobile_robot/model/.venv/lib/python3.12/site-packages/pip/_vendor/rich/__pycache__/box.cpython-312.pyc\n'}
[0.215389] (mobile_robot) StdoutLine: {'line': b'-- Up-to-date symlink: /home/hornet/Desktop/pathfollowingbot/install/mobile_robot/share/mobile_robot/model/.venv/lib/python3.12/site-packages/pip/_vendor/rich/__pycache__/cells.cpython-312.pyc\n'}
[0.215448] (mobile_robot) StdoutLine: {'line': b'-- Up-to-date symlink: /home/hornet/Desktop/pathfollowingbot/install/mobile_robot/share/mobile_robot/model/.venv/lib/python3.12/site-packages/pip/_vendor/rich/__pycache__/color.cpython-312.pyc\n'}
[0.215505] (mobile_robot) StdoutLine: {'line': b'-- Up-to-date symlink: /home/hornet/Desktop/pathfollowingbot/install/mobile_robot/share/mobile_robot/model/.venv/lib/python3.12/site-packages/pip/_vendor/rich/__pycache__/color_triplet.cpython-312.pyc\n'}
[0.215565] (mobile_robot) StdoutLine: {'line': b'-- Up-to-date symlink: /home/hornet/Desktop/pathfollowingbot/install/mobile_robot/share/mobile_robot/model/.venv/lib/python3.12/site-packages/pip/_vendor/rich/__pycache__/columns.cpython-312.pyc\n'}
[0.215625] (mobile_robot) StdoutLine: {'line': b'-- Up-to-date symlink: /home/hornet/Desktop/pathfollowingbot/install/mobile_robot/share/mobile_robot/model/.venv/lib/python3.12/site-packages/pip/_vendor/rich/__pycache__/console.cpython-312.pyc\n'}
[0.215688] (mobile_robot) StdoutLine: {'line': b'-- Up-to-date symlink: /home/hornet/Desktop/pathfollowingbot/install/mobile_robot/share/mobile_robot/model/.venv/lib/python3.12/site-packages/pip/_vendor/rich/__pycache__/constrain.cpython-312.pyc\n'}
[0.215747] (mobile_robot) StdoutLine: {'line': b'-- Up-to-date symlink: /home/hornet/Desktop/pathfollowingbot/install/mobile_robot/share/mobile_robot/model/.venv/lib/python3.12/site-packages/pip/_vendor/rich/__pycache__/containers.cpython-312.pyc\n'}
[0.215805] (mobile_robot) StdoutLine: {'line': b'-- Up-to-date symlink: /home/hornet/Desktop/pathfollowingbot/install/mobile_robot/share/mobile_robot/model/.venv/lib/python3.12/site-packages/pip/_vendor/rich/__pycache__/control.cpython-312.pyc\n'}
[0.215865] (mobile_robot) StdoutLine: {'line': b'-- Up-to-date symlink: /home/hornet/Desktop/pathfollowingbot/install/mobile_robot/share/mobile_robot/model/.venv/lib/python3.12/site-packages/pip/_vendor/rich/__pycache__/default_styles.cpython-312.pyc\n'}
[0.215924] (mobile_robot) StdoutLine: {'line': b'-- Up-to-date symlink: /home/hornet/Desktop/pathfollowingbot/install/mobile_robot/share/mobile_robot/model/.venv/lib/python3.12/site-packages/pip/_vendor/rich/__pycache__/diagnose.cpython-312.pyc\n'}
[0.215982] (mobile_robot) StdoutLine: {'line': b'-- Up-to-date symlink: /home/hornet/Desktop/pathfollowingbot/install/mobile_robot/share/mobile_robot/model/.venv/lib/python3.12/site-packages/pip/_vendor/rich/__pycache__/emoji.cpython-312.pyc\n'}
[0.216051] (mobile_robot) StdoutLine: {'line': b'-- Up-to-date symlink: /home/hornet/Desktop/pathfollowingbot/install/mobile_robot/share/mobile_robot/model/.venv/lib/python3.12/site-packages/pip/_vendor/rich/__pycache__/errors.cpython-312.pyc\n'}
[0.216102] (mobile_robot) StdoutLine: {'line': b'-- Up-to-date symlink: /home/hornet/Desktop/pathfollowingbot/install/mobile_robot/share/mobile_robot/model/.venv/lib/python3.12/site-packages/pip/_vendor/rich/__pycache__/file_proxy.cpython-312.pyc\n'}
[0.216163] (mobile_robot) StdoutLine: {'line': b'-- Up-to-date symlink: /home/hornet/Desktop/pathfollowingbot/install/mobile_robot/share/mobile_robot/model/.venv/lib/python3.12/site-packages/pip/_vendor/rich/__pycache__/filesize.cpython-312.pyc\n'}
[0.216219] (mobile_robot) StdoutLine: {'line': b'-- Up-to-date symlink: /home/hornet/Desktop/pathfollowingbot/install/mobile_robot/share/mobile_robot/model/.venv/lib/python3.12/site-packages/pip/_vendor/rich/__pycache__/highlighter.cpython-312.pyc\n'}
[0.216281] (mobile_robot) StdoutLine: {'line': b'-- Up-to-date symlink: /home/hornet/Desktop/pathfollowingbot/install/mobile_robot/share/mobile_robot/model/.venv/lib/python3.12/site-packages/pip/_vendor/rich/__pycache__/json.cpython-312.pyc\n'}
[0.216337] (mobile_robot) StdoutLine: {'line': b'-- Up-to-date symlink: /home/hornet/Desktop/pathfollowingbot/install/mobile_robot/share/mobile_robot/model/.venv/lib/python3.12/site-packages/pip/_vendor/rich/__pycache__/jupyter.cpython-312.pyc\n'}
[0.216407] (mobile_robot) StdoutLine: {'line': b'-- Up-to-date symlink: /home/hornet/Desktop/pathfollowingbot/install/mobile_robot/share/mobile_robot/model/.venv/lib/python3.12/site-packages/pip/_vendor/rich/__pycache__/layout.cpython-312.pyc\n'}
[0.216459] (mobile_robot) StdoutLine: {'line': b'-- Up-to-date symlink: /home/hornet/Desktop/pathfollowingbot/install/mobile_robot/share/mobile_robot/model/.venv/lib/python3.12/site-packages/pip/_vendor/rich/__pycache__/live.cpython-312.pyc\n'}
[0.216518] (mobile_robot) StdoutLine: {'line': b'-- Up-to-date symlink: /home/hornet/Desktop/pathfollowingbot/install/mobile_robot/share/mobile_robot/model/.venv/lib/python3.12/site-packages/pip/_vendor/rich/__pycache__/live_render.cpython-312.pyc\n'}
[0.216578] (mobile_robot) StdoutLine: {'line': b'-- Up-to-date symlink: /home/hornet/Desktop/pathfollowingbot/install/mobile_robot/share/mobile_robot/model/.venv/lib/python3.12/site-packages/pip/_vendor/rich/__pycache__/logging.cpython-312.pyc\n'}
[0.216636] (mobile_robot) StdoutLine: {'line': b'-- Up-to-date symlink: /home/hornet/Desktop/pathfollowingbot/install/mobile_robot/share/mobile_robot/model/.venv/lib/python3.12/site-packages/pip/_vendor/rich/__pycache__/markup.cpython-312.pyc\n'}
[0.216699] (mobile_robot) StdoutLine: {'line': b'-- Up-to-date symlink: /home/hornet/Desktop/pathfollowingbot/install/mobile_robot/share/mobile_robot/model/.venv/lib/python3.12/site-packages/pip/_vendor/rich/__pycache__/measure.cpython-312.pyc\n'}
[0.216757] (mobile_robot) StdoutLine: {'line': b'-- Up-to-date symlink: /home/hornet/Desktop/pathfollowingbot/install/mobile_robot/share/mobile_robot/model/.venv/lib/python3.12/site-packages/pip/_vendor/rich/__pycache__/padding.cpython-312.pyc\n'}
[0.216817] (mobile_robot) StdoutLine: {'line': b'-- Up-to-date symlink: /home/hornet/Desktop/pathfollowingbot/install/mobile_robot/share/mobile_robot/model/.venv/lib/python3.12/site-packages/pip/_vendor/rich/__pycache__/pager.cpython-312.pyc\n'}
[0.216876] (mobile_robot) StdoutLine: {'line': b'-- Up-to-date symlink: /home/hornet/Desktop/pathfollowingbot/install/mobile_robot/share/mobile_robot/model/.venv/lib/python3.12/site-packages/pip/_vendor/rich/__pycache__/palette.cpython-312.pyc\n'}
[0.216935] (mobile_robot) StdoutLine: {'line': b'-- Up-to-date symlink: /home/hornet/Desktop/pathfollowingbot/install/mobile_robot/share/mobile_robot/model/.venv/lib/python3.12/site-packages/pip/_vendor/rich/__pycache__/panel.cpython-312.pyc\n'}
[0.216995] (mobile_robot) StdoutLine: {'line': b'-- Up-to-date symlink: /home/hornet/Desktop/pathfollowingbot/install/mobile_robot/share/mobile_robot/model/.venv/lib/python3.12/site-packages/pip/_vendor/rich/__pycache__/pretty.cpython-312.pyc\n'}
[0.217055] (mobile_robot) StdoutLine: {'line': b'-- Up-to-date symlink: /home/hornet/Desktop/pathfollowingbot/install/mobile_robot/share/mobile_robot/model/.venv/lib/python3.12/site-packages/pip/_vendor/rich/__pycache__/progress.cpython-312.pyc\n'}
[0.217116] (mobile_robot) StdoutLine: {'line': b'-- Up-to-date symlink: /home/hornet/Desktop/pathfollowingbot/install/mobile_robot/share/mobile_robot/model/.venv/lib/python3.12/site-packages/pip/_vendor/rich/__pycache__/progress_bar.cpython-312.pyc\n'}
[0.217174] (mobile_robot) StdoutLine: {'line': b'-- Up-to-date symlink: /home/hornet/Desktop/pathfollowingbot/install/mobile_robot/share/mobile_robot/model/.venv/lib/python3.12/site-packages/pip/_vendor/rich/__pycache__/prompt.cpython-312.pyc\n'}
[0.217235] (mobile_robot) StdoutLine: {'line': b'-- Up-to-date symlink: /home/hornet/Desktop/pathfollowingbot/install/mobile_robot/share/mobile_robot/model/.venv/lib/python3.12/site-packages/pip/_vendor/rich/__pycache__/protocol.cpython-312.pyc\n'}
[0.217293] (mobile_robot) StdoutLine: {'line': b'-- Up-to-date symlink: /home/hornet/Desktop/pathfollowingbot/install/mobile_robot/share/mobile_robot/model/.venv/lib/python3.12/site-packages/pip/_vendor/rich/__pycache__/region.cpython-312.pyc\n'}
[0.217351] (mobile_robot) StdoutLine: {'line': b'-- Up-to-date symlink: /home/hornet/Desktop/pathfollowingbot/install/mobile_robot/share/mobile_robot/model/.venv/lib/python3.12/site-packages/pip/_vendor/rich/__pycache__/repr.cpython-312.pyc\n'}
[0.217409] (mobile_robot) StdoutLine: {'line': b'-- Up-to-date symlink: /home/hornet/Desktop/pathfollowingbot/install/mobile_robot/share/mobile_robot/model/.venv/lib/python3.12/site-packages/pip/_vendor/rich/__pycache__/rule.cpython-312.pyc\n'}
[0.217469] (mobile_robot) StdoutLine: {'line': b'-- Up-to-date symlink: /home/hornet/Desktop/pathfollowingbot/install/mobile_robot/share/mobile_robot/model/.venv/lib/python3.12/site-packages/pip/_vendor/rich/__pycache__/scope.cpython-312.pyc\n'}
[0.217529] (mobile_robot) StdoutLine: {'line': b'-- Up-to-date symlink: /home/hornet/Desktop/pathfollowingbot/install/mobile_robot/share/mobile_robot/model/.venv/lib/python3.12/site-packages/pip/_vendor/rich/__pycache__/screen.cpython-312.pyc\n'}
[0.217587] (mobile_robot) StdoutLine: {'line': b'-- Up-to-date symlink: /home/hornet/Desktop/pathfollowingbot/install/mobile_robot/share/mobile_robot/model/.venv/lib/python3.12/site-packages/pip/_vendor/rich/__pycache__/segment.cpython-312.pyc\n'}
[0.217647] (mobile_robot) StdoutLine: {'line': b'-- Up-to-date symlink: /home/hornet/Desktop/pathfollowingbot/install/mobile_robot/share/mobile_robot/model/.venv/lib/python3.12/site-packages/pip/_vendor/rich/__pycache__/spinner.cpython-312.pyc\n'}
[0.217706] (mobile_robot) StdoutLine: {'line': b'-- Up-to-date symlink: /home/hornet/Desktop/pathfollowingbot/install/mobile_robot/share/mobile_robot/model/.venv/lib/python3.12/site-packages/pip/_vendor/rich/__pycache__/status.cpython-312.pyc\n'}
[0.217768] (mobile_robot) StdoutLine: {'line': b'-- Up-to-date symlink: /home/hornet/Desktop/pathfollowingbot/install/mobile_robot/share/mobile_robot/model/.venv/lib/python3.12/site-packages/pip/_vendor/rich/__pycache__/style.cpython-312.pyc\n'}
[0.217827] (mobile_robot) StdoutLine: {'line': b'-- Up-to-date symlink: /home/hornet/Desktop/pathfollowingbot/install/mobile_robot/share/mobile_robot/model/.venv/lib/python3.12/site-packages/pip/_vendor/rich/__pycache__/styled.cpython-312.pyc\n'}
[0.217887] (mobile_robot) StdoutLine: {'line': b'-- Up-to-date symlink: /home/hornet/Desktop/pathfollowingbot/install/mobile_robot/share/mobile_robot/model/.venv/lib/python3.12/site-packages/pip/_vendor/rich/__pycache__/syntax.cpython-312.pyc\n'}
[0.217946] (mobile_robot) StdoutLine: {'line': b'-- Up-to-date symlink: /home/hornet/Desktop/pathfollowingbot/install/mobile_robot/share/mobile_robot/model/.venv/lib/python3.12/site-packages/pip/_vendor/rich/__pycache__/table.cpython-312.pyc\n'}
[0.218004] (mobile_robot) StdoutLine: {'line': b'-- Up-to-date symlink: /home/hornet/Desktop/pathfollowingbot/install/mobile_robot/share/mobile_robot/model/.venv/lib/python3.12/site-packages/pip/_vendor/rich/__pycache__/terminal_theme.cpython-312.pyc\n'}
[0.218081] (mobile_robot) StdoutLine: {'line': b'-- Up-to-date symlink: /home/hornet/Desktop/pathfollowingbot/install/mobile_robot/share/mobile_robot/model/.venv/lib/python3.12/site-packages/pip/_vendor/rich/__pycache__/text.cpython-312.pyc\n'}
[0.218270] (mobile_robot) StdoutLine: {'line': b'-- Up-to-date symlink: /home/hornet/Desktop/pathfollowingbot/install/mobile_robot/share/mobile_robot/model/.venv/lib/python3.12/site-packages/pip/_vendor/rich/__pycache__/theme.cpython-312.pyc\n'}
[0.218394] (mobile_robot) StdoutLine: {'line': b'-- Up-to-date symlink: /home/hornet/Desktop/pathfollowingbot/install/mobile_robot/share/mobile_robot/model/.venv/lib/python3.12/site-packages/pip/_vendor/rich/__pycache__/themes.cpython-312.pyc\n'}
[0.218514] (mobile_robot) StdoutLine: {'line': b'-- Up-to-date symlink: /home/hornet/Desktop/pathfollowingbot/install/mobile_robot/share/mobile_robot/model/.venv/lib/python3.12/site-packages/pip/_vendor/rich/__pycache__/traceback.cpython-312.pyc\n'}
[0.218621] (mobile_robot) StdoutLine: {'line': b'-- Up-to-date symlink: /home/hornet/Desktop/pathfollowingbot/install/mobile_robot/share/mobile_robot/model/.venv/lib/python3.12/site-packages/pip/_vendor/rich/__pycache__/tree.cpython-312.pyc\n'}
[0.218738] (mobile_robot) StdoutLine: {'line': b'-- Up-to-date symlink: /home/hornet/Desktop/pathfollowingbot/install/mobile_robot/share/mobile_robot/model/.venv/lib/python3.12/site-packages/pip/_vendor/rich/_cell_widths.py\n'}
[0.218849] (mobile_robot) StdoutLine: {'line': b'-- Up-to-date symlink: /home/hornet/Desktop/pathfollowingbot/install/mobile_robot/share/mobile_robot/model/.venv/lib/python3.12/site-packages/pip/_vendor/rich/_emoji_codes.py\n'}
[0.218955] (mobile_robot) StdoutLine: {'line': b'-- Up-to-date symlink: /home/hornet/Desktop/pathfollowingbot/install/mobile_robot/share/mobile_robot/model/.venv/lib/python3.12/site-packages/pip/_vendor/rich/_emoji_replace.py\n'}
[0.219064] (mobile_robot) StdoutLine: {'line': b'-- Up-to-date symlink: /home/hornet/Desktop/pathfollowingbot/install/mobile_robot/share/mobile_robot/model/.venv/lib/python3.12/site-packages/pip/_vendor/rich/_export_format.py\n'}
[0.219165] (mobile_robot) StdoutLine: {'line': b'-- Up-to-date symlink: /home/hornet/Desktop/pathfollowingbot/install/mobile_robot/share/mobile_robot/model/.venv/lib/python3.12/site-packages/pip/_vendor/rich/_extension.py\n'}
[0.219279] (mobile_robot) StdoutLine: {'line': b'-- Up-to-date symlink: /home/hornet/Desktop/pathfollowingbot/install/mobile_robot/share/mobile_robot/model/.venv/lib/python3.12/site-packages/pip/_vendor/rich/_fileno.py\n'}
[0.219392] (mobile_robot) StdoutLine: {'line': b'-- Up-to-date symlink: /home/hornet/Desktop/pathfollowingbot/install/mobile_robot/share/mobile_robot/model/.venv/lib/python3.12/site-packages/pip/_vendor/rich/_inspect.py\n'}
[0.219494] (mobile_robot) StdoutLine: {'line': b'-- Up-to-date symlink: /home/hornet/Desktop/pathfollowingbot/install/mobile_robot/share/mobile_robot/model/.venv/lib/python3.12/site-packages/pip/_vendor/rich/_log_render.py\n'}
[0.219608] (mobile_robot) StdoutLine: {'line': b'-- Up-to-date symlink: /home/hornet/Desktop/pathfollowingbot/install/mobile_robot/share/mobile_robot/model/.venv/lib/python3.12/site-packages/pip/_vendor/rich/_loop.py\n'}
[0.219723] (mobile_robot) StdoutLine: {'line': b'-- Up-to-date symlink: /home/hornet/Desktop/pathfollowingbot/install/mobile_robot/share/mobile_robot/model/.venv/lib/python3.12/site-packages/pip/_vendor/rich/_null_file.py\n'}
[0.219825] (mobile_robot) StdoutLine: {'line': b'-- Up-to-date symlink: /home/hornet/Desktop/pathfollowingbot/install/mobile_robot/share/mobile_robot/model/.venv/lib/python3.12/site-packages/pip/_vendor/rich/_palettes.py\n'}
[0.219934] (mobile_robot) StdoutLine: {'line': b'-- Up-to-date symlink: /home/hornet/Desktop/pathfollowingbot/install/mobile_robot/share/mobile_robot/model/.venv/lib/python3.12/site-packages/pip/_vendor/rich/_pick.py\n'}
[0.220048] (mobile_robot) StdoutLine: {'line': b'-- Up-to-date symlink: /home/hornet/Desktop/pathfollowingbot/install/mobile_robot/share/mobile_robot/model/.venv/lib/python3.12/site-packages/pip/_vendor/rich/_ratio.py\n'}
[0.220163] (mobile_robot) StdoutLine: {'line': b'-- Up-to-date symlink: /home/hornet/Desktop/pathfollowingbot/install/mobile_robot/share/mobile_robot/model/.venv/lib/python3.12/site-packages/pip/_vendor/rich/_spinners.py\n'}
[0.220270] (mobile_robot) StdoutLine: {'line': b'-- Up-to-date symlink: /home/hornet/Desktop/pathfollowingbot/install/mobile_robot/share/mobile_robot/model/.venv/lib/python3.12/site-packages/pip/_vendor/rich/_stack.py\n'}
[0.220369] (mobile_robot) StdoutLine: {'line': b'-- Up-to-date symlink: /home/hornet/Desktop/pathfollowingbot/install/mobile_robot/share/mobile_robot/model/.venv/lib/python3.12/site-packages/pip/_vendor/rich/_timer.py\n'}
[0.220480] (mobile_robot) StdoutLine: {'line': b'-- Up-to-date symlink: /home/hornet/Desktop/pathfollowingbot/install/mobile_robot/share/mobile_robot/model/.venv/lib/python3.12/site-packages/pip/_vendor/rich/_win32_console.py\n'}
[0.220590] (mobile_robot) StdoutLine: {'line': b'-- Up-to-date symlink: /home/hornet/Desktop/pathfollowingbot/install/mobile_robot/share/mobile_robot/model/.venv/lib/python3.12/site-packages/pip/_vendor/rich/_windows.py\n'}
[0.220874] (mobile_robot) StdoutLine: {'line': b'-- Up-to-date symlink: /home/hornet/Desktop/pathfollowingbot/install/mobile_robot/share/mobile_robot/model/.venv/lib/python3.12/site-packages/pip/_vendor/rich/_windows_renderer.py\n'}
[0.220943] (mobile_robot) StdoutLine: {'line': b'-- Up-to-date symlink: /home/hornet/Desktop/pathfollowingbot/install/mobile_robot/share/mobile_robot/model/.venv/lib/python3.12/site-packages/pip/_vendor/rich/_wrap.py\n'}
[0.220990] (mobile_robot) StdoutLine: {'line': b'-- Up-to-date symlink: /home/hornet/Desktop/pathfollowingbot/install/mobile_robot/share/mobile_robot/model/.venv/lib/python3.12/site-packages/pip/_vendor/rich/abc.py\n'}
[0.221033] (mobile_robot) StdoutLine: {'line': b'-- Up-to-date symlink: /home/hornet/Desktop/pathfollowingbot/install/mobile_robot/share/mobile_robot/model/.venv/lib/python3.12/site-packages/pip/_vendor/rich/align.py\n'}
[0.221073] (mobile_robot) StdoutLine: {'line': b'-- Up-to-date symlink: /home/hornet/Desktop/pathfollowingbot/install/mobile_robot/share/mobile_robot/model/.venv/lib/python3.12/site-packages/pip/_vendor/rich/ansi.py\n'}
[0.221114] (mobile_robot) StdoutLine: {'line': b'-- Up-to-date symlink: /home/hornet/Desktop/pathfollowingbot/install/mobile_robot/share/mobile_robot/model/.venv/lib/python3.12/site-packages/pip/_vendor/rich/bar.py\n'}
[0.221155] (mobile_robot) StdoutLine: {'line': b'-- Up-to-date symlink: /home/hornet/Desktop/pathfollowingbot/install/mobile_robot/share/mobile_robot/model/.venv/lib/python3.12/site-packages/pip/_vendor/rich/box.py\n'}
[0.221196] (mobile_robot) StdoutLine: {'line': b'-- Up-to-date symlink: /home/hornet/Desktop/pathfollowingbot/install/mobile_robot/share/mobile_robot/model/.venv/lib/python3.12/site-packages/pip/_vendor/rich/cells.py\n'}
[0.221234] (mobile_robot) StdoutLine: {'line': b'-- Up-to-date symlink: /home/hornet/Desktop/pathfollowingbot/install/mobile_robot/share/mobile_robot/model/.venv/lib/python3.12/site-packages/pip/_vendor/rich/color.py\n'}
[0.221274] (mobile_robot) StdoutLine: {'line': b'-- Up-to-date symlink: /home/hornet/Desktop/pathfollowingbot/install/mobile_robot/share/mobile_robot/model/.venv/lib/python3.12/site-packages/pip/_vendor/rich/color_triplet.py\n'}
[0.221312] (mobile_robot) StdoutLine: {'line': b'-- Up-to-date symlink: /home/hornet/Desktop/pathfollowingbot/install/mobile_robot/share/mobile_robot/model/.venv/lib/python3.12/site-packages/pip/_vendor/rich/columns.py\n'}
[0.221351] (mobile_robot) StdoutLine: {'line': b'-- Up-to-date symlink: /home/hornet/Desktop/pathfollowingbot/install/mobile_robot/share/mobile_robot/model/.venv/lib/python3.12/site-packages/pip/_vendor/rich/console.py\n'}
[0.221392] (mobile_robot) StdoutLine: {'line': b'-- Up-to-date symlink: /home/hornet/Desktop/pathfollowingbot/install/mobile_robot/share/mobile_robot/model/.venv/lib/python3.12/site-packages/pip/_vendor/rich/constrain.py\n'}
[0.221430] (mobile_robot) StdoutLine: {'line': b'-- Up-to-date symlink: /home/hornet/Desktop/pathfollowingbot/install/mobile_robot/share/mobile_robot/model/.venv/lib/python3.12/site-packages/pip/_vendor/rich/containers.py\n'}
[0.221661] (mobile_robot) StdoutLine: {'line': b'-- Up-to-date symlink: /home/hornet/Desktop/pathfollowingbot/install/mobile_robot/share/mobile_robot/model/.venv/lib/python3.12/site-packages/pip/_vendor/rich/control.py\n'}
[0.221719] (mobile_robot) StdoutLine: {'line': b'-- Up-to-date symlink: /home/hornet/Desktop/pathfollowingbot/install/mobile_robot/share/mobile_robot/model/.venv/lib/python3.12/site-packages/pip/_vendor/rich/default_styles.py\n'}
[0.221763] (mobile_robot) StdoutLine: {'line': b'-- Up-to-date symlink: /home/hornet/Desktop/pathfollowingbot/install/mobile_robot/share/mobile_robot/model/.venv/lib/python3.12/site-packages/pip/_vendor/rich/diagnose.py\n'}
[0.221840] (mobile_robot) StdoutLine: {'line': b'-- Up-to-date symlink: /home/hornet/Desktop/pathfollowingbot/install/mobile_robot/share/mobile_robot/model/.venv/lib/python3.12/site-packages/pip/_vendor/rich/emoji.py\n'}
[0.221884] (mobile_robot) StdoutLine: {'line': b'-- Up-to-date symlink: /home/hornet/Desktop/pathfollowingbot/install/mobile_robot/share/mobile_robot/model/.venv/lib/python3.12/site-packages/pip/_vendor/rich/errors.py\n'}
[0.221925] (mobile_robot) StdoutLine: {'line': b'-- Up-to-date symlink: /home/hornet/Desktop/pathfollowingbot/install/mobile_robot/share/mobile_robot/model/.venv/lib/python3.12/site-packages/pip/_vendor/rich/file_proxy.py\n'}
[0.221964] (mobile_robot) StdoutLine: {'line': b'-- Up-to-date symlink: /home/hornet/Desktop/pathfollowingbot/install/mobile_robot/share/mobile_robot/model/.venv/lib/python3.12/site-packages/pip/_vendor/rich/filesize.py\n'}
[0.222028] (mobile_robot) StdoutLine: {'line': b'-- Up-to-date symlink: /home/hornet/Desktop/pathfollowingbot/install/mobile_robot/share/mobile_robot/model/.venv/lib/python3.12/site-packages/pip/_vendor/rich/highlighter.py\n'}
[0.222076] (mobile_robot) StdoutLine: {'line': b'-- Up-to-date symlink: /home/hornet/Desktop/pathfollowingbot/install/mobile_robot/share/mobile_robot/model/.venv/lib/python3.12/site-packages/pip/_vendor/rich/json.py\n'}
[0.222118] (mobile_robot) StdoutLine: {'line': b'-- Up-to-date symlink: /home/hornet/Desktop/pathfollowingbot/install/mobile_robot/share/mobile_robot/model/.venv/lib/python3.12/site-packages/pip/_vendor/rich/jupyter.py\n'}
[0.222159] (mobile_robot) StdoutLine: {'line': b'-- Up-to-date symlink: /home/hornet/Desktop/pathfollowingbot/install/mobile_robot/share/mobile_robot/model/.venv/lib/python3.12/site-packages/pip/_vendor/rich/layout.py\n'}
[0.222200] (mobile_robot) StdoutLine: {'line': b'-- Up-to-date symlink: /home/hornet/Desktop/pathfollowingbot/install/mobile_robot/share/mobile_robot/model/.venv/lib/python3.12/site-packages/pip/_vendor/rich/live.py\n'}
[0.222239] (mobile_robot) StdoutLine: {'line': b'-- Up-to-date symlink: /home/hornet/Desktop/pathfollowingbot/install/mobile_robot/share/mobile_robot/model/.venv/lib/python3.12/site-packages/pip/_vendor/rich/live_render.py\n'}
[0.222279] (mobile_robot) StdoutLine: {'line': b'-- Up-to-date symlink: /home/hornet/Desktop/pathfollowingbot/install/mobile_robot/share/mobile_robot/model/.venv/lib/python3.12/site-packages/pip/_vendor/rich/logging.py\n'}
[0.222318] (mobile_robot) StdoutLine: {'line': b'-- Up-to-date symlink: /home/hornet/Desktop/pathfollowingbot/install/mobile_robot/share/mobile_robot/model/.venv/lib/python3.12/site-packages/pip/_vendor/rich/markup.py\n'}
[0.222357] (mobile_robot) StdoutLine: {'line': b'-- Up-to-date symlink: /home/hornet/Desktop/pathfollowingbot/install/mobile_robot/share/mobile_robot/model/.venv/lib/python3.12/site-packages/pip/_vendor/rich/measure.py\n'}
[0.222396] (mobile_robot) StdoutLine: {'line': b'-- Up-to-date symlink: /home/hornet/Desktop/pathfollowingbot/install/mobile_robot/share/mobile_robot/model/.venv/lib/python3.12/site-packages/pip/_vendor/rich/padding.py\n'}
[0.222434] (mobile_robot) StdoutLine: {'line': b'-- Up-to-date symlink: /home/hornet/Desktop/pathfollowingbot/install/mobile_robot/share/mobile_robot/model/.venv/lib/python3.12/site-packages/pip/_vendor/rich/pager.py\n'}
[0.222474] (mobile_robot) StdoutLine: {'line': b'-- Up-to-date symlink: /home/hornet/Desktop/pathfollowingbot/install/mobile_robot/share/mobile_robot/model/.venv/lib/python3.12/site-packages/pip/_vendor/rich/palette.py\n'}
[0.222512] (mobile_robot) StdoutLine: {'line': b'-- Up-to-date symlink: /home/hornet/Desktop/pathfollowingbot/install/mobile_robot/share/mobile_robot/model/.venv/lib/python3.12/site-packages/pip/_vendor/rich/panel.py\n'}
[0.222550] (mobile_robot) StdoutLine: {'line': b'-- Up-to-date symlink: /home/hornet/Desktop/pathfollowingbot/install/mobile_robot/share/mobile_robot/model/.venv/lib/python3.12/site-packages/pip/_vendor/rich/pretty.py\n'}
[0.222588] (mobile_robot) StdoutLine: {'line': b'-- Up-to-date symlink: /home/hornet/Desktop/pathfollowingbot/install/mobile_robot/share/mobile_robot/model/.venv/lib/python3.12/site-packages/pip/_vendor/rich/progress.py\n'}
[0.222624] (mobile_robot) StdoutLine: {'line': b'-- Up-to-date symlink: /home/hornet/Desktop/pathfollowingbot/install/mobile_robot/share/mobile_robot/model/.venv/lib/python3.12/site-packages/pip/_vendor/rich/progress_bar.py\n'}
[0.222667] (mobile_robot) StdoutLine: {'line': b'-- Up-to-date symlink: /home/hornet/Desktop/pathfollowingbot/install/mobile_robot/share/mobile_robot/model/.venv/lib/python3.12/site-packages/pip/_vendor/rich/prompt.py\n'}
[0.222703] (mobile_robot) StdoutLine: {'line': b'-- Up-to-date symlink: /home/hornet/Desktop/pathfollowingbot/install/mobile_robot/share/mobile_robot/model/.venv/lib/python3.12/site-packages/pip/_vendor/rich/protocol.py\n'}
[0.222740] (mobile_robot) StdoutLine: {'line': b'-- Up-to-date symlink: /home/hornet/Desktop/pathfollowingbot/install/mobile_robot/share/mobile_robot/model/.venv/lib/python3.12/site-packages/pip/_vendor/rich/py.typed\n'}
[0.222777] (mobile_robot) StdoutLine: {'line': b'-- Up-to-date symlink: /home/hornet/Desktop/pathfollowingbot/install/mobile_robot/share/mobile_robot/model/.venv/lib/python3.12/site-packages/pip/_vendor/rich/region.py\n'}
[0.222868] (mobile_robot) StdoutLine: {'line': b'-- Up-to-date symlink: /home/hornet/Desktop/pathfollowingbot/install/mobile_robot/share/mobile_robot/model/.venv/lib/python3.12/site-packages/pip/_vendor/rich/repr.py\n'}
[0.222916] (mobile_robot) StdoutLine: {'line': b'-- Up-to-date symlink: /home/hornet/Desktop/pathfollowingbot/install/mobile_robot/share/mobile_robot/model/.venv/lib/python3.12/site-packages/pip/_vendor/rich/rule.py\n'}
[0.222956] (mobile_robot) StdoutLine: {'line': b'-- Up-to-date symlink: /home/hornet/Desktop/pathfollowingbot/install/mobile_robot/share/mobile_robot/model/.venv/lib/python3.12/site-packages/pip/_vendor/rich/scope.py\n'}
[0.223013] (mobile_robot) StdoutLine: {'line': b'-- Up-to-date symlink: /home/hornet/Desktop/pathfollowingbot/install/mobile_robot/share/mobile_robot/model/.venv/lib/python3.12/site-packages/pip/_vendor/rich/screen.py\n'}
[0.223052] (mobile_robot) StdoutLine: {'line': b'-- Up-to-date symlink: /home/hornet/Desktop/pathfollowingbot/install/mobile_robot/share/mobile_robot/model/.venv/lib/python3.12/site-packages/pip/_vendor/rich/segment.py\n'}
[0.223098] (mobile_robot) StdoutLine: {'line': b'-- Up-to-date symlink: /home/hornet/Desktop/pathfollowingbot/install/mobile_robot/share/mobile_robot/model/.venv/lib/python3.12/site-packages/pip/_vendor/rich/spinner.py\n'}
[0.223140] (mobile_robot) StdoutLine: {'line': b'-- Up-to-date symlink: /home/hornet/Desktop/pathfollowingbot/install/mobile_robot/share/mobile_robot/model/.venv/lib/python3.12/site-packages/pip/_vendor/rich/status.py\n'}
[0.223179] (mobile_robot) StdoutLine: {'line': b'-- Up-to-date symlink: /home/hornet/Desktop/pathfollowingbot/install/mobile_robot/share/mobile_robot/model/.venv/lib/python3.12/site-packages/pip/_vendor/rich/style.py\n'}
[0.223217] (mobile_robot) StdoutLine: {'line': b'-- Up-to-date symlink: /home/hornet/Desktop/pathfollowingbot/install/mobile_robot/share/mobile_robot/model/.venv/lib/python3.12/site-packages/pip/_vendor/rich/styled.py\n'}
[0.223257] (mobile_robot) StdoutLine: {'line': b'-- Up-to-date symlink: /home/hornet/Desktop/pathfollowingbot/install/mobile_robot/share/mobile_robot/model/.venv/lib/python3.12/site-packages/pip/_vendor/rich/syntax.py\n'}
[0.223297] (mobile_robot) StdoutLine: {'line': b'-- Up-to-date symlink: /home/hornet/Desktop/pathfollowingbot/install/mobile_robot/share/mobile_robot/model/.venv/lib/python3.12/site-packages/pip/_vendor/rich/table.py\n'}
[0.223334] (mobile_robot) StdoutLine: {'line': b'-- Up-to-date symlink: /home/hornet/Desktop/pathfollowingbot/install/mobile_robot/share/mobile_robot/model/.venv/lib/python3.12/site-packages/pip/_vendor/rich/terminal_theme.py\n'}
[0.223372] (mobile_robot) StdoutLine: {'line': b'-- Up-to-date symlink: /home/hornet/Desktop/pathfollowingbot/install/mobile_robot/share/mobile_robot/model/.venv/lib/python3.12/site-packages/pip/_vendor/rich/text.py\n'}
[0.223409] (mobile_robot) StdoutLine: {'line': b'-- Up-to-date symlink: /home/hornet/Desktop/pathfollowingbot/install/mobile_robot/share/mobile_robot/model/.venv/lib/python3.12/site-packages/pip/_vendor/rich/theme.py\n'}
[0.223447] (mobile_robot) StdoutLine: {'line': b'-- Up-to-date symlink: /home/hornet/Desktop/pathfollowingbot/install/mobile_robot/share/mobile_robot/model/.venv/lib/python3.12/site-packages/pip/_vendor/rich/themes.py\n'}
[0.223483] (mobile_robot) StdoutLine: {'line': b'-- Up-to-date symlink: /home/hornet/Desktop/pathfollowingbot/install/mobile_robot/share/mobile_robot/model/.venv/lib/python3.12/site-packages/pip/_vendor/rich/traceback.py\n'}
[0.223520] (mobile_robot) StdoutLine: {'line': b'-- Up-to-date symlink: /home/hornet/Desktop/pathfollowingbot/install/mobile_robot/share/mobile_robot/model/.venv/lib/python3.12/site-packages/pip/_vendor/rich/tree.py\n'}
[0.223560] (mobile_robot) StdoutLine: {'line': b'-- Up-to-date symlink: /home/hornet/Desktop/pathfollowingbot/install/mobile_robot/share/mobile_robot/model/.venv/lib/python3.12/site-packages/pip/_vendor/tomli/LICENSE\n'}
[0.223618] (mobile_robot) StdoutLine: {'line': b'-- Up-to-date symlink: /home/hornet/Desktop/pathfollowingbot/install/mobile_robot/share/mobile_robot/model/.venv/lib/python3.12/site-packages/pip/_vendor/tomli/__init__.py\n'}
[0.223703] (mobile_robot) StdoutLine: {'line': b'-- Up-to-date symlink: /home/hornet/Desktop/pathfollowingbot/install/mobile_robot/share/mobile_robot/model/.venv/lib/python3.12/site-packages/pip/_vendor/tomli/__pycache__/__init__.cpython-312.pyc\n'}
[0.223743] (mobile_robot) StdoutLine: {'line': b'-- Up-to-date symlink: /home/hornet/Desktop/pathfollowingbot/install/mobile_robot/share/mobile_robot/model/.venv/lib/python3.12/site-packages/pip/_vendor/tomli/__pycache__/_parser.cpython-312.pyc\n'}
[0.223784] (mobile_robot) StdoutLine: {'line': b'-- Up-to-date symlink: /home/hornet/Desktop/pathfollowingbot/install/mobile_robot/share/mobile_robot/model/.venv/lib/python3.12/site-packages/pip/_vendor/tomli/__pycache__/_re.cpython-312.pyc\n'}
[0.223822] (mobile_robot) StdoutLine: {'line': b'-- Up-to-date symlink: /home/hornet/Desktop/pathfollowingbot/install/mobile_robot/share/mobile_robot/model/.venv/lib/python3.12/site-packages/pip/_vendor/tomli/__pycache__/_types.cpython-312.pyc\n'}
[0.223883] (mobile_robot) StdoutLine: {'line': b'-- Up-to-date symlink: /home/hornet/Desktop/pathfollowingbot/install/mobile_robot/share/mobile_robot/model/.venv/lib/python3.12/site-packages/pip/_vendor/tomli/_parser.py\n'}
[0.223922] (mobile_robot) StdoutLine: {'line': b'-- Up-to-date symlink: /home/hornet/Desktop/pathfollowingbot/install/mobile_robot/share/mobile_robot/model/.venv/lib/python3.12/site-packages/pip/_vendor/tomli/_re.py\n'}
[0.223978] (mobile_robot) StdoutLine: {'line': b'-- Up-to-date symlink: /home/hornet/Desktop/pathfollowingbot/install/mobile_robot/share/mobile_robot/model/.venv/lib/python3.12/site-packages/pip/_vendor/tomli/_types.py\n'}
[0.224016] (mobile_robot) StdoutLine: {'line': b'-- Up-to-date symlink: /home/hornet/Desktop/pathfollowingbot/install/mobile_robot/share/mobile_robot/model/.venv/lib/python3.12/site-packages/pip/_vendor/tomli/py.typed\n'}
[0.224055] (mobile_robot) StdoutLine: {'line': b'-- Up-to-date symlink: /home/hornet/Desktop/pathfollowingbot/install/mobile_robot/share/mobile_robot/model/.venv/lib/python3.12/site-packages/pip/_vendor/tomli_w/LICENSE\n'}
[0.224094] (mobile_robot) StdoutLine: {'line': b'-- Up-to-date symlink: /home/hornet/Desktop/pathfollowingbot/install/mobile_robot/share/mobile_robot/model/.venv/lib/python3.12/site-packages/pip/_vendor/tomli_w/__init__.py\n'}
[0.224131] (mobile_robot) StdoutLine: {'line': b'-- Up-to-date symlink: /home/hornet/Desktop/pathfollowingbot/install/mobile_robot/share/mobile_robot/model/.venv/lib/python3.12/site-packages/pip/_vendor/tomli_w/__pycache__/__init__.cpython-312.pyc\n'}
[0.224196] (mobile_robot) StdoutLine: {'line': b'-- Up-to-date symlink: /home/hornet/Desktop/pathfollowingbot/install/mobile_robot/share/mobile_robot/model/.venv/lib/python3.12/site-packages/pip/_vendor/tomli_w/__pycache__/_writer.cpython-312.pyc\n'}
[0.224233] (mobile_robot) StdoutLine: {'line': b'-- Up-to-date symlink: /home/hornet/Desktop/pathfollowingbot/install/mobile_robot/share/mobile_robot/model/.venv/lib/python3.12/site-packages/pip/_vendor/tomli_w/_writer.py\n'}
[0.224281] (mobile_robot) StdoutLine: {'line': b'-- Up-to-date symlink: /home/hornet/Desktop/pathfollowingbot/install/mobile_robot/share/mobile_robot/model/.venv/lib/python3.12/site-packages/pip/_vendor/tomli_w/py.typed\n'}
[0.224319] (mobile_robot) StdoutLine: {'line': b'-- Up-to-date symlink: /home/hornet/Desktop/pathfollowingbot/install/mobile_robot/share/mobile_robot/model/.venv/lib/python3.12/site-packages/pip/_vendor/truststore/LICENSE\n'}
[0.224357] (mobile_robot) StdoutLine: {'line': b'-- Up-to-date symlink: /home/hornet/Desktop/pathfollowingbot/install/mobile_robot/share/mobile_robot/model/.venv/lib/python3.12/site-packages/pip/_vendor/truststore/__init__.py\n'}
[0.224394] (mobile_robot) StdoutLine: {'line': b'-- Up-to-date symlink: /home/hornet/Desktop/pathfollowingbot/install/mobile_robot/share/mobile_robot/model/.venv/lib/python3.12/site-packages/pip/_vendor/truststore/__pycache__/__init__.cpython-312.pyc\n'}
[0.224433] (mobile_robot) StdoutLine: {'line': b'-- Up-to-date symlink: /home/hornet/Desktop/pathfollowingbot/install/mobile_robot/share/mobile_robot/model/.venv/lib/python3.12/site-packages/pip/_vendor/truststore/__pycache__/_api.cpython-312.pyc\n'}
[0.224495] (mobile_robot) StdoutLine: {'line': b'-- Up-to-date symlink: /home/hornet/Desktop/pathfollowingbot/install/mobile_robot/share/mobile_robot/model/.venv/lib/python3.12/site-packages/pip/_vendor/truststore/__pycache__/_macos.cpython-312.pyc\n'}
[0.224561] (mobile_robot) StdoutLine: {'line': b'-- Up-to-date symlink: /home/hornet/Desktop/pathfollowingbot/install/mobile_robot/share/mobile_robot/model/.venv/lib/python3.12/site-packages/pip/_vendor/truststore/__pycache__/_openssl.cpython-312.pyc\n'}
[0.224601] (mobile_robot) StdoutLine: {'line': b'-- Up-to-date symlink: /home/hornet/Desktop/pathfollowingbot/install/mobile_robot/share/mobile_robot/model/.venv/lib/python3.12/site-packages/pip/_vendor/truststore/__pycache__/_ssl_constants.cpython-312.pyc\n'}
[0.224641] (mobile_robot) StdoutLine: {'line': b'-- Up-to-date symlink: /home/hornet/Desktop/pathfollowingbot/install/mobile_robot/share/mobile_robot/model/.venv/lib/python3.12/site-packages/pip/_vendor/truststore/__pycache__/_windows.cpython-312.pyc\n'}
[0.224699] (mobile_robot) StdoutLine: {'line': b'-- Up-to-date symlink: /home/hornet/Desktop/pathfollowingbot/install/mobile_robot/share/mobile_robot/model/.venv/lib/python3.12/site-packages/pip/_vendor/truststore/_api.py\n'}
[0.224769] (mobile_robot) StdoutLine: {'line': b'-- Up-to-date symlink: /home/hornet/Desktop/pathfollowingbot/install/mobile_robot/share/mobile_robot/model/.venv/lib/python3.12/site-packages/pip/_vendor/truststore/_macos.py\n'}
[0.224808] (mobile_robot) StdoutLine: {'line': b'-- Up-to-date symlink: /home/hornet/Desktop/pathfollowingbot/install/mobile_robot/share/mobile_robot/model/.venv/lib/python3.12/site-packages/pip/_vendor/truststore/_openssl.py\n'}
[0.224847] (mobile_robot) StdoutLine: {'line': b'-- Up-to-date symlink: /home/hornet/Desktop/pathfollowingbot/install/mobile_robot/share/mobile_robot/model/.venv/lib/python3.12/site-packages/pip/_vendor/truststore/_ssl_constants.py\n'}
[0.224887] (mobile_robot) StdoutLine: {'line': b'-- Up-to-date symlink: /home/hornet/Desktop/pathfollowingbot/install/mobile_robot/share/mobile_robot/model/.venv/lib/python3.12/site-packages/pip/_vendor/truststore/_windows.py\n'}
[0.224955] (mobile_robot) StdoutLine: {'line': b'-- Up-to-date symlink: /home/hornet/Desktop/pathfollowingbot/install/mobile_robot/share/mobile_robot/model/.venv/lib/python3.12/site-packages/pip/_vendor/truststore/py.typed\n'}
[0.224995] (mobile_robot) StdoutLine: {'line': b'-- Up-to-date symlink: /home/hornet/Desktop/pathfollowingbot/install/mobile_robot/share/mobile_robot/model/.venv/lib/python3.12/site-packages/pip/_vendor/urllib3/LICENSE.txt\n'}
[0.225035] (mobile_robot) StdoutLine: {'line': b'-- Up-to-date symlink: /home/hornet/Desktop/pathfollowingbot/install/mobile_robot/share/mobile_robot/model/.venv/lib/python3.12/site-packages/pip/_vendor/urllib3/__init__.py\n'}
[0.225098] (mobile_robot) StdoutLine: {'line': b'-- Up-to-date symlink: /home/hornet/Desktop/pathfollowingbot/install/mobile_robot/share/mobile_robot/model/.venv/lib/python3.12/site-packages/pip/_vendor/urllib3/__pycache__/__init__.cpython-312.pyc\n'}
[0.225139] (mobile_robot) StdoutLine: {'line': b'-- Up-to-date symlink: /home/hornet/Desktop/pathfollowingbot/install/mobile_robot/share/mobile_robot/model/.venv/lib/python3.12/site-packages/pip/_vendor/urllib3/__pycache__/_collections.cpython-312.pyc\n'}
[0.225203] (mobile_robot) StdoutLine: {'line': b'-- Up-to-date symlink: /home/hornet/Desktop/pathfollowingbot/install/mobile_robot/share/mobile_robot/model/.venv/lib/python3.12/site-packages/pip/_vendor/urllib3/__pycache__/_version.cpython-312.pyc\n'}
[0.225242] (mobile_robot) StdoutLine: {'line': b'-- Up-to-date symlink: /home/hornet/Desktop/pathfollowingbot/install/mobile_robot/share/mobile_robot/model/.venv/lib/python3.12/site-packages/pip/_vendor/urllib3/__pycache__/connection.cpython-312.pyc\n'}
[0.225297] (mobile_robot) StdoutLine: {'line': b'-- Up-to-date symlink: /home/hornet/Desktop/pathfollowingbot/install/mobile_robot/share/mobile_robot/model/.venv/lib/python3.12/site-packages/pip/_vendor/urllib3/__pycache__/connectionpool.cpython-312.pyc\n'}
[0.225355] (mobile_robot) StdoutLine: {'line': b'-- Up-to-date symlink: /home/hornet/Desktop/pathfollowingbot/install/mobile_robot/share/mobile_robot/model/.venv/lib/python3.12/site-packages/pip/_vendor/urllib3/__pycache__/exceptions.cpython-312.pyc\n'}
[0.225408] (mobile_robot) StdoutLine: {'line': b'-- Up-to-date symlink: /home/hornet/Desktop/pathfollowingbot/install/mobile_robot/share/mobile_robot/model/.venv/lib/python3.12/site-packages/pip/_vendor/urllib3/__pycache__/fields.cpython-312.pyc\n'}
[0.225464] (mobile_robot) StdoutLine: {'line': b'-- Up-to-date symlink: /home/hornet/Desktop/pathfollowingbot/install/mobile_robot/share/mobile_robot/model/.venv/lib/python3.12/site-packages/pip/_vendor/urllib3/__pycache__/filepost.cpython-312.pyc\n'}
[0.225513] (mobile_robot) StdoutLine: {'line': b'-- Up-to-date symlink: /home/hornet/Desktop/pathfollowingbot/install/mobile_robot/share/mobile_robot/model/.venv/lib/python3.12/site-packages/pip/_vendor/urllib3/__pycache__/poolmanager.cpython-312.pyc\n'}
[0.225570] (mobile_robot) StdoutLine: {'line': b'-- Up-to-date symlink: /home/hornet/Desktop/pathfollowingbot/install/mobile_robot/share/mobile_robot/model/.venv/lib/python3.12/site-packages/pip/_vendor/urllib3/__pycache__/request.cpython-312.pyc\n'}
[0.225636] (mobile_robot) StdoutLine: {'line': b'-- Up-to-date symlink: /home/hornet/Desktop/pathfollowingbot/install/mobile_robot/share/mobile_robot/model/.venv/lib/python3.12/site-packages/pip/_vendor/urllib3/__pycache__/response.cpython-312.pyc\n'}
[0.225698] (mobile_robot) StdoutLine: {'line': b'-- Up-to-date symlink: /home/hornet/Desktop/pathfollowingbot/install/mobile_robot/share/mobile_robot/model/.venv/lib/python3.12/site-packages/pip/_vendor/urllib3/_collections.py\n'}
[0.225760] (mobile_robot) StdoutLine: {'line': b'-- Up-to-date symlink: /home/hornet/Desktop/pathfollowingbot/install/mobile_robot/share/mobile_robot/model/.venv/lib/python3.12/site-packages/pip/_vendor/urllib3/_version.py\n'}
[0.225821] (mobile_robot) StdoutLine: {'line': b'-- Up-to-date symlink: /home/hornet/Desktop/pathfollowingbot/install/mobile_robot/share/mobile_robot/model/.venv/lib/python3.12/site-packages/pip/_vendor/urllib3/connection.py\n'}
[0.225879] (mobile_robot) StdoutLine: {'line': b'-- Up-to-date symlink: /home/hornet/Desktop/pathfollowingbot/install/mobile_robot/share/mobile_robot/model/.venv/lib/python3.12/site-packages/pip/_vendor/urllib3/connectionpool.py\n'}
[0.225945] (mobile_robot) StdoutLine: {'line': b'-- Up-to-date symlink: /home/hornet/Desktop/pathfollowingbot/install/mobile_robot/share/mobile_robot/model/.venv/lib/python3.12/site-packages/pip/_vendor/urllib3/contrib/__init__.py\n'}
[0.226011] (mobile_robot) StdoutLine: {'line': b'-- Up-to-date symlink: /home/hornet/Desktop/pathfollowingbot/install/mobile_robot/share/mobile_robot/model/.venv/lib/python3.12/site-packages/pip/_vendor/urllib3/contrib/__pycache__/__init__.cpython-312.pyc\n'}
[0.226077] (mobile_robot) StdoutLine: {'line': b'-- Up-to-date symlink: /home/hornet/Desktop/pathfollowingbot/install/mobile_robot/share/mobile_robot/model/.venv/lib/python3.12/site-packages/pip/_vendor/urllib3/contrib/__pycache__/_appengine_environ.cpython-312.pyc\n'}
[0.226142] (mobile_robot) StdoutLine: {'line': b'-- Up-to-date symlink: /home/hornet/Desktop/pathfollowingbot/install/mobile_robot/share/mobile_robot/model/.venv/lib/python3.12/site-packages/pip/_vendor/urllib3/contrib/__pycache__/appengine.cpython-312.pyc\n'}
[0.226214] (mobile_robot) StdoutLine: {'line': b'-- Up-to-date symlink: /home/hornet/Desktop/pathfollowingbot/install/mobile_robot/share/mobile_robot/model/.venv/lib/python3.12/site-packages/pip/_vendor/urllib3/contrib/__pycache__/ntlmpool.cpython-312.pyc\n'}
[0.226278] (mobile_robot) StdoutLine: {'line': b'-- Up-to-date symlink: /home/hornet/Desktop/pathfollowingbot/install/mobile_robot/share/mobile_robot/model/.venv/lib/python3.12/site-packages/pip/_vendor/urllib3/contrib/__pycache__/pyopenssl.cpython-312.pyc\n'}
[0.226345] (mobile_robot) StdoutLine: {'line': b'-- Up-to-date symlink: /home/hornet/Desktop/pathfollowingbot/install/mobile_robot/share/mobile_robot/model/.venv/lib/python3.12/site-packages/pip/_vendor/urllib3/contrib/__pycache__/securetransport.cpython-312.pyc\n'}
[0.226407] (mobile_robot) StdoutLine: {'line': b'-- Up-to-date symlink: /home/hornet/Desktop/pathfollowingbot/install/mobile_robot/share/mobile_robot/model/.venv/lib/python3.12/site-packages/pip/_vendor/urllib3/contrib/__pycache__/socks.cpython-312.pyc\n'}
[0.226469] (mobile_robot) StdoutLine: {'line': b'-- Up-to-date symlink: /home/hornet/Desktop/pathfollowingbot/install/mobile_robot/share/mobile_robot/model/.venv/lib/python3.12/site-packages/pip/_vendor/urllib3/contrib/_appengine_environ.py\n'}
[0.226535] (mobile_robot) StdoutLine: {'line': b'-- Up-to-date symlink: /home/hornet/Desktop/pathfollowingbot/install/mobile_robot/share/mobile_robot/model/.venv/lib/python3.12/site-packages/pip/_vendor/urllib3/contrib/_securetransport/__init__.py\n'}
[0.226607] (mobile_robot) StdoutLine: {'line': b'-- Up-to-date symlink: /home/hornet/Desktop/pathfollowingbot/install/mobile_robot/share/mobile_robot/model/.venv/lib/python3.12/site-packages/pip/_vendor/urllib3/contrib/_securetransport/__pycache__/__init__.cpython-312.pyc\n'}
[0.226675] (mobile_robot) StdoutLine: {'line': b'-- Up-to-date symlink: /home/hornet/Desktop/pathfollowingbot/install/mobile_robot/share/mobile_robot/model/.venv/lib/python3.12/site-packages/pip/_vendor/urllib3/contrib/_securetransport/__pycache__/bindings.cpython-312.pyc\n'}
[0.226745] (mobile_robot) StdoutLine: {'line': b'-- Up-to-date symlink: /home/hornet/Desktop/pathfollowingbot/install/mobile_robot/share/mobile_robot/model/.venv/lib/python3.12/site-packages/pip/_vendor/urllib3/contrib/_securetransport/__pycache__/low_level.cpython-312.pyc\n'}
[0.226808] (mobile_robot) StdoutLine: {'line': b'-- Up-to-date symlink: /home/hornet/Desktop/pathfollowingbot/install/mobile_robot/share/mobile_robot/model/.venv/lib/python3.12/site-packages/pip/_vendor/urllib3/contrib/_securetransport/bindings.py\n'}
[0.226875] (mobile_robot) StdoutLine: {'line': b'-- Up-to-date symlink: /home/hornet/Desktop/pathfollowingbot/install/mobile_robot/share/mobile_robot/model/.venv/lib/python3.12/site-packages/pip/_vendor/urllib3/contrib/_securetransport/low_level.py\n'}
[0.226935] (mobile_robot) StdoutLine: {'line': b'-- Up-to-date symlink: /home/hornet/Desktop/pathfollowingbot/install/mobile_robot/share/mobile_robot/model/.venv/lib/python3.12/site-packages/pip/_vendor/urllib3/contrib/appengine.py\n'}
[0.227001] (mobile_robot) StdoutLine: {'line': b'-- Up-to-date symlink: /home/hornet/Desktop/pathfollowingbot/install/mobile_robot/share/mobile_robot/model/.venv/lib/python3.12/site-packages/pip/_vendor/urllib3/contrib/ntlmpool.py\n'}
[0.227069] (mobile_robot) StdoutLine: {'line': b'-- Up-to-date symlink: /home/hornet/Desktop/pathfollowingbot/install/mobile_robot/share/mobile_robot/model/.venv/lib/python3.12/site-packages/pip/_vendor/urllib3/contrib/pyopenssl.py\n'}
[0.227128] (mobile_robot) StdoutLine: {'line': b'-- Up-to-date symlink: /home/hornet/Desktop/pathfollowingbot/install/mobile_robot/share/mobile_robot/model/.venv/lib/python3.12/site-packages/pip/_vendor/urllib3/contrib/securetransport.py\n'}
[0.227191] (mobile_robot) StdoutLine: {'line': b'-- Up-to-date symlink: /home/hornet/Desktop/pathfollowingbot/install/mobile_robot/share/mobile_robot/model/.venv/lib/python3.12/site-packages/pip/_vendor/urllib3/contrib/socks.py\n'}
[0.227252] (mobile_robot) StdoutLine: {'line': b'-- Up-to-date symlink: /home/hornet/Desktop/pathfollowingbot/install/mobile_robot/share/mobile_robot/model/.venv/lib/python3.12/site-packages/pip/_vendor/urllib3/exceptions.py\n'}
[0.227315] (mobile_robot) StdoutLine: {'line': b'-- Up-to-date symlink: /home/hornet/Desktop/pathfollowingbot/install/mobile_robot/share/mobile_robot/model/.venv/lib/python3.12/site-packages/pip/_vendor/urllib3/fields.py\n'}
[0.227375] (mobile_robot) StdoutLine: {'line': b'-- Up-to-date symlink: /home/hornet/Desktop/pathfollowingbot/install/mobile_robot/share/mobile_robot/model/.venv/lib/python3.12/site-packages/pip/_vendor/urllib3/filepost.py\n'}
[0.227442] (mobile_robot) StdoutLine: {'line': b'-- Up-to-date symlink: /home/hornet/Desktop/pathfollowingbot/install/mobile_robot/share/mobile_robot/model/.venv/lib/python3.12/site-packages/pip/_vendor/urllib3/packages/__init__.py\n'}
[0.227508] (mobile_robot) StdoutLine: {'line': b'-- Up-to-date symlink: /home/hornet/Desktop/pathfollowingbot/install/mobile_robot/share/mobile_robot/model/.venv/lib/python3.12/site-packages/pip/_vendor/urllib3/packages/__pycache__/__init__.cpython-312.pyc\n'}
[0.227571] (mobile_robot) StdoutLine: {'line': b'-- Up-to-date symlink: /home/hornet/Desktop/pathfollowingbot/install/mobile_robot/share/mobile_robot/model/.venv/lib/python3.12/site-packages/pip/_vendor/urllib3/packages/__pycache__/six.cpython-312.pyc\n'}
[0.227634] (mobile_robot) StdoutLine: {'line': b'-- Up-to-date symlink: /home/hornet/Desktop/pathfollowingbot/install/mobile_robot/share/mobile_robot/model/.venv/lib/python3.12/site-packages/pip/_vendor/urllib3/packages/backports/__init__.py\n'}
[0.227704] (mobile_robot) StdoutLine: {'line': b'-- Up-to-date symlink: /home/hornet/Desktop/pathfollowingbot/install/mobile_robot/share/mobile_robot/model/.venv/lib/python3.12/site-packages/pip/_vendor/urllib3/packages/backports/__pycache__/__init__.cpython-312.pyc\n'}
[0.227773] (mobile_robot) StdoutLine: {'line': b'-- Up-to-date symlink: /home/hornet/Desktop/pathfollowingbot/install/mobile_robot/share/mobile_robot/model/.venv/lib/python3.12/site-packages/pip/_vendor/urllib3/packages/backports/__pycache__/makefile.cpython-312.pyc\n'}
[0.227840] (mobile_robot) StdoutLine: {'line': b'-- Up-to-date symlink: /home/hornet/Desktop/pathfollowingbot/install/mobile_robot/share/mobile_robot/model/.venv/lib/python3.12/site-packages/pip/_vendor/urllib3/packages/backports/__pycache__/weakref_finalize.cpython-312.pyc\n'}
[0.227903] (mobile_robot) StdoutLine: {'line': b'-- Up-to-date symlink: /home/hornet/Desktop/pathfollowingbot/install/mobile_robot/share/mobile_robot/model/.venv/lib/python3.12/site-packages/pip/_vendor/urllib3/packages/backports/makefile.py\n'}
[0.227963] (mobile_robot) StdoutLine: {'line': b'-- Up-to-date symlink: /home/hornet/Desktop/pathfollowingbot/install/mobile_robot/share/mobile_robot/model/.venv/lib/python3.12/site-packages/pip/_vendor/urllib3/packages/backports/weakref_finalize.py\n'}
[0.228027] (mobile_robot) StdoutLine: {'line': b'-- Up-to-date symlink: /home/hornet/Desktop/pathfollowingbot/install/mobile_robot/share/mobile_robot/model/.venv/lib/python3.12/site-packages/pip/_vendor/urllib3/packages/six.py\n'}
[0.228082] (mobile_robot) StdoutLine: {'line': b'-- Up-to-date symlink: /home/hornet/Desktop/pathfollowingbot/install/mobile_robot/share/mobile_robot/model/.venv/lib/python3.12/site-packages/pip/_vendor/urllib3/poolmanager.py\n'}
[0.228144] (mobile_robot) StdoutLine: {'line': b'-- Up-to-date symlink: /home/hornet/Desktop/pathfollowingbot/install/mobile_robot/share/mobile_robot/model/.venv/lib/python3.12/site-packages/pip/_vendor/urllib3/request.py\n'}
[0.228202] (mobile_robot) StdoutLine: {'line': b'-- Up-to-date symlink: /home/hornet/Desktop/pathfollowingbot/install/mobile_robot/share/mobile_robot/model/.venv/lib/python3.12/site-packages/pip/_vendor/urllib3/response.py\n'}
[0.228259] (mobile_robot) StdoutLine: {'line': b'-- Up-to-date symlink: /home/hornet/Desktop/pathfollowingbot/install/mobile_robot/share/mobile_robot/model/.venv/lib/python3.12/site-packages/pip/_vendor/urllib3/util/__init__.py\n'}
[0.228325] (mobile_robot) StdoutLine: {'line': b'-- Up-to-date symlink: /home/hornet/Desktop/pathfollowingbot/install/mobile_robot/share/mobile_robot/model/.venv/lib/python3.12/site-packages/pip/_vendor/urllib3/util/__pycache__/__init__.cpython-312.pyc\n'}
[0.228389] (mobile_robot) StdoutLine: {'line': b'-- Up-to-date symlink: /home/hornet/Desktop/pathfollowingbot/install/mobile_robot/share/mobile_robot/model/.venv/lib/python3.12/site-packages/pip/_vendor/urllib3/util/__pycache__/connection.cpython-312.pyc\n'}
[0.228453] (mobile_robot) StdoutLine: {'line': b'-- Up-to-date symlink: /home/hornet/Desktop/pathfollowingbot/install/mobile_robot/share/mobile_robot/model/.venv/lib/python3.12/site-packages/pip/_vendor/urllib3/util/__pycache__/proxy.cpython-312.pyc\n'}
[0.228516] (mobile_robot) StdoutLine: {'line': b'-- Up-to-date symlink: /home/hornet/Desktop/pathfollowingbot/install/mobile_robot/share/mobile_robot/model/.venv/lib/python3.12/site-packages/pip/_vendor/urllib3/util/__pycache__/queue.cpython-312.pyc\n'}
[0.228578] (mobile_robot) StdoutLine: {'line': b'-- Up-to-date symlink: /home/hornet/Desktop/pathfollowingbot/install/mobile_robot/share/mobile_robot/model/.venv/lib/python3.12/site-packages/pip/_vendor/urllib3/util/__pycache__/request.cpython-312.pyc\n'}
[0.228642] (mobile_robot) StdoutLine: {'line': b'-- Up-to-date symlink: /home/hornet/Desktop/pathfollowingbot/install/mobile_robot/share/mobile_robot/model/.venv/lib/python3.12/site-packages/pip/_vendor/urllib3/util/__pycache__/response.cpython-312.pyc\n'}
[0.228713] (mobile_robot) StdoutLine: {'line': b'-- Up-to-date symlink: /home/hornet/Desktop/pathfollowingbot/install/mobile_robot/share/mobile_robot/model/.venv/lib/python3.12/site-packages/pip/_vendor/urllib3/util/__pycache__/retry.cpython-312.pyc\n'}
[0.228779] (mobile_robot) StdoutLine: {'line': b'-- Up-to-date symlink: /home/hornet/Desktop/pathfollowingbot/install/mobile_robot/share/mobile_robot/model/.venv/lib/python3.12/site-packages/pip/_vendor/urllib3/util/__pycache__/ssl_.cpython-312.pyc\n'}
[0.228839] (mobile_robot) StdoutLine: {'line': b'-- Up-to-date symlink: /home/hornet/Desktop/pathfollowingbot/install/mobile_robot/share/mobile_robot/model/.venv/lib/python3.12/site-packages/pip/_vendor/urllib3/util/__pycache__/ssl_match_hostname.cpython-312.pyc\n'}
[0.228908] (mobile_robot) StdoutLine: {'line': b'-- Up-to-date symlink: /home/hornet/Desktop/pathfollowingbot/install/mobile_robot/share/mobile_robot/model/.venv/lib/python3.12/site-packages/pip/_vendor/urllib3/util/__pycache__/ssltransport.cpython-312.pyc\n'}
[0.228971] (mobile_robot) StdoutLine: {'line': b'-- Up-to-date symlink: /home/hornet/Desktop/pathfollowingbot/install/mobile_robot/share/mobile_robot/model/.venv/lib/python3.12/site-packages/pip/_vendor/urllib3/util/__pycache__/timeout.cpython-312.pyc\n'}
[0.229033] (mobile_robot) StdoutLine: {'line': b'-- Up-to-date symlink: /home/hornet/Desktop/pathfollowingbot/install/mobile_robot/share/mobile_robot/model/.venv/lib/python3.12/site-packages/pip/_vendor/urllib3/util/__pycache__/url.cpython-312.pyc\n'}
[0.229096] (mobile_robot) StdoutLine: {'line': b'-- Up-to-date symlink: /home/hornet/Desktop/pathfollowingbot/install/mobile_robot/share/mobile_robot/model/.venv/lib/python3.12/site-packages/pip/_vendor/urllib3/util/__pycache__/wait.cpython-312.pyc\n'}
[0.229161] (mobile_robot) StdoutLine: {'line': b'-- Up-to-date symlink: /home/hornet/Desktop/pathfollowingbot/install/mobile_robot/share/mobile_robot/model/.venv/lib/python3.12/site-packages/pip/_vendor/urllib3/util/connection.py\n'}
[0.229222] (mobile_robot) StdoutLine: {'line': b'-- Up-to-date symlink: /home/hornet/Desktop/pathfollowingbot/install/mobile_robot/share/mobile_robot/model/.venv/lib/python3.12/site-packages/pip/_vendor/urllib3/util/proxy.py\n'}
[0.229285] (mobile_robot) StdoutLine: {'line': b'-- Up-to-date symlink: /home/hornet/Desktop/pathfollowingbot/install/mobile_robot/share/mobile_robot/model/.venv/lib/python3.12/site-packages/pip/_vendor/urllib3/util/queue.py\n'}
[0.229346] (mobile_robot) StdoutLine: {'line': b'-- Up-to-date symlink: /home/hornet/Desktop/pathfollowingbot/install/mobile_robot/share/mobile_robot/model/.venv/lib/python3.12/site-packages/pip/_vendor/urllib3/util/request.py\n'}
[0.229407] (mobile_robot) StdoutLine: {'line': b'-- Up-to-date symlink: /home/hornet/Desktop/pathfollowingbot/install/mobile_robot/share/mobile_robot/model/.venv/lib/python3.12/site-packages/pip/_vendor/urllib3/util/response.py\n'}
[0.229472] (mobile_robot) StdoutLine: {'line': b'-- Up-to-date symlink: /home/hornet/Desktop/pathfollowingbot/install/mobile_robot/share/mobile_robot/model/.venv/lib/python3.12/site-packages/pip/_vendor/urllib3/util/retry.py\n'}
[0.229532] (mobile_robot) StdoutLine: {'line': b'-- Up-to-date symlink: /home/hornet/Desktop/pathfollowingbot/install/mobile_robot/share/mobile_robot/model/.venv/lib/python3.12/site-packages/pip/_vendor/urllib3/util/ssl_.py\n'}
[0.229593] (mobile_robot) StdoutLine: {'line': b'-- Up-to-date symlink: /home/hornet/Desktop/pathfollowingbot/install/mobile_robot/share/mobile_robot/model/.venv/lib/python3.12/site-packages/pip/_vendor/urllib3/util/ssl_match_hostname.py\n'}
[0.229657] (mobile_robot) StdoutLine: {'line': b'-- Up-to-date symlink: /home/hornet/Desktop/pathfollowingbot/install/mobile_robot/share/mobile_robot/model/.venv/lib/python3.12/site-packages/pip/_vendor/urllib3/util/ssltransport.py\n'}
[0.229721] (mobile_robot) StdoutLine: {'line': b'-- Up-to-date symlink: /home/hornet/Desktop/pathfollowingbot/install/mobile_robot/share/mobile_robot/model/.venv/lib/python3.12/site-packages/pip/_vendor/urllib3/util/timeout.py\n'}
[0.229784] (mobile_robot) StdoutLine: {'line': b'-- Up-to-date symlink: /home/hornet/Desktop/pathfollowingbot/install/mobile_robot/share/mobile_robot/model/.venv/lib/python3.12/site-packages/pip/_vendor/urllib3/util/url.py\n'}
[0.229846] (mobile_robot) StdoutLine: {'line': b'-- Up-to-date symlink: /home/hornet/Desktop/pathfollowingbot/install/mobile_robot/share/mobile_robot/model/.venv/lib/python3.12/site-packages/pip/_vendor/urllib3/util/wait.py\n'}
[0.229904] (mobile_robot) StdoutLine: {'line': b'-- Up-to-date symlink: /home/hornet/Desktop/pathfollowingbot/install/mobile_robot/share/mobile_robot/model/.venv/lib/python3.12/site-packages/pip/_vendor/vendor.txt\n'}
[0.229963] (mobile_robot) StdoutLine: {'line': b'-- Up-to-date symlink: /home/hornet/Desktop/pathfollowingbot/install/mobile_robot/share/mobile_robot/model/.venv/lib/python3.12/site-packages/pip/py.typed\n'}
[0.230021] (mobile_robot) StdoutLine: {'line': b'-- Up-to-date symlink: /home/hornet/Desktop/pathfollowingbot/install/mobile_robot/share/mobile_robot/model/.venv/lib/python3.12/site-packages/pyyaml-6.0.3.dist-info/INSTALLER\n'}
[0.230080] (mobile_robot) StdoutLine: {'line': b'-- Up-to-date symlink: /home/hornet/Desktop/pathfollowingbot/install/mobile_robot/share/mobile_robot/model/.venv/lib/python3.12/site-packages/pyyaml-6.0.3.dist-info/METADATA\n'}
[0.230137] (mobile_robot) StdoutLine: {'line': b'-- Up-to-date symlink: /home/hornet/Desktop/pathfollowingbot/install/mobile_robot/share/mobile_robot/model/.venv/lib/python3.12/site-packages/pyyaml-6.0.3.dist-info/RECORD\n'}
[0.230259] (mobile_robot) StdoutLine: {'line': b'-- Up-to-date symlink: /home/hornet/Desktop/pathfollowingbot/install/mobile_robot/share/mobile_robot/model/.venv/lib/python3.12/site-packages/pyyaml-6.0.3.dist-info/WHEEL\n'}
[0.230316] (mobile_robot) StdoutLine: {'line': b'-- Up-to-date symlink: /home/hornet/Desktop/pathfollowingbot/install/mobile_robot/share/mobile_robot/model/.venv/lib/python3.12/site-packages/pyyaml-6.0.3.dist-info/licenses/LICENSE\n'}
[0.230387] (mobile_robot) StdoutLine: {'line': b'-- Up-to-date symlink: /home/hornet/Desktop/pathfollowingbot/install/mobile_robot/share/mobile_robot/model/.venv/lib/python3.12/site-packages/pyyaml-6.0.3.dist-info/top_level.txt\n'}
[0.230429] (mobile_robot) StdoutLine: {'line': b'-- Up-to-date symlink: /home/hornet/Desktop/pathfollowingbot/install/mobile_robot/share/mobile_robot/model/.venv/lib/python3.12/site-packages/xacro-2.1.1.dist-info/INSTALLER\n'}
[0.230483] (mobile_robot) StdoutLine: {'line': b'-- Up-to-date symlink: /home/hornet/Desktop/pathfollowingbot/install/mobile_robot/share/mobile_robot/model/.venv/lib/python3.12/site-packages/xacro-2.1.1.dist-info/METADATA\n'}
[0.230538] (mobile_robot) StdoutLine: {'line': b'-- Up-to-date symlink: /home/hornet/Desktop/pathfollowingbot/install/mobile_robot/share/mobile_robot/model/.venv/lib/python3.12/site-packages/xacro-2.1.1.dist-info/RECORD\n'}
[0.230593] (mobile_robot) StdoutLine: {'line': b'-- Up-to-date symlink: /home/hornet/Desktop/pathfollowingbot/install/mobile_robot/share/mobile_robot/model/.venv/lib/python3.12/site-packages/xacro-2.1.1.dist-info/REQUESTED\n'}
[0.230646] (mobile_robot) StdoutLine: {'line': b'-- Up-to-date symlink: /home/hornet/Desktop/pathfollowingbot/install/mobile_robot/share/mobile_robot/model/.venv/lib/python3.12/site-packages/xacro-2.1.1.dist-info/WHEEL\n'}
[0.230715] (mobile_robot) StdoutLine: {'line': b'-- Up-to-date symlink: /home/hornet/Desktop/pathfollowingbot/install/mobile_robot/share/mobile_robot/model/.venv/lib/python3.12/site-packages/xacro-2.1.1.dist-info/entry_points.txt\n'}
[0.230774] (mobile_robot) StdoutLine: {'line': b'-- Up-to-date symlink: /home/hornet/Desktop/pathfollowingbot/install/mobile_robot/share/mobile_robot/model/.venv/lib/python3.12/site-packages/xacro-2.1.1.dist-info/licenses/LICENSE\n'}
[0.230830] (mobile_robot) StdoutLine: {'line': b'-- Up-to-date symlink: /home/hornet/Desktop/pathfollowingbot/install/mobile_robot/share/mobile_robot/model/.venv/lib/python3.12/site-packages/xacro-2.1.1.dist-info/top_level.txt\n'}
[0.230885] (mobile_robot) StdoutLine: {'line': b'-- Up-to-date symlink: /home/hornet/Desktop/pathfollowingbot/install/mobile_robot/share/mobile_robot/model/.venv/lib/python3.12/site-packages/xacro/__init__.py\n'}
[0.230939] (mobile_robot) StdoutLine: {'line': b'-- Up-to-date symlink: /home/hornet/Desktop/pathfollowingbot/install/mobile_robot/share/mobile_robot/model/.venv/lib/python3.12/site-packages/xacro/__pycache__/__init__.cpython-312.pyc\n'}
[0.230992] (mobile_robot) StdoutLine: {'line': b'-- Up-to-date symlink: /home/hornet/Desktop/pathfollowingbot/install/mobile_robot/share/mobile_robot/model/.venv/lib/python3.12/site-packages/xacro/__pycache__/cli.cpython-312.pyc\n'}
[0.231046] (mobile_robot) StdoutLine: {'line': b'-- Up-to-date symlink: /home/hornet/Desktop/pathfollowingbot/install/mobile_robot/share/mobile_robot/model/.venv/lib/python3.12/site-packages/xacro/__pycache__/color.cpython-312.pyc\n'}
[0.231100] (mobile_robot) StdoutLine: {'line': b'-- Up-to-date symlink: /home/hornet/Desktop/pathfollowingbot/install/mobile_robot/share/mobile_robot/model/.venv/lib/python3.12/site-packages/xacro/__pycache__/substitution_args.cpython-312.pyc\n'}
[0.231153] (mobile_robot) StdoutLine: {'line': b'-- Up-to-date symlink: /home/hornet/Desktop/pathfollowingbot/install/mobile_robot/share/mobile_robot/model/.venv/lib/python3.12/site-packages/xacro/__pycache__/xmlutils.cpython-312.pyc\n'}
[0.231207] (mobile_robot) StdoutLine: {'line': b'-- Up-to-date symlink: /home/hornet/Desktop/pathfollowingbot/install/mobile_robot/share/mobile_robot/model/.venv/lib/python3.12/site-packages/xacro/cli.py\n'}
[0.231259] (mobile_robot) StdoutLine: {'line': b'-- Up-to-date symlink: /home/hornet/Desktop/pathfollowingbot/install/mobile_robot/share/mobile_robot/model/.venv/lib/python3.12/site-packages/xacro/color.py\n'}
[0.231311] (mobile_robot) StdoutLine: {'line': b'-- Up-to-date symlink: /home/hornet/Desktop/pathfollowingbot/install/mobile_robot/share/mobile_robot/model/.venv/lib/python3.12/site-packages/xacro/substitution_args.py\n'}
[0.231362] (mobile_robot) StdoutLine: {'line': b'-- Up-to-date symlink: /home/hornet/Desktop/pathfollowingbot/install/mobile_robot/share/mobile_robot/model/.venv/lib/python3.12/site-packages/xacro/xmlutils.py\n'}
[0.231415] (mobile_robot) StdoutLine: {'line': b'-- Up-to-date symlink: /home/hornet/Desktop/pathfollowingbot/install/mobile_robot/share/mobile_robot/model/.venv/lib/python3.12/site-packages/yaml/__init__.py\n'}
[0.231472] (mobile_robot) StdoutLine: {'line': b'-- Up-to-date symlink: /home/hornet/Desktop/pathfollowingbot/install/mobile_robot/share/mobile_robot/model/.venv/lib/python3.12/site-packages/yaml/__pycache__/__init__.cpython-312.pyc\n'}
[0.231535] (mobile_robot) StdoutLine: {'line': b'-- Up-to-date symlink: /home/hornet/Desktop/pathfollowingbot/install/mobile_robot/share/mobile_robot/model/.venv/lib/python3.12/site-packages/yaml/__pycache__/composer.cpython-312.pyc\n'}
[0.231591] (mobile_robot) StdoutLine: {'line': b'-- Up-to-date symlink: /home/hornet/Desktop/pathfollowingbot/install/mobile_robot/share/mobile_robot/model/.venv/lib/python3.12/site-packages/yaml/__pycache__/constructor.cpython-312.pyc\n'}
[0.231649] (mobile_robot) StdoutLine: {'line': b'-- Up-to-date symlink: /home/hornet/Desktop/pathfollowingbot/install/mobile_robot/share/mobile_robot/model/.venv/lib/python3.12/site-packages/yaml/__pycache__/cyaml.cpython-312.pyc\n'}
[0.231712] (mobile_robot) StdoutLine: {'line': b'-- Up-to-date symlink: /home/hornet/Desktop/pathfollowingbot/install/mobile_robot/share/mobile_robot/model/.venv/lib/python3.12/site-packages/yaml/__pycache__/dumper.cpython-312.pyc\n'}
[0.231777] (mobile_robot) StdoutLine: {'line': b'-- Up-to-date symlink: /home/hornet/Desktop/pathfollowingbot/install/mobile_robot/share/mobile_robot/model/.venv/lib/python3.12/site-packages/yaml/__pycache__/emitter.cpython-312.pyc\n'}
[0.231829] (mobile_robot) StdoutLine: {'line': b'-- Up-to-date symlink: /home/hornet/Desktop/pathfollowingbot/install/mobile_robot/share/mobile_robot/model/.venv/lib/python3.12/site-packages/yaml/__pycache__/error.cpython-312.pyc\n'}
[0.231886] (mobile_robot) StdoutLine: {'line': b'-- Up-to-date symlink: /home/hornet/Desktop/pathfollowingbot/install/mobile_robot/share/mobile_robot/model/.venv/lib/python3.12/site-packages/yaml/__pycache__/events.cpython-312.pyc\n'}
[0.231943] (mobile_robot) StdoutLine: {'line': b'-- Up-to-date symlink: /home/hornet/Desktop/pathfollowingbot/install/mobile_robot/share/mobile_robot/model/.venv/lib/python3.12/site-packages/yaml/__pycache__/loader.cpython-312.pyc\n'}
[0.232002] (mobile_robot) StdoutLine: {'line': b'-- Up-to-date symlink: /home/hornet/Desktop/pathfollowingbot/install/mobile_robot/share/mobile_robot/model/.venv/lib/python3.12/site-packages/yaml/__pycache__/nodes.cpython-312.pyc\n'}
[0.232060] (mobile_robot) StdoutLine: {'line': b'-- Up-to-date symlink: /home/hornet/Desktop/pathfollowingbot/install/mobile_robot/share/mobile_robot/model/.venv/lib/python3.12/site-packages/yaml/__pycache__/parser.cpython-312.pyc\n'}
[0.232119] (mobile_robot) StdoutLine: {'line': b'-- Up-to-date symlink: /home/hornet/Desktop/pathfollowingbot/install/mobile_robot/share/mobile_robot/model/.venv/lib/python3.12/site-packages/yaml/__pycache__/reader.cpython-312.pyc\n'}
[0.232174] (mobile_robot) StdoutLine: {'line': b'-- Up-to-date symlink: /home/hornet/Desktop/pathfollowingbot/install/mobile_robot/share/mobile_robot/model/.venv/lib/python3.12/site-packages/yaml/__pycache__/representer.cpython-312.pyc\n'}
[0.232237] (mobile_robot) StdoutLine: {'line': b'-- Up-to-date symlink: /home/hornet/Desktop/pathfollowingbot/install/mobile_robot/share/mobile_robot/model/.venv/lib/python3.12/site-packages/yaml/__pycache__/resolver.cpython-312.pyc\n'}
[0.232291] (mobile_robot) StdoutLine: {'line': b'-- Up-to-date symlink: /home/hornet/Desktop/pathfollowingbot/install/mobile_robot/share/mobile_robot/model/.venv/lib/python3.12/site-packages/yaml/__pycache__/scanner.cpython-312.pyc\n'}
[0.232352] (mobile_robot) StdoutLine: {'line': b'-- Up-to-date symlink: /home/hornet/Desktop/pathfollowingbot/install/mobile_robot/share/mobile_robot/model/.venv/lib/python3.12/site-packages/yaml/__pycache__/serializer.cpython-312.pyc\n'}
[0.232410] (mobile_robot) StdoutLine: {'line': b'-- Up-to-date symlink: /home/hornet/Desktop/pathfollowingbot/install/mobile_robot/share/mobile_robot/model/.venv/lib/python3.12/site-packages/yaml/__pycache__/tokens.cpython-312.pyc\n'}
[0.232468] (mobile_robot) StdoutLine: {'line': b'-- Up-to-date symlink: /home/hornet/Desktop/pathfollowingbot/install/mobile_robot/share/mobile_robot/model/.venv/lib/python3.12/site-packages/yaml/_yaml.cpython-312-x86_64-linux-gnu.so\n'}
[0.232525] (mobile_robot) StdoutLine: {'line': b'-- Up-to-date symlink: /home/hornet/Desktop/pathfollowingbot/install/mobile_robot/share/mobile_robot/model/.venv/lib/python3.12/site-packages/yaml/composer.py\n'}
[0.232581] (mobile_robot) StdoutLine: {'line': b'-- Up-to-date symlink: /home/hornet/Desktop/pathfollowingbot/install/mobile_robot/share/mobile_robot/model/.venv/lib/python3.12/site-packages/yaml/constructor.py\n'}
[0.232638] (mobile_robot) StdoutLine: {'line': b'-- Up-to-date symlink: /home/hornet/Desktop/pathfollowingbot/install/mobile_robot/share/mobile_robot/model/.venv/lib/python3.12/site-packages/yaml/cyaml.py\n'}
[0.232700] (mobile_robot) StdoutLine: {'line': b'-- Up-to-date symlink: /home/hornet/Desktop/pathfollowingbot/install/mobile_robot/share/mobile_robot/model/.venv/lib/python3.12/site-packages/yaml/dumper.py\n'}
[0.232757] (mobile_robot) StdoutLine: {'line': b'-- Up-to-date symlink: /home/hornet/Desktop/pathfollowingbot/install/mobile_robot/share/mobile_robot/model/.venv/lib/python3.12/site-packages/yaml/emitter.py\n'}
[0.232812] (mobile_robot) StdoutLine: {'line': b'-- Up-to-date symlink: /home/hornet/Desktop/pathfollowingbot/install/mobile_robot/share/mobile_robot/model/.venv/lib/python3.12/site-packages/yaml/error.py\n'}
[0.232868] (mobile_robot) StdoutLine: {'line': b'-- Up-to-date symlink: /home/hornet/Desktop/pathfollowingbot/install/mobile_robot/share/mobile_robot/model/.venv/lib/python3.12/site-packages/yaml/events.py\n'}
[0.232923] (mobile_robot) StdoutLine: {'line': b'-- Up-to-date symlink: /home/hornet/Desktop/pathfollowingbot/install/mobile_robot/share/mobile_robot/model/.venv/lib/python3.12/site-packages/yaml/loader.py\n'}
[0.232978] (mobile_robot) StdoutLine: {'line': b'-- Up-to-date symlink: /home/hornet/Desktop/pathfollowingbot/install/mobile_robot/share/mobile_robot/model/.venv/lib/python3.12/site-packages/yaml/nodes.py\n'}
[0.233035] (mobile_robot) StdoutLine: {'line': b'-- Up-to-date symlink: /home/hornet/Desktop/pathfollowingbot/install/mobile_robot/share/mobile_robot/model/.venv/lib/python3.12/site-packages/yaml/parser.py\n'}
[0.233089] (mobile_robot) StdoutLine: {'line': b'-- Up-to-date symlink: /home/hornet/Desktop/pathfollowingbot/install/mobile_robot/share/mobile_robot/model/.venv/lib/python3.12/site-packages/yaml/reader.py\n'}
[0.233145] (mobile_robot) StdoutLine: {'line': b'-- Up-to-date symlink: /home/hornet/Desktop/pathfollowingbot/install/mobile_robot/share/mobile_robot/model/.venv/lib/python3.12/site-packages/yaml/representer.py\n'}
[0.233201] (mobile_robot) StdoutLine: {'line': b'-- Up-to-date symlink: /home/hornet/Desktop/pathfollowingbot/install/mobile_robot/share/mobile_robot/model/.venv/lib/python3.12/site-packages/yaml/resolver.py\n'}
[0.233257] (mobile_robot) StdoutLine: {'line': b'-- Up-to-date symlink: /home/hornet/Desktop/pathfollowingbot/install/mobile_robot/share/mobile_robot/model/.venv/lib/python3.12/site-packages/yaml/scanner.py\n'}
[0.233312] (mobile_robot) StdoutLine: {'line': b'-- Up-to-date symlink: /home/hornet/Desktop/pathfollowingbot/install/mobile_robot/share/mobile_robot/model/.venv/lib/python3.12/site-packages/yaml/serializer.py\n'}
[0.233365] (mobile_robot) StdoutLine: {'line': b'-- Up-to-date symlink: /home/hornet/Desktop/pathfollowingbot/install/mobile_robot/share/mobile_robot/model/.venv/lib/python3.12/site-packages/yaml/tokens.py\n'}
[0.233429] (mobile_robot) StdoutLine: {'line': b'-- Up-to-date symlink: /home/hornet/Desktop/pathfollowingbot/install/mobile_robot/share/mobile_robot/model/.venv/lib64/python3.12/site-packages/_yaml/__init__.py\n'}
[0.233490] (mobile_robot) StdoutLine: {'line': b'-- Up-to-date symlink: /home/hornet/Desktop/pathfollowingbot/install/mobile_robot/share/mobile_robot/model/.venv/lib64/python3.12/site-packages/_yaml/__pycache__/__init__.cpython-312.pyc\n'}
[0.233550] (mobile_robot) StdoutLine: {'line': b'-- Up-to-date symlink: /home/hornet/Desktop/pathfollowingbot/install/mobile_robot/share/mobile_robot/model/.venv/lib64/python3.12/site-packages/pip-25.3.dist-info/INSTALLER\n'}
[0.233605] (mobile_robot) StdoutLine: {'line': b'-- Up-to-date symlink: /home/hornet/Desktop/pathfollowingbot/install/mobile_robot/share/mobile_robot/model/.venv/lib64/python3.12/site-packages/pip-25.3.dist-info/METADATA\n'}
[0.233667] (mobile_robot) StdoutLine: {'line': b'-- Up-to-date symlink: /home/hornet/Desktop/pathfollowingbot/install/mobile_robot/share/mobile_robot/model/.venv/lib64/python3.12/site-packages/pip-25.3.dist-info/RECORD\n'}
[0.233725] (mobile_robot) StdoutLine: {'line': b'-- Up-to-date symlink: /home/hornet/Desktop/pathfollowingbot/install/mobile_robot/share/mobile_robot/model/.venv/lib64/python3.12/site-packages/pip-25.3.dist-info/REQUESTED\n'}
[0.233784] (mobile_robot) StdoutLine: {'line': b'-- Up-to-date symlink: /home/hornet/Desktop/pathfollowingbot/install/mobile_robot/share/mobile_robot/model/.venv/lib64/python3.12/site-packages/pip-25.3.dist-info/WHEEL\n'}
[0.233843] (mobile_robot) StdoutLine: {'line': b'-- Up-to-date symlink: /home/hornet/Desktop/pathfollowingbot/install/mobile_robot/share/mobile_robot/model/.venv/lib64/python3.12/site-packages/pip-25.3.dist-info/entry_points.txt\n'}
[0.233904] (mobile_robot) StdoutLine: {'line': b'-- Up-to-date symlink: /home/hornet/Desktop/pathfollowingbot/install/mobile_robot/share/mobile_robot/model/.venv/lib64/python3.12/site-packages/pip-25.3.dist-info/licenses/AUTHORS.txt\n'}
[0.233964] (mobile_robot) StdoutLine: {'line': b'-- Up-to-date symlink: /home/hornet/Desktop/pathfollowingbot/install/mobile_robot/share/mobile_robot/model/.venv/lib64/python3.12/site-packages/pip-25.3.dist-info/licenses/LICENSE.txt\n'}
[0.234037] (mobile_robot) StdoutLine: {'line': b'-- Up-to-date symlink: /home/hornet/Desktop/pathfollowingbot/install/mobile_robot/share/mobile_robot/model/.venv/lib64/python3.12/site-packages/pip-25.3.dist-info/licenses/src/pip/_vendor/cachecontrol/LICENSE.txt\n'}
[0.234105] (mobile_robot) StdoutLine: {'line': b'-- Up-to-date symlink: /home/hornet/Desktop/pathfollowingbot/install/mobile_robot/share/mobile_robot/model/.venv/lib64/python3.12/site-packages/pip-25.3.dist-info/licenses/src/pip/_vendor/certifi/LICENSE\n'}
[0.234177] (mobile_robot) StdoutLine: {'line': b'-- Up-to-date symlink: /home/hornet/Desktop/pathfollowingbot/install/mobile_robot/share/mobile_robot/model/.venv/lib64/python3.12/site-packages/pip-25.3.dist-info/licenses/src/pip/_vendor/dependency_groups/LICENSE.txt\n'}
[0.234246] (mobile_robot) StdoutLine: {'line': b'-- Up-to-date symlink: /home/hornet/Desktop/pathfollowingbot/install/mobile_robot/share/mobile_robot/model/.venv/lib64/python3.12/site-packages/pip-25.3.dist-info/licenses/src/pip/_vendor/distlib/LICENSE.txt\n'}
[0.234312] (mobile_robot) StdoutLine: {'line': b'-- Up-to-date symlink: /home/hornet/Desktop/pathfollowingbot/install/mobile_robot/share/mobile_robot/model/.venv/lib64/python3.12/site-packages/pip-25.3.dist-info/licenses/src/pip/_vendor/distro/LICENSE\n'}
[0.234530] (mobile_robot) StdoutLine: {'line': b'-- Up-to-date symlink: /home/hornet/Desktop/pathfollowingbot/install/mobile_robot/share/mobile_robot/model/.venv/lib64/python3.12/site-packages/pip-25.3.dist-info/licenses/src/pip/_vendor/idna/LICENSE.md\n'}
[0.234569] (mobile_robot) StdoutLine: {'line': b'-- Up-to-date symlink: /home/hornet/Desktop/pathfollowingbot/install/mobile_robot/share/mobile_robot/model/.venv/lib64/python3.12/site-packages/pip-25.3.dist-info/licenses/src/pip/_vendor/msgpack/COPYING\n'}
[0.234606] (mobile_robot) StdoutLine: {'line': b'-- Up-to-date symlink: /home/hornet/Desktop/pathfollowingbot/install/mobile_robot/share/mobile_robot/model/.venv/lib64/python3.12/site-packages/pip-25.3.dist-info/licenses/src/pip/_vendor/packaging/LICENSE\n'}
[0.234741] (mobile_robot) StdoutLine: {'line': b'-- Up-to-date symlink: /home/hornet/Desktop/pathfollowingbot/install/mobile_robot/share/mobile_robot/model/.venv/lib64/python3.12/site-packages/pip-25.3.dist-info/licenses/src/pip/_vendor/packaging/LICENSE.APACHE\n'}
[0.234780] (mobile_robot) StdoutLine: {'line': b'-- Up-to-date symlink: /home/hornet/Desktop/pathfollowingbot/install/mobile_robot/share/mobile_robot/model/.venv/lib64/python3.12/site-packages/pip-25.3.dist-info/licenses/src/pip/_vendor/packaging/LICENSE.BSD\n'}
[0.234819] (mobile_robot) StdoutLine: {'line': b'-- Up-to-date symlink: /home/hornet/Desktop/pathfollowingbot/install/mobile_robot/share/mobile_robot/model/.venv/lib64/python3.12/site-packages/pip-25.3.dist-info/licenses/src/pip/_vendor/pkg_resources/LICENSE\n'}
[0.234886] (mobile_robot) StdoutLine: {'line': b'-- Up-to-date symlink: /home/hornet/Desktop/pathfollowingbot/install/mobile_robot/share/mobile_robot/model/.venv/lib64/python3.12/site-packages/pip-25.3.dist-info/licenses/src/pip/_vendor/platformdirs/LICENSE\n'}
[0.234926] (mobile_robot) StdoutLine: {'line': b'-- Up-to-date symlink: /home/hornet/Desktop/pathfollowingbot/install/mobile_robot/share/mobile_robot/model/.venv/lib64/python3.12/site-packages/pip-25.3.dist-info/licenses/src/pip/_vendor/pygments/LICENSE\n'}
[0.235003] (mobile_robot) StdoutLine: {'line': b'-- Up-to-date symlink: /home/hornet/Desktop/pathfollowingbot/install/mobile_robot/share/mobile_robot/model/.venv/lib64/python3.12/site-packages/pip-25.3.dist-info/licenses/src/pip/_vendor/pyproject_hooks/LICENSE\n'}
[0.235042] (mobile_robot) StdoutLine: {'line': b'-- Up-to-date symlink: /home/hornet/Desktop/pathfollowingbot/install/mobile_robot/share/mobile_robot/model/.venv/lib64/python3.12/site-packages/pip-25.3.dist-info/licenses/src/pip/_vendor/requests/LICENSE\n'}
[0.235101] (mobile_robot) StdoutLine: {'line': b'-- Up-to-date symlink: /home/hornet/Desktop/pathfollowingbot/install/mobile_robot/share/mobile_robot/model/.venv/lib64/python3.12/site-packages/pip-25.3.dist-info/licenses/src/pip/_vendor/resolvelib/LICENSE\n'}
[0.235158] (mobile_robot) StdoutLine: {'line': b'-- Up-to-date symlink: /home/hornet/Desktop/pathfollowingbot/install/mobile_robot/share/mobile_robot/model/.venv/lib64/python3.12/site-packages/pip-25.3.dist-info/licenses/src/pip/_vendor/rich/LICENSE\n'}
[0.235212] (mobile_robot) StdoutLine: {'line': b'-- Up-to-date symlink: /home/hornet/Desktop/pathfollowingbot/install/mobile_robot/share/mobile_robot/model/.venv/lib64/python3.12/site-packages/pip-25.3.dist-info/licenses/src/pip/_vendor/tomli/LICENSE\n'}
[0.235278] (mobile_robot) StdoutLine: {'line': b'-- Up-to-date symlink: /home/hornet/Desktop/pathfollowingbot/install/mobile_robot/share/mobile_robot/model/.venv/lib64/python3.12/site-packages/pip-25.3.dist-info/licenses/src/pip/_vendor/tomli_w/LICENSE\n'}
[0.235343] (mobile_robot) StdoutLine: {'line': b'-- Up-to-date symlink: /home/hornet/Desktop/pathfollowingbot/install/mobile_robot/share/mobile_robot/model/.venv/lib64/python3.12/site-packages/pip-25.3.dist-info/licenses/src/pip/_vendor/truststore/LICENSE\n'}
[0.235411] (mobile_robot) StdoutLine: {'line': b'-- Up-to-date symlink: /home/hornet/Desktop/pathfollowingbot/install/mobile_robot/share/mobile_robot/model/.venv/lib64/python3.12/site-packages/pip-25.3.dist-info/licenses/src/pip/_vendor/urllib3/LICENSE.txt\n'}
[0.235472] (mobile_robot) StdoutLine: {'line': b'-- Up-to-date symlink: /home/hornet/Desktop/pathfollowingbot/install/mobile_robot/share/mobile_robot/model/.venv/lib64/python3.12/site-packages/pip/__init__.py\n'}
[0.235540] (mobile_robot) StdoutLine: {'line': b'-- Up-to-date symlink: /home/hornet/Desktop/pathfollowingbot/install/mobile_robot/share/mobile_robot/model/.venv/lib64/python3.12/site-packages/pip/__main__.py\n'}
[0.235597] (mobile_robot) StdoutLine: {'line': b'-- Up-to-date symlink: /home/hornet/Desktop/pathfollowingbot/install/mobile_robot/share/mobile_robot/model/.venv/lib64/python3.12/site-packages/pip/__pip-runner__.py\n'}
[0.235658] (mobile_robot) StdoutLine: {'line': b'-- Up-to-date symlink: /home/hornet/Desktop/pathfollowingbot/install/mobile_robot/share/mobile_robot/model/.venv/lib64/python3.12/site-packages/pip/__pycache__/__init__.cpython-312.pyc\n'}
[0.235722] (mobile_robot) StdoutLine: {'line': b'-- Up-to-date symlink: /home/hornet/Desktop/pathfollowingbot/install/mobile_robot/share/mobile_robot/model/.venv/lib64/python3.12/site-packages/pip/__pycache__/__main__.cpython-312.pyc\n'}
[0.235785] (mobile_robot) StdoutLine: {'line': b'-- Up-to-date symlink: /home/hornet/Desktop/pathfollowingbot/install/mobile_robot/share/mobile_robot/model/.venv/lib64/python3.12/site-packages/pip/__pycache__/__pip-runner__.cpython-312.pyc\n'}
[0.235847] (mobile_robot) StdoutLine: {'line': b'-- Up-to-date symlink: /home/hornet/Desktop/pathfollowingbot/install/mobile_robot/share/mobile_robot/model/.venv/lib64/python3.12/site-packages/pip/_internal/__init__.py\n'}
[0.235914] (mobile_robot) StdoutLine: {'line': b'-- Up-to-date symlink: /home/hornet/Desktop/pathfollowingbot/install/mobile_robot/share/mobile_robot/model/.venv/lib64/python3.12/site-packages/pip/_internal/__pycache__/__init__.cpython-312.pyc\n'}
[0.235976] (mobile_robot) StdoutLine: {'line': b'-- Up-to-date symlink: /home/hornet/Desktop/pathfollowingbot/install/mobile_robot/share/mobile_robot/model/.venv/lib64/python3.12/site-packages/pip/_internal/__pycache__/build_env.cpython-312.pyc\n'}
[0.236039] (mobile_robot) StdoutLine: {'line': b'-- Up-to-date symlink: /home/hornet/Desktop/pathfollowingbot/install/mobile_robot/share/mobile_robot/model/.venv/lib64/python3.12/site-packages/pip/_internal/__pycache__/cache.cpython-312.pyc\n'}
[0.236105] (mobile_robot) StdoutLine: {'line': b'-- Up-to-date symlink: /home/hornet/Desktop/pathfollowingbot/install/mobile_robot/share/mobile_robot/model/.venv/lib64/python3.12/site-packages/pip/_internal/__pycache__/configuration.cpython-312.pyc\n'}
[0.236172] (mobile_robot) StdoutLine: {'line': b'-- Up-to-date symlink: /home/hornet/Desktop/pathfollowingbot/install/mobile_robot/share/mobile_robot/model/.venv/lib64/python3.12/site-packages/pip/_internal/__pycache__/exceptions.cpython-312.pyc\n'}
[0.236234] (mobile_robot) StdoutLine: {'line': b'-- Up-to-date symlink: /home/hornet/Desktop/pathfollowingbot/install/mobile_robot/share/mobile_robot/model/.venv/lib64/python3.12/site-packages/pip/_internal/__pycache__/main.cpython-312.pyc\n'}
[0.236296] (mobile_robot) StdoutLine: {'line': b'-- Up-to-date symlink: /home/hornet/Desktop/pathfollowingbot/install/mobile_robot/share/mobile_robot/model/.venv/lib64/python3.12/site-packages/pip/_internal/__pycache__/pyproject.cpython-312.pyc\n'}
[0.236368] (mobile_robot) StdoutLine: {'line': b'-- Up-to-date symlink: /home/hornet/Desktop/pathfollowingbot/install/mobile_robot/share/mobile_robot/model/.venv/lib64/python3.12/site-packages/pip/_internal/__pycache__/self_outdated_check.cpython-312.pyc\n'}
[0.236427] (mobile_robot) StdoutLine: {'line': b'-- Up-to-date symlink: /home/hornet/Desktop/pathfollowingbot/install/mobile_robot/share/mobile_robot/model/.venv/lib64/python3.12/site-packages/pip/_internal/__pycache__/wheel_builder.cpython-312.pyc\n'}
[0.236488] (mobile_robot) StdoutLine: {'line': b'-- Up-to-date symlink: /home/hornet/Desktop/pathfollowingbot/install/mobile_robot/share/mobile_robot/model/.venv/lib64/python3.12/site-packages/pip/_internal/build_env.py\n'}
[0.236548] (mobile_robot) StdoutLine: {'line': b'-- Up-to-date symlink: /home/hornet/Desktop/pathfollowingbot/install/mobile_robot/share/mobile_robot/model/.venv/lib64/python3.12/site-packages/pip/_internal/cache.py\n'}
[0.236613] (mobile_robot) StdoutLine: {'line': b'-- Up-to-date symlink: /home/hornet/Desktop/pathfollowingbot/install/mobile_robot/share/mobile_robot/model/.venv/lib64/python3.12/site-packages/pip/_internal/cli/__init__.py\n'}
[0.236678] (mobile_robot) StdoutLine: {'line': b'-- Up-to-date symlink: /home/hornet/Desktop/pathfollowingbot/install/mobile_robot/share/mobile_robot/model/.venv/lib64/python3.12/site-packages/pip/_internal/cli/__pycache__/__init__.cpython-312.pyc\n'}
[0.236744] (mobile_robot) StdoutLine: {'line': b'-- Up-to-date symlink: /home/hornet/Desktop/pathfollowingbot/install/mobile_robot/share/mobile_robot/model/.venv/lib64/python3.12/site-packages/pip/_internal/cli/__pycache__/autocompletion.cpython-312.pyc\n'}
[0.236810] (mobile_robot) StdoutLine: {'line': b'-- Up-to-date symlink: /home/hornet/Desktop/pathfollowingbot/install/mobile_robot/share/mobile_robot/model/.venv/lib64/python3.12/site-packages/pip/_internal/cli/__pycache__/base_command.cpython-312.pyc\n'}
[0.236872] (mobile_robot) StdoutLine: {'line': b'-- Up-to-date symlink: /home/hornet/Desktop/pathfollowingbot/install/mobile_robot/share/mobile_robot/model/.venv/lib64/python3.12/site-packages/pip/_internal/cli/__pycache__/cmdoptions.cpython-312.pyc\n'}
[0.236936] (mobile_robot) StdoutLine: {'line': b'-- Up-to-date symlink: /home/hornet/Desktop/pathfollowingbot/install/mobile_robot/share/mobile_robot/model/.venv/lib64/python3.12/site-packages/pip/_internal/cli/__pycache__/command_context.cpython-312.pyc\n'}
[0.236999] (mobile_robot) StdoutLine: {'line': b'-- Up-to-date symlink: /home/hornet/Desktop/pathfollowingbot/install/mobile_robot/share/mobile_robot/model/.venv/lib64/python3.12/site-packages/pip/_internal/cli/__pycache__/index_command.cpython-312.pyc\n'}
[0.237063] (mobile_robot) StdoutLine: {'line': b'-- Up-to-date symlink: /home/hornet/Desktop/pathfollowingbot/install/mobile_robot/share/mobile_robot/model/.venv/lib64/python3.12/site-packages/pip/_internal/cli/__pycache__/main.cpython-312.pyc\n'}
[0.237127] (mobile_robot) StdoutLine: {'line': b'-- Up-to-date symlink: /home/hornet/Desktop/pathfollowingbot/install/mobile_robot/share/mobile_robot/model/.venv/lib64/python3.12/site-packages/pip/_internal/cli/__pycache__/main_parser.cpython-312.pyc\n'}
[0.237187] (mobile_robot) StdoutLine: {'line': b'-- Up-to-date symlink: /home/hornet/Desktop/pathfollowingbot/install/mobile_robot/share/mobile_robot/model/.venv/lib64/python3.12/site-packages/pip/_internal/cli/__pycache__/parser.cpython-312.pyc\n'}
[0.237262] (mobile_robot) StdoutLine: {'line': b'-- Up-to-date symlink: /home/hornet/Desktop/pathfollowingbot/install/mobile_robot/share/mobile_robot/model/.venv/lib64/python3.12/site-packages/pip/_internal/cli/__pycache__/progress_bars.cpython-312.pyc\n'}
[0.237326] (mobile_robot) StdoutLine: {'line': b'-- Up-to-date symlink: /home/hornet/Desktop/pathfollowingbot/install/mobile_robot/share/mobile_robot/model/.venv/lib64/python3.12/site-packages/pip/_internal/cli/__pycache__/req_command.cpython-312.pyc\n'}
[0.237389] (mobile_robot) StdoutLine: {'line': b'-- Up-to-date symlink: /home/hornet/Desktop/pathfollowingbot/install/mobile_robot/share/mobile_robot/model/.venv/lib64/python3.12/site-packages/pip/_internal/cli/__pycache__/spinners.cpython-312.pyc\n'}
[0.237449] (mobile_robot) StdoutLine: {'line': b'-- Up-to-date symlink: /home/hornet/Desktop/pathfollowingbot/install/mobile_robot/share/mobile_robot/model/.venv/lib64/python3.12/site-packages/pip/_internal/cli/__pycache__/status_codes.cpython-312.pyc\n'}
[0.237514] (mobile_robot) StdoutLine: {'line': b'-- Up-to-date symlink: /home/hornet/Desktop/pathfollowingbot/install/mobile_robot/share/mobile_robot/model/.venv/lib64/python3.12/site-packages/pip/_internal/cli/autocompletion.py\n'}
[0.237575] (mobile_robot) StdoutLine: {'line': b'-- Up-to-date symlink: /home/hornet/Desktop/pathfollowingbot/install/mobile_robot/share/mobile_robot/model/.venv/lib64/python3.12/site-packages/pip/_internal/cli/base_command.py\n'}
[0.237636] (mobile_robot) StdoutLine: {'line': b'-- Up-to-date symlink: /home/hornet/Desktop/pathfollowingbot/install/mobile_robot/share/mobile_robot/model/.venv/lib64/python3.12/site-packages/pip/_internal/cli/cmdoptions.py\n'}
[0.237701] (mobile_robot) StdoutLine: {'line': b'-- Up-to-date symlink: /home/hornet/Desktop/pathfollowingbot/install/mobile_robot/share/mobile_robot/model/.venv/lib64/python3.12/site-packages/pip/_internal/cli/command_context.py\n'}
[0.237760] (mobile_robot) StdoutLine: {'line': b'-- Up-to-date symlink: /home/hornet/Desktop/pathfollowingbot/install/mobile_robot/share/mobile_robot/model/.venv/lib64/python3.12/site-packages/pip/_internal/cli/index_command.py\n'}
[0.237820] (mobile_robot) StdoutLine: {'line': b'-- Up-to-date symlink: /home/hornet/Desktop/pathfollowingbot/install/mobile_robot/share/mobile_robot/model/.venv/lib64/python3.12/site-packages/pip/_internal/cli/main.py\n'}
[0.237884] (mobile_robot) StdoutLine: {'line': b'-- Up-to-date symlink: /home/hornet/Desktop/pathfollowingbot/install/mobile_robot/share/mobile_robot/model/.venv/lib64/python3.12/site-packages/pip/_internal/cli/main_parser.py\n'}
[0.237942] (mobile_robot) StdoutLine: {'line': b'-- Up-to-date symlink: /home/hornet/Desktop/pathfollowingbot/install/mobile_robot/share/mobile_robot/model/.venv/lib64/python3.12/site-packages/pip/_internal/cli/parser.py\n'}
[0.238012] (mobile_robot) StdoutLine: {'line': b'-- Up-to-date symlink: /home/hornet/Desktop/pathfollowingbot/install/mobile_robot/share/mobile_robot/model/.venv/lib64/python3.12/site-packages/pip/_internal/cli/progress_bars.py\n'}
[0.238066] (mobile_robot) StdoutLine: {'line': b'-- Up-to-date symlink: /home/hornet/Desktop/pathfollowingbot/install/mobile_robot/share/mobile_robot/model/.venv/lib64/python3.12/site-packages/pip/_internal/cli/req_command.py\n'}
[0.238131] (mobile_robot) StdoutLine: {'line': b'-- Up-to-date symlink: /home/hornet/Desktop/pathfollowingbot/install/mobile_robot/share/mobile_robot/model/.venv/lib64/python3.12/site-packages/pip/_internal/cli/spinners.py\n'}
[0.238187] (mobile_robot) StdoutLine: {'line': b'-- Up-to-date symlink: /home/hornet/Desktop/pathfollowingbot/install/mobile_robot/share/mobile_robot/model/.venv/lib64/python3.12/site-packages/pip/_internal/cli/status_codes.py\n'}
[0.238246] (mobile_robot) StdoutLine: {'line': b'-- Up-to-date symlink: /home/hornet/Desktop/pathfollowingbot/install/mobile_robot/share/mobile_robot/model/.venv/lib64/python3.12/site-packages/pip/_internal/commands/__init__.py\n'}
[0.238313] (mobile_robot) StdoutLine: {'line': b'-- Up-to-date symlink: /home/hornet/Desktop/pathfollowingbot/install/mobile_robot/share/mobile_robot/model/.venv/lib64/python3.12/site-packages/pip/_internal/commands/__pycache__/__init__.cpython-312.pyc\n'}
[0.238375] (mobile_robot) StdoutLine: {'line': b'-- Up-to-date symlink: /home/hornet/Desktop/pathfollowingbot/install/mobile_robot/share/mobile_robot/model/.venv/lib64/python3.12/site-packages/pip/_internal/commands/__pycache__/cache.cpython-312.pyc\n'}
[0.238442] (mobile_robot) StdoutLine: {'line': b'-- Up-to-date symlink: /home/hornet/Desktop/pathfollowingbot/install/mobile_robot/share/mobile_robot/model/.venv/lib64/python3.12/site-packages/pip/_internal/commands/__pycache__/check.cpython-312.pyc\n'}
[0.238501] (mobile_robot) StdoutLine: {'line': b'-- Up-to-date symlink: /home/hornet/Desktop/pathfollowingbot/install/mobile_robot/share/mobile_robot/model/.venv/lib64/python3.12/site-packages/pip/_internal/commands/__pycache__/completion.cpython-312.pyc\n'}
[0.238564] (mobile_robot) StdoutLine: {'line': b'-- Up-to-date symlink: /home/hornet/Desktop/pathfollowingbot/install/mobile_robot/share/mobile_robot/model/.venv/lib64/python3.12/site-packages/pip/_internal/commands/__pycache__/configuration.cpython-312.pyc\n'}
[0.238624] (mobile_robot) StdoutLine: {'line': b'-- Up-to-date symlink: /home/hornet/Desktop/pathfollowingbot/install/mobile_robot/share/mobile_robot/model/.venv/lib64/python3.12/site-packages/pip/_internal/commands/__pycache__/debug.cpython-312.pyc\n'}
[0.238695] (mobile_robot) StdoutLine: {'line': b'-- Up-to-date symlink: /home/hornet/Desktop/pathfollowingbot/install/mobile_robot/share/mobile_robot/model/.venv/lib64/python3.12/site-packages/pip/_internal/commands/__pycache__/download.cpython-312.pyc\n'}
[0.238753] (mobile_robot) StdoutLine: {'line': b'-- Up-to-date symlink: /home/hornet/Desktop/pathfollowingbot/install/mobile_robot/share/mobile_robot/model/.venv/lib64/python3.12/site-packages/pip/_internal/commands/__pycache__/freeze.cpython-312.pyc\n'}
[0.238817] (mobile_robot) StdoutLine: {'line': b'-- Up-to-date symlink: /home/hornet/Desktop/pathfollowingbot/install/mobile_robot/share/mobile_robot/model/.venv/lib64/python3.12/site-packages/pip/_internal/commands/__pycache__/hash.cpython-312.pyc\n'}
[0.238877] (mobile_robot) StdoutLine: {'line': b'-- Up-to-date symlink: /home/hornet/Desktop/pathfollowingbot/install/mobile_robot/share/mobile_robot/model/.venv/lib64/python3.12/site-packages/pip/_internal/commands/__pycache__/help.cpython-312.pyc\n'}
[0.238942] (mobile_robot) StdoutLine: {'line': b'-- Up-to-date symlink: /home/hornet/Desktop/pathfollowingbot/install/mobile_robot/share/mobile_robot/model/.venv/lib64/python3.12/site-packages/pip/_internal/commands/__pycache__/index.cpython-312.pyc\n'}
[0.239010] (mobile_robot) StdoutLine: {'line': b'-- Up-to-date symlink: /home/hornet/Desktop/pathfollowingbot/install/mobile_robot/share/mobile_robot/model/.venv/lib64/python3.12/site-packages/pip/_internal/commands/__pycache__/inspect.cpython-312.pyc\n'}
[0.239066] (mobile_robot) StdoutLine: {'line': b'-- Up-to-date symlink: /home/hornet/Desktop/pathfollowingbot/install/mobile_robot/share/mobile_robot/model/.venv/lib64/python3.12/site-packages/pip/_internal/commands/__pycache__/install.cpython-312.pyc\n'}
[0.239127] (mobile_robot) StdoutLine: {'line': b'-- Up-to-date symlink: /home/hornet/Desktop/pathfollowingbot/install/mobile_robot/share/mobile_robot/model/.venv/lib64/python3.12/site-packages/pip/_internal/commands/__pycache__/list.cpython-312.pyc\n'}
[0.239188] (mobile_robot) StdoutLine: {'line': b'-- Up-to-date symlink: /home/hornet/Desktop/pathfollowingbot/install/mobile_robot/share/mobile_robot/model/.venv/lib64/python3.12/site-packages/pip/_internal/commands/__pycache__/lock.cpython-312.pyc\n'}
[0.239248] (mobile_robot) StdoutLine: {'line': b'-- Up-to-date symlink: /home/hornet/Desktop/pathfollowingbot/install/mobile_robot/share/mobile_robot/model/.venv/lib64/python3.12/site-packages/pip/_internal/commands/__pycache__/search.cpython-312.pyc\n'}
[0.239310] (mobile_robot) StdoutLine: {'line': b'-- Up-to-date symlink: /home/hornet/Desktop/pathfollowingbot/install/mobile_robot/share/mobile_robot/model/.venv/lib64/python3.12/site-packages/pip/_internal/commands/__pycache__/show.cpython-312.pyc\n'}
[0.239374] (mobile_robot) StdoutLine: {'line': b'-- Up-to-date symlink: /home/hornet/Desktop/pathfollowingbot/install/mobile_robot/share/mobile_robot/model/.venv/lib64/python3.12/site-packages/pip/_internal/commands/__pycache__/uninstall.cpython-312.pyc\n'}
[0.239436] (mobile_robot) StdoutLine: {'line': b'-- Up-to-date symlink: /home/hornet/Desktop/pathfollowingbot/install/mobile_robot/share/mobile_robot/model/.venv/lib64/python3.12/site-packages/pip/_internal/commands/__pycache__/wheel.cpython-312.pyc\n'}
[0.239490] (mobile_robot) StdoutLine: {'line': b'-- Up-to-date symlink: /home/hornet/Desktop/pathfollowingbot/install/mobile_robot/share/mobile_robot/model/.venv/lib64/python3.12/site-packages/pip/_internal/commands/cache.py\n'}
[0.239548] (mobile_robot) StdoutLine: {'line': b'-- Up-to-date symlink: /home/hornet/Desktop/pathfollowingbot/install/mobile_robot/share/mobile_robot/model/.venv/lib64/python3.12/site-packages/pip/_internal/commands/check.py\n'}
[0.239606] (mobile_robot) StdoutLine: {'line': b'-- Up-to-date symlink: /home/hornet/Desktop/pathfollowingbot/install/mobile_robot/share/mobile_robot/model/.venv/lib64/python3.12/site-packages/pip/_internal/commands/completion.py\n'}
[0.239674] (mobile_robot) StdoutLine: {'line': b'-- Up-to-date symlink: /home/hornet/Desktop/pathfollowingbot/install/mobile_robot/share/mobile_robot/model/.venv/lib64/python3.12/site-packages/pip/_internal/commands/configuration.py\n'}
[0.239726] (mobile_robot) StdoutLine: {'line': b'-- Up-to-date symlink: /home/hornet/Desktop/pathfollowingbot/install/mobile_robot/share/mobile_robot/model/.venv/lib64/python3.12/site-packages/pip/_internal/commands/debug.py\n'}
[0.239780] (mobile_robot) StdoutLine: {'line': b'-- Up-to-date symlink: /home/hornet/Desktop/pathfollowingbot/install/mobile_robot/share/mobile_robot/model/.venv/lib64/python3.12/site-packages/pip/_internal/commands/download.py\n'}
[0.239835] (mobile_robot) StdoutLine: {'line': b'-- Up-to-date symlink: /home/hornet/Desktop/pathfollowingbot/install/mobile_robot/share/mobile_robot/model/.venv/lib64/python3.12/site-packages/pip/_internal/commands/freeze.py\n'}
[0.239892] (mobile_robot) StdoutLine: {'line': b'-- Up-to-date symlink: /home/hornet/Desktop/pathfollowingbot/install/mobile_robot/share/mobile_robot/model/.venv/lib64/python3.12/site-packages/pip/_internal/commands/hash.py\n'}
[0.239950] (mobile_robot) StdoutLine: {'line': b'-- Up-to-date symlink: /home/hornet/Desktop/pathfollowingbot/install/mobile_robot/share/mobile_robot/model/.venv/lib64/python3.12/site-packages/pip/_internal/commands/help.py\n'}
[0.240005] (mobile_robot) StdoutLine: {'line': b'-- Up-to-date symlink: /home/hornet/Desktop/pathfollowingbot/install/mobile_robot/share/mobile_robot/model/.venv/lib64/python3.12/site-packages/pip/_internal/commands/index.py\n'}
[0.240059] (mobile_robot) StdoutLine: {'line': b'-- Up-to-date symlink: /home/hornet/Desktop/pathfollowingbot/install/mobile_robot/share/mobile_robot/model/.venv/lib64/python3.12/site-packages/pip/_internal/commands/inspect.py\n'}
[0.240125] (mobile_robot) StdoutLine: {'line': b'-- Up-to-date symlink: /home/hornet/Desktop/pathfollowingbot/install/mobile_robot/share/mobile_robot/model/.venv/lib64/python3.12/site-packages/pip/_internal/commands/install.py\n'}
[0.240177] (mobile_robot) StdoutLine: {'line': b'-- Up-to-date symlink: /home/hornet/Desktop/pathfollowingbot/install/mobile_robot/share/mobile_robot/model/.venv/lib64/python3.12/site-packages/pip/_internal/commands/list.py\n'}
[0.240231] (mobile_robot) StdoutLine: {'line': b'-- Up-to-date symlink: /home/hornet/Desktop/pathfollowingbot/install/mobile_robot/share/mobile_robot/model/.venv/lib64/python3.12/site-packages/pip/_internal/commands/lock.py\n'}
[0.240286] (mobile_robot) StdoutLine: {'line': b'-- Up-to-date symlink: /home/hornet/Desktop/pathfollowingbot/install/mobile_robot/share/mobile_robot/model/.venv/lib64/python3.12/site-packages/pip/_internal/commands/search.py\n'}
[0.240339] (mobile_robot) StdoutLine: {'line': b'-- Up-to-date symlink: /home/hornet/Desktop/pathfollowingbot/install/mobile_robot/share/mobile_robot/model/.venv/lib64/python3.12/site-packages/pip/_internal/commands/show.py\n'}
[0.240397] (mobile_robot) StdoutLine: {'line': b'-- Up-to-date symlink: /home/hornet/Desktop/pathfollowingbot/install/mobile_robot/share/mobile_robot/model/.venv/lib64/python3.12/site-packages/pip/_internal/commands/uninstall.py\n'}
[0.240452] (mobile_robot) StdoutLine: {'line': b'-- Up-to-date symlink: /home/hornet/Desktop/pathfollowingbot/install/mobile_robot/share/mobile_robot/model/.venv/lib64/python3.12/site-packages/pip/_internal/commands/wheel.py\n'}
[0.240506] (mobile_robot) StdoutLine: {'line': b'-- Up-to-date symlink: /home/hornet/Desktop/pathfollowingbot/install/mobile_robot/share/mobile_robot/model/.venv/lib64/python3.12/site-packages/pip/_internal/configuration.py\n'}
[0.240563] (mobile_robot) StdoutLine: {'line': b'-- Up-to-date symlink: /home/hornet/Desktop/pathfollowingbot/install/mobile_robot/share/mobile_robot/model/.venv/lib64/python3.12/site-packages/pip/_internal/distributions/__init__.py\n'}
[0.240623] (mobile_robot) StdoutLine: {'line': b'-- Up-to-date symlink: /home/hornet/Desktop/pathfollowingbot/install/mobile_robot/share/mobile_robot/model/.venv/lib64/python3.12/site-packages/pip/_internal/distributions/__pycache__/__init__.cpython-312.pyc\n'}
[0.240684] (mobile_robot) StdoutLine: {'line': b'-- Up-to-date symlink: /home/hornet/Desktop/pathfollowingbot/install/mobile_robot/share/mobile_robot/model/.venv/lib64/python3.12/site-packages/pip/_internal/distributions/__pycache__/base.cpython-312.pyc\n'}
[0.240742] (mobile_robot) StdoutLine: {'line': b'-- Up-to-date symlink: /home/hornet/Desktop/pathfollowingbot/install/mobile_robot/share/mobile_robot/model/.venv/lib64/python3.12/site-packages/pip/_internal/distributions/__pycache__/installed.cpython-312.pyc\n'}
[0.240800] (mobile_robot) StdoutLine: {'line': b'-- Up-to-date symlink: /home/hornet/Desktop/pathfollowingbot/install/mobile_robot/share/mobile_robot/model/.venv/lib64/python3.12/site-packages/pip/_internal/distributions/__pycache__/sdist.cpython-312.pyc\n'}
[0.240857] (mobile_robot) StdoutLine: {'line': b'-- Up-to-date symlink: /home/hornet/Desktop/pathfollowingbot/install/mobile_robot/share/mobile_robot/model/.venv/lib64/python3.12/site-packages/pip/_internal/distributions/__pycache__/wheel.cpython-312.pyc\n'}
[0.240912] (mobile_robot) StdoutLine: {'line': b'-- Up-to-date symlink: /home/hornet/Desktop/pathfollowingbot/install/mobile_robot/share/mobile_robot/model/.venv/lib64/python3.12/site-packages/pip/_internal/distributions/base.py\n'}
[0.240976] (mobile_robot) StdoutLine: {'line': b'-- Up-to-date symlink: /home/hornet/Desktop/pathfollowingbot/install/mobile_robot/share/mobile_robot/model/.venv/lib64/python3.12/site-packages/pip/_internal/distributions/installed.py\n'}
[0.241027] (mobile_robot) StdoutLine: {'line': b'-- Up-to-date symlink: /home/hornet/Desktop/pathfollowingbot/install/mobile_robot/share/mobile_robot/model/.venv/lib64/python3.12/site-packages/pip/_internal/distributions/sdist.py\n'}
[0.241080] (mobile_robot) StdoutLine: {'line': b'-- Up-to-date symlink: /home/hornet/Desktop/pathfollowingbot/install/mobile_robot/share/mobile_robot/model/.venv/lib64/python3.12/site-packages/pip/_internal/distributions/wheel.py\n'}
[0.241134] (mobile_robot) StdoutLine: {'line': b'-- Up-to-date symlink: /home/hornet/Desktop/pathfollowingbot/install/mobile_robot/share/mobile_robot/model/.venv/lib64/python3.12/site-packages/pip/_internal/exceptions.py\n'}
[0.241190] (mobile_robot) StdoutLine: {'line': b'-- Up-to-date symlink: /home/hornet/Desktop/pathfollowingbot/install/mobile_robot/share/mobile_robot/model/.venv/lib64/python3.12/site-packages/pip/_internal/index/__init__.py\n'}
[0.241248] (mobile_robot) StdoutLine: {'line': b'-- Up-to-date symlink: /home/hornet/Desktop/pathfollowingbot/install/mobile_robot/share/mobile_robot/model/.venv/lib64/python3.12/site-packages/pip/_internal/index/__pycache__/__init__.cpython-312.pyc\n'}
[0.241306] (mobile_robot) StdoutLine: {'line': b'-- Up-to-date symlink: /home/hornet/Desktop/pathfollowingbot/install/mobile_robot/share/mobile_robot/model/.venv/lib64/python3.12/site-packages/pip/_internal/index/__pycache__/collector.cpython-312.pyc\n'}
[0.241364] (mobile_robot) StdoutLine: {'line': b'-- Up-to-date symlink: /home/hornet/Desktop/pathfollowingbot/install/mobile_robot/share/mobile_robot/model/.venv/lib64/python3.12/site-packages/pip/_internal/index/__pycache__/package_finder.cpython-312.pyc\n'}
[0.241425] (mobile_robot) StdoutLine: {'line': b'-- Up-to-date symlink: /home/hornet/Desktop/pathfollowingbot/install/mobile_robot/share/mobile_robot/model/.venv/lib64/python3.12/site-packages/pip/_internal/index/__pycache__/sources.cpython-312.pyc\n'}
[0.241475] (mobile_robot) StdoutLine: {'line': b'-- Up-to-date symlink: /home/hornet/Desktop/pathfollowingbot/install/mobile_robot/share/mobile_robot/model/.venv/lib64/python3.12/site-packages/pip/_internal/index/collector.py\n'}
[0.241529] (mobile_robot) StdoutLine: {'line': b'-- Up-to-date symlink: /home/hornet/Desktop/pathfollowingbot/install/mobile_robot/share/mobile_robot/model/.venv/lib64/python3.12/site-packages/pip/_internal/index/package_finder.py\n'}
[0.241584] (mobile_robot) StdoutLine: {'line': b'-- Up-to-date symlink: /home/hornet/Desktop/pathfollowingbot/install/mobile_robot/share/mobile_robot/model/.venv/lib64/python3.12/site-packages/pip/_internal/index/sources.py\n'}
[0.241636] (mobile_robot) StdoutLine: {'line': b'-- Up-to-date symlink: /home/hornet/Desktop/pathfollowingbot/install/mobile_robot/share/mobile_robot/model/.venv/lib64/python3.12/site-packages/pip/_internal/locations/__init__.py\n'}
[0.241698] (mobile_robot) StdoutLine: {'line': b'-- Up-to-date symlink: /home/hornet/Desktop/pathfollowingbot/install/mobile_robot/share/mobile_robot/model/.venv/lib64/python3.12/site-packages/pip/_internal/locations/__pycache__/__init__.cpython-312.pyc\n'}
[0.241755] (mobile_robot) StdoutLine: {'line': b'-- Up-to-date symlink: /home/hornet/Desktop/pathfollowingbot/install/mobile_robot/share/mobile_robot/model/.venv/lib64/python3.12/site-packages/pip/_internal/locations/__pycache__/_distutils.cpython-312.pyc\n'}
[0.241811] (mobile_robot) StdoutLine: {'line': b'-- Up-to-date symlink: /home/hornet/Desktop/pathfollowingbot/install/mobile_robot/share/mobile_robot/model/.venv/lib64/python3.12/site-packages/pip/_internal/locations/__pycache__/_sysconfig.cpython-312.pyc\n'}
[0.241866] (mobile_robot) StdoutLine: {'line': b'-- Up-to-date symlink: /home/hornet/Desktop/pathfollowingbot/install/mobile_robot/share/mobile_robot/model/.venv/lib64/python3.12/site-packages/pip/_internal/locations/__pycache__/base.cpython-312.pyc\n'}
[0.241924] (mobile_robot) StdoutLine: {'line': b'-- Up-to-date symlink: /home/hornet/Desktop/pathfollowingbot/install/mobile_robot/share/mobile_robot/model/.venv/lib64/python3.12/site-packages/pip/_internal/locations/_distutils.py\n'}
[0.241979] (mobile_robot) StdoutLine: {'line': b'-- Up-to-date symlink: /home/hornet/Desktop/pathfollowingbot/install/mobile_robot/share/mobile_robot/model/.venv/lib64/python3.12/site-packages/pip/_internal/locations/_sysconfig.py\n'}
[0.242041] (mobile_robot) StdoutLine: {'line': b'-- Up-to-date symlink: /home/hornet/Desktop/pathfollowingbot/install/mobile_robot/share/mobile_robot/model/.venv/lib64/python3.12/site-packages/pip/_internal/locations/base.py\n'}
[0.242087] (mobile_robot) StdoutLine: {'line': b'-- Up-to-date symlink: /home/hornet/Desktop/pathfollowingbot/install/mobile_robot/share/mobile_robot/model/.venv/lib64/python3.12/site-packages/pip/_internal/main.py\n'}
[0.242144] (mobile_robot) StdoutLine: {'line': b'-- Up-to-date symlink: /home/hornet/Desktop/pathfollowingbot/install/mobile_robot/share/mobile_robot/model/.venv/lib64/python3.12/site-packages/pip/_internal/metadata/__init__.py\n'}
[0.242200] (mobile_robot) StdoutLine: {'line': b'-- Up-to-date symlink: /home/hornet/Desktop/pathfollowingbot/install/mobile_robot/share/mobile_robot/model/.venv/lib64/python3.12/site-packages/pip/_internal/metadata/__pycache__/__init__.cpython-312.pyc\n'}
[0.242258] (mobile_robot) StdoutLine: {'line': b'-- Up-to-date symlink: /home/hornet/Desktop/pathfollowingbot/install/mobile_robot/share/mobile_robot/model/.venv/lib64/python3.12/site-packages/pip/_internal/metadata/__pycache__/_json.cpython-312.pyc\n'}
[0.242313] (mobile_robot) StdoutLine: {'line': b'-- Up-to-date symlink: /home/hornet/Desktop/pathfollowingbot/install/mobile_robot/share/mobile_robot/model/.venv/lib64/python3.12/site-packages/pip/_internal/metadata/__pycache__/base.cpython-312.pyc\n'}
[0.242368] (mobile_robot) StdoutLine: {'line': b'-- Up-to-date symlink: /home/hornet/Desktop/pathfollowingbot/install/mobile_robot/share/mobile_robot/model/.venv/lib64/python3.12/site-packages/pip/_internal/metadata/__pycache__/pkg_resources.cpython-312.pyc\n'}
[0.242423] (mobile_robot) StdoutLine: {'line': b'-- Up-to-date symlink: /home/hornet/Desktop/pathfollowingbot/install/mobile_robot/share/mobile_robot/model/.venv/lib64/python3.12/site-packages/pip/_internal/metadata/_json.py\n'}
[0.242609] (mobile_robot) StdoutLine: {'line': b'-- Up-to-date symlink: /home/hornet/Desktop/pathfollowingbot/install/mobile_robot/share/mobile_robot/model/.venv/lib64/python3.12/site-packages/pip/_internal/metadata/base.py\n'}
[0.242644] (mobile_robot) StdoutLine: {'line': b'-- Up-to-date symlink: /home/hornet/Desktop/pathfollowingbot/install/mobile_robot/share/mobile_robot/model/.venv/lib64/python3.12/site-packages/pip/_internal/metadata/importlib/__init__.py\n'}
[0.242679] (mobile_robot) StdoutLine: {'line': b'-- Up-to-date symlink: /home/hornet/Desktop/pathfollowingbot/install/mobile_robot/share/mobile_robot/model/.venv/lib64/python3.12/site-packages/pip/_internal/metadata/importlib/__pycache__/__init__.cpython-312.pyc\n'}
[0.242739] (mobile_robot) StdoutLine: {'line': b'-- Up-to-date symlink: /home/hornet/Desktop/pathfollowingbot/install/mobile_robot/share/mobile_robot/model/.venv/lib64/python3.12/site-packages/pip/_internal/metadata/importlib/__pycache__/_compat.cpython-312.pyc\n'}
[0.242776] (mobile_robot) StdoutLine: {'line': b'-- Up-to-date symlink: /home/hornet/Desktop/pathfollowingbot/install/mobile_robot/share/mobile_robot/model/.venv/lib64/python3.12/site-packages/pip/_internal/metadata/importlib/__pycache__/_dists.cpython-312.pyc\n'}
[0.242836] (mobile_robot) StdoutLine: {'line': b'-- Up-to-date symlink: /home/hornet/Desktop/pathfollowingbot/install/mobile_robot/share/mobile_robot/model/.venv/lib64/python3.12/site-packages/pip/_internal/metadata/importlib/__pycache__/_envs.cpython-312.pyc\n'}
[0.242872] (mobile_robot) StdoutLine: {'line': b'-- Up-to-date symlink: /home/hornet/Desktop/pathfollowingbot/install/mobile_robot/share/mobile_robot/model/.venv/lib64/python3.12/site-packages/pip/_internal/metadata/importlib/_compat.py\n'}
[0.242960] (mobile_robot) StdoutLine: {'line': b'-- Up-to-date symlink: /home/hornet/Desktop/pathfollowingbot/install/mobile_robot/share/mobile_robot/model/.venv/lib64/python3.12/site-packages/pip/_internal/metadata/importlib/_dists.py\n'}
[0.242994] (mobile_robot) StdoutLine: {'line': b'-- Up-to-date symlink: /home/hornet/Desktop/pathfollowingbot/install/mobile_robot/share/mobile_robot/model/.venv/lib64/python3.12/site-packages/pip/_internal/metadata/importlib/_envs.py\n'}
[0.243065] (mobile_robot) StdoutLine: {'line': b'-- Up-to-date symlink: /home/hornet/Desktop/pathfollowingbot/install/mobile_robot/share/mobile_robot/model/.venv/lib64/python3.12/site-packages/pip/_internal/metadata/pkg_resources.py\n'}
[0.243100] (mobile_robot) StdoutLine: {'line': b'-- Up-to-date symlink: /home/hornet/Desktop/pathfollowingbot/install/mobile_robot/share/mobile_robot/model/.venv/lib64/python3.12/site-packages/pip/_internal/models/__init__.py\n'}
[0.243180] (mobile_robot) StdoutLine: {'line': b'-- Up-to-date symlink: /home/hornet/Desktop/pathfollowingbot/install/mobile_robot/share/mobile_robot/model/.venv/lib64/python3.12/site-packages/pip/_internal/models/__pycache__/__init__.cpython-312.pyc\n'}
[0.243216] (mobile_robot) StdoutLine: {'line': b'-- Up-to-date symlink: /home/hornet/Desktop/pathfollowingbot/install/mobile_robot/share/mobile_robot/model/.venv/lib64/python3.12/site-packages/pip/_internal/models/__pycache__/candidate.cpython-312.pyc\n'}
[0.243291] (mobile_robot) StdoutLine: {'line': b'-- Up-to-date symlink: /home/hornet/Desktop/pathfollowingbot/install/mobile_robot/share/mobile_robot/model/.venv/lib64/python3.12/site-packages/pip/_internal/models/__pycache__/direct_url.cpython-312.pyc\n'}
[0.243325] (mobile_robot) StdoutLine: {'line': b'-- Up-to-date symlink: /home/hornet/Desktop/pathfollowingbot/install/mobile_robot/share/mobile_robot/model/.venv/lib64/python3.12/site-packages/pip/_internal/models/__pycache__/format_control.cpython-312.pyc\n'}
[0.243373] (mobile_robot) StdoutLine: {'line': b'-- Up-to-date symlink: /home/hornet/Desktop/pathfollowingbot/install/mobile_robot/share/mobile_robot/model/.venv/lib64/python3.12/site-packages/pip/_internal/models/__pycache__/index.cpython-312.pyc\n'}
[0.243418] (mobile_robot) StdoutLine: {'line': b'-- Up-to-date symlink: /home/hornet/Desktop/pathfollowingbot/install/mobile_robot/share/mobile_robot/model/.venv/lib64/python3.12/site-packages/pip/_internal/models/__pycache__/installation_report.cpython-312.pyc\n'}
[0.243463] (mobile_robot) StdoutLine: {'line': b'-- Up-to-date symlink: /home/hornet/Desktop/pathfollowingbot/install/mobile_robot/share/mobile_robot/model/.venv/lib64/python3.12/site-packages/pip/_internal/models/__pycache__/link.cpython-312.pyc\n'}
[0.243520] (mobile_robot) StdoutLine: {'line': b'-- Up-to-date symlink: /home/hornet/Desktop/pathfollowingbot/install/mobile_robot/share/mobile_robot/model/.venv/lib64/python3.12/site-packages/pip/_internal/models/__pycache__/pylock.cpython-312.pyc\n'}
[0.243578] (mobile_robot) StdoutLine: {'line': b'-- Up-to-date symlink: /home/hornet/Desktop/pathfollowingbot/install/mobile_robot/share/mobile_robot/model/.venv/lib64/python3.12/site-packages/pip/_internal/models/__pycache__/scheme.cpython-312.pyc\n'}
[0.243636] (mobile_robot) StdoutLine: {'line': b'-- Up-to-date symlink: /home/hornet/Desktop/pathfollowingbot/install/mobile_robot/share/mobile_robot/model/.venv/lib64/python3.12/site-packages/pip/_internal/models/__pycache__/search_scope.cpython-312.pyc\n'}
[0.243696] (mobile_robot) StdoutLine: {'line': b'-- Up-to-date symlink: /home/hornet/Desktop/pathfollowingbot/install/mobile_robot/share/mobile_robot/model/.venv/lib64/python3.12/site-packages/pip/_internal/models/__pycache__/selection_prefs.cpython-312.pyc\n'}
[0.243754] (mobile_robot) StdoutLine: {'line': b'-- Up-to-date symlink: /home/hornet/Desktop/pathfollowingbot/install/mobile_robot/share/mobile_robot/model/.venv/lib64/python3.12/site-packages/pip/_internal/models/__pycache__/target_python.cpython-312.pyc\n'}
[0.243811] (mobile_robot) StdoutLine: {'line': b'-- Up-to-date symlink: /home/hornet/Desktop/pathfollowingbot/install/mobile_robot/share/mobile_robot/model/.venv/lib64/python3.12/site-packages/pip/_internal/models/__pycache__/wheel.cpython-312.pyc\n'}
[0.243875] (mobile_robot) StdoutLine: {'line': b'-- Up-to-date symlink: /home/hornet/Desktop/pathfollowingbot/install/mobile_robot/share/mobile_robot/model/.venv/lib64/python3.12/site-packages/pip/_internal/models/candidate.py\n'}
[0.243923] (mobile_robot) StdoutLine: {'line': b'-- Up-to-date symlink: /home/hornet/Desktop/pathfollowingbot/install/mobile_robot/share/mobile_robot/model/.venv/lib64/python3.12/site-packages/pip/_internal/models/direct_url.py\n'}
[0.243978] (mobile_robot) StdoutLine: {'line': b'-- Up-to-date symlink: /home/hornet/Desktop/pathfollowingbot/install/mobile_robot/share/mobile_robot/model/.venv/lib64/python3.12/site-packages/pip/_internal/models/format_control.py\n'}
[0.244034] (mobile_robot) StdoutLine: {'line': b'-- Up-to-date symlink: /home/hornet/Desktop/pathfollowingbot/install/mobile_robot/share/mobile_robot/model/.venv/lib64/python3.12/site-packages/pip/_internal/models/index.py\n'}
[0.244090] (mobile_robot) StdoutLine: {'line': b'-- Up-to-date symlink: /home/hornet/Desktop/pathfollowingbot/install/mobile_robot/share/mobile_robot/model/.venv/lib64/python3.12/site-packages/pip/_internal/models/installation_report.py\n'}
[0.244146] (mobile_robot) StdoutLine: {'line': b'-- Up-to-date symlink: /home/hornet/Desktop/pathfollowingbot/install/mobile_robot/share/mobile_robot/model/.venv/lib64/python3.12/site-packages/pip/_internal/models/link.py\n'}
[0.244201] (mobile_robot) StdoutLine: {'line': b'-- Up-to-date symlink: /home/hornet/Desktop/pathfollowingbot/install/mobile_robot/share/mobile_robot/model/.venv/lib64/python3.12/site-packages/pip/_internal/models/pylock.py\n'}
[0.244256] (mobile_robot) StdoutLine: {'line': b'-- Up-to-date symlink: /home/hornet/Desktop/pathfollowingbot/install/mobile_robot/share/mobile_robot/model/.venv/lib64/python3.12/site-packages/pip/_internal/models/scheme.py\n'}
[0.244311] (mobile_robot) StdoutLine: {'line': b'-- Up-to-date symlink: /home/hornet/Desktop/pathfollowingbot/install/mobile_robot/share/mobile_robot/model/.venv/lib64/python3.12/site-packages/pip/_internal/models/search_scope.py\n'}
[0.244367] (mobile_robot) StdoutLine: {'line': b'-- Up-to-date symlink: /home/hornet/Desktop/pathfollowingbot/install/mobile_robot/share/mobile_robot/model/.venv/lib64/python3.12/site-packages/pip/_internal/models/selection_prefs.py\n'}
[0.244423] (mobile_robot) StdoutLine: {'line': b'-- Up-to-date symlink: /home/hornet/Desktop/pathfollowingbot/install/mobile_robot/share/mobile_robot/model/.venv/lib64/python3.12/site-packages/pip/_internal/models/target_python.py\n'}
[0.244477] (mobile_robot) StdoutLine: {'line': b'-- Up-to-date symlink: /home/hornet/Desktop/pathfollowingbot/install/mobile_robot/share/mobile_robot/model/.venv/lib64/python3.12/site-packages/pip/_internal/models/wheel.py\n'}
[0.244533] (mobile_robot) StdoutLine: {'line': b'-- Up-to-date symlink: /home/hornet/Desktop/pathfollowingbot/install/mobile_robot/share/mobile_robot/model/.venv/lib64/python3.12/site-packages/pip/_internal/network/__init__.py\n'}
[0.244601] (mobile_robot) StdoutLine: {'line': b'-- Up-to-date symlink: /home/hornet/Desktop/pathfollowingbot/install/mobile_robot/share/mobile_robot/model/.venv/lib64/python3.12/site-packages/pip/_internal/network/__pycache__/__init__.cpython-312.pyc\n'}
[0.244652] (mobile_robot) StdoutLine: {'line': b'-- Up-to-date symlink: /home/hornet/Desktop/pathfollowingbot/install/mobile_robot/share/mobile_robot/model/.venv/lib64/python3.12/site-packages/pip/_internal/network/__pycache__/auth.cpython-312.pyc\n'}
[0.244715] (mobile_robot) StdoutLine: {'line': b'-- Up-to-date symlink: /home/hornet/Desktop/pathfollowingbot/install/mobile_robot/share/mobile_robot/model/.venv/lib64/python3.12/site-packages/pip/_internal/network/__pycache__/cache.cpython-312.pyc\n'}
[0.244771] (mobile_robot) StdoutLine: {'line': b'-- Up-to-date symlink: /home/hornet/Desktop/pathfollowingbot/install/mobile_robot/share/mobile_robot/model/.venv/lib64/python3.12/site-packages/pip/_internal/network/__pycache__/download.cpython-312.pyc\n'}
[0.244828] (mobile_robot) StdoutLine: {'line': b'-- Up-to-date symlink: /home/hornet/Desktop/pathfollowingbot/install/mobile_robot/share/mobile_robot/model/.venv/lib64/python3.12/site-packages/pip/_internal/network/__pycache__/lazy_wheel.cpython-312.pyc\n'}
[0.244885] (mobile_robot) StdoutLine: {'line': b'-- Up-to-date symlink: /home/hornet/Desktop/pathfollowingbot/install/mobile_robot/share/mobile_robot/model/.venv/lib64/python3.12/site-packages/pip/_internal/network/__pycache__/session.cpython-312.pyc\n'}
[0.244941] (mobile_robot) StdoutLine: {'line': b'-- Up-to-date symlink: /home/hornet/Desktop/pathfollowingbot/install/mobile_robot/share/mobile_robot/model/.venv/lib64/python3.12/site-packages/pip/_internal/network/__pycache__/utils.cpython-312.pyc\n'}
[0.244998] (mobile_robot) StdoutLine: {'line': b'-- Up-to-date symlink: /home/hornet/Desktop/pathfollowingbot/install/mobile_robot/share/mobile_robot/model/.venv/lib64/python3.12/site-packages/pip/_internal/network/__pycache__/xmlrpc.cpython-312.pyc\n'}
[0.245053] (mobile_robot) StdoutLine: {'line': b'-- Up-to-date symlink: /home/hornet/Desktop/pathfollowingbot/install/mobile_robot/share/mobile_robot/model/.venv/lib64/python3.12/site-packages/pip/_internal/network/auth.py\n'}
[0.245109] (mobile_robot) StdoutLine: {'line': b'-- Up-to-date symlink: /home/hornet/Desktop/pathfollowingbot/install/mobile_robot/share/mobile_robot/model/.venv/lib64/python3.12/site-packages/pip/_internal/network/cache.py\n'}
[0.245165] (mobile_robot) StdoutLine: {'line': b'-- Up-to-date symlink: /home/hornet/Desktop/pathfollowingbot/install/mobile_robot/share/mobile_robot/model/.venv/lib64/python3.12/site-packages/pip/_internal/network/download.py\n'}
[0.245219] (mobile_robot) StdoutLine: {'line': b'-- Up-to-date symlink: /home/hornet/Desktop/pathfollowingbot/install/mobile_robot/share/mobile_robot/model/.venv/lib64/python3.12/site-packages/pip/_internal/network/lazy_wheel.py\n'}
[0.245273] (mobile_robot) StdoutLine: {'line': b'-- Up-to-date symlink: /home/hornet/Desktop/pathfollowingbot/install/mobile_robot/share/mobile_robot/model/.venv/lib64/python3.12/site-packages/pip/_internal/network/session.py\n'}
[0.245329] (mobile_robot) StdoutLine: {'line': b'-- Up-to-date symlink: /home/hornet/Desktop/pathfollowingbot/install/mobile_robot/share/mobile_robot/model/.venv/lib64/python3.12/site-packages/pip/_internal/network/utils.py\n'}
[0.245383] (mobile_robot) StdoutLine: {'line': b'-- Up-to-date symlink: /home/hornet/Desktop/pathfollowingbot/install/mobile_robot/share/mobile_robot/model/.venv/lib64/python3.12/site-packages/pip/_internal/network/xmlrpc.py\n'}
[0.245439] (mobile_robot) StdoutLine: {'line': b'-- Up-to-date symlink: /home/hornet/Desktop/pathfollowingbot/install/mobile_robot/share/mobile_robot/model/.venv/lib64/python3.12/site-packages/pip/_internal/operations/__init__.py\n'}
[0.245497] (mobile_robot) StdoutLine: {'line': b'-- Up-to-date symlink: /home/hornet/Desktop/pathfollowingbot/install/mobile_robot/share/mobile_robot/model/.venv/lib64/python3.12/site-packages/pip/_internal/operations/__pycache__/__init__.cpython-312.pyc\n'}
[0.245555] (mobile_robot) StdoutLine: {'line': b'-- Up-to-date symlink: /home/hornet/Desktop/pathfollowingbot/install/mobile_robot/share/mobile_robot/model/.venv/lib64/python3.12/site-packages/pip/_internal/operations/__pycache__/check.cpython-312.pyc\n'}
[0.245612] (mobile_robot) StdoutLine: {'line': b'-- Up-to-date symlink: /home/hornet/Desktop/pathfollowingbot/install/mobile_robot/share/mobile_robot/model/.venv/lib64/python3.12/site-packages/pip/_internal/operations/__pycache__/freeze.cpython-312.pyc\n'}
[0.245673] (mobile_robot) StdoutLine: {'line': b'-- Up-to-date symlink: /home/hornet/Desktop/pathfollowingbot/install/mobile_robot/share/mobile_robot/model/.venv/lib64/python3.12/site-packages/pip/_internal/operations/__pycache__/prepare.cpython-312.pyc\n'}
[0.245730] (mobile_robot) StdoutLine: {'line': b'-- Up-to-date symlink: /home/hornet/Desktop/pathfollowingbot/install/mobile_robot/share/mobile_robot/model/.venv/lib64/python3.12/site-packages/pip/_internal/operations/build/__init__.py\n'}
[0.245790] (mobile_robot) StdoutLine: {'line': b'-- Up-to-date symlink: /home/hornet/Desktop/pathfollowingbot/install/mobile_robot/share/mobile_robot/model/.venv/lib64/python3.12/site-packages/pip/_internal/operations/build/__pycache__/__init__.cpython-312.pyc\n'}
[0.245850] (mobile_robot) StdoutLine: {'line': b'-- Up-to-date symlink: /home/hornet/Desktop/pathfollowingbot/install/mobile_robot/share/mobile_robot/model/.venv/lib64/python3.12/site-packages/pip/_internal/operations/build/__pycache__/build_tracker.cpython-312.pyc\n'}
[0.245910] (mobile_robot) StdoutLine: {'line': b'-- Up-to-date symlink: /home/hornet/Desktop/pathfollowingbot/install/mobile_robot/share/mobile_robot/model/.venv/lib64/python3.12/site-packages/pip/_internal/operations/build/__pycache__/metadata.cpython-312.pyc\n'}
[0.245970] (mobile_robot) StdoutLine: {'line': b'-- Up-to-date symlink: /home/hornet/Desktop/pathfollowingbot/install/mobile_robot/share/mobile_robot/model/.venv/lib64/python3.12/site-packages/pip/_internal/operations/build/__pycache__/metadata_editable.cpython-312.pyc\n'}
[0.246029] (mobile_robot) StdoutLine: {'line': b'-- Up-to-date symlink: /home/hornet/Desktop/pathfollowingbot/install/mobile_robot/share/mobile_robot/model/.venv/lib64/python3.12/site-packages/pip/_internal/operations/build/__pycache__/wheel.cpython-312.pyc\n'}
[0.246089] (mobile_robot) StdoutLine: {'line': b'-- Up-to-date symlink: /home/hornet/Desktop/pathfollowingbot/install/mobile_robot/share/mobile_robot/model/.venv/lib64/python3.12/site-packages/pip/_internal/operations/build/__pycache__/wheel_editable.cpython-312.pyc\n'}
[0.246147] (mobile_robot) StdoutLine: {'line': b'-- Up-to-date symlink: /home/hornet/Desktop/pathfollowingbot/install/mobile_robot/share/mobile_robot/model/.venv/lib64/python3.12/site-packages/pip/_internal/operations/build/build_tracker.py\n'}
[0.246205] (mobile_robot) StdoutLine: {'line': b'-- Up-to-date symlink: /home/hornet/Desktop/pathfollowingbot/install/mobile_robot/share/mobile_robot/model/.venv/lib64/python3.12/site-packages/pip/_internal/operations/build/metadata.py\n'}
[0.246263] (mobile_robot) StdoutLine: {'line': b'-- Up-to-date symlink: /home/hornet/Desktop/pathfollowingbot/install/mobile_robot/share/mobile_robot/model/.venv/lib64/python3.12/site-packages/pip/_internal/operations/build/metadata_editable.py\n'}
[0.246320] (mobile_robot) StdoutLine: {'line': b'-- Up-to-date symlink: /home/hornet/Desktop/pathfollowingbot/install/mobile_robot/share/mobile_robot/model/.venv/lib64/python3.12/site-packages/pip/_internal/operations/build/wheel.py\n'}
[0.246377] (mobile_robot) StdoutLine: {'line': b'-- Up-to-date symlink: /home/hornet/Desktop/pathfollowingbot/install/mobile_robot/share/mobile_robot/model/.venv/lib64/python3.12/site-packages/pip/_internal/operations/build/wheel_editable.py\n'}
[0.246433] (mobile_robot) StdoutLine: {'line': b'-- Up-to-date symlink: /home/hornet/Desktop/pathfollowingbot/install/mobile_robot/share/mobile_robot/model/.venv/lib64/python3.12/site-packages/pip/_internal/operations/check.py\n'}
[0.246489] (mobile_robot) StdoutLine: {'line': b'-- Up-to-date symlink: /home/hornet/Desktop/pathfollowingbot/install/mobile_robot/share/mobile_robot/model/.venv/lib64/python3.12/site-packages/pip/_internal/operations/freeze.py\n'}
[0.246549] (mobile_robot) StdoutLine: {'line': b'-- Up-to-date symlink: /home/hornet/Desktop/pathfollowingbot/install/mobile_robot/share/mobile_robot/model/.venv/lib64/python3.12/site-packages/pip/_internal/operations/install/__init__.py\n'}
[0.246609] (mobile_robot) StdoutLine: {'line': b'-- Up-to-date symlink: /home/hornet/Desktop/pathfollowingbot/install/mobile_robot/share/mobile_robot/model/.venv/lib64/python3.12/site-packages/pip/_internal/operations/install/__pycache__/__init__.cpython-312.pyc\n'}
[0.246677] (mobile_robot) StdoutLine: {'line': b'-- Up-to-date symlink: /home/hornet/Desktop/pathfollowingbot/install/mobile_robot/share/mobile_robot/model/.venv/lib64/python3.12/site-packages/pip/_internal/operations/install/__pycache__/wheel.cpython-312.pyc\n'}
[0.246730] (mobile_robot) StdoutLine: {'line': b'-- Up-to-date symlink: /home/hornet/Desktop/pathfollowingbot/install/mobile_robot/share/mobile_robot/model/.venv/lib64/python3.12/site-packages/pip/_internal/operations/install/wheel.py\n'}
[0.246785] (mobile_robot) StdoutLine: {'line': b'-- Up-to-date symlink: /home/hornet/Desktop/pathfollowingbot/install/mobile_robot/share/mobile_robot/model/.venv/lib64/python3.12/site-packages/pip/_internal/operations/prepare.py\n'}
[0.246840] (mobile_robot) StdoutLine: {'line': b'-- Up-to-date symlink: /home/hornet/Desktop/pathfollowingbot/install/mobile_robot/share/mobile_robot/model/.venv/lib64/python3.12/site-packages/pip/_internal/pyproject.py\n'}
[0.246897] (mobile_robot) StdoutLine: {'line': b'-- Up-to-date symlink: /home/hornet/Desktop/pathfollowingbot/install/mobile_robot/share/mobile_robot/model/.venv/lib64/python3.12/site-packages/pip/_internal/req/__init__.py\n'}
[0.246956] (mobile_robot) StdoutLine: {'line': b'-- Up-to-date symlink: /home/hornet/Desktop/pathfollowingbot/install/mobile_robot/share/mobile_robot/model/.venv/lib64/python3.12/site-packages/pip/_internal/req/__pycache__/__init__.cpython-312.pyc\n'}
[0.247014] (mobile_robot) StdoutLine: {'line': b'-- Up-to-date symlink: /home/hornet/Desktop/pathfollowingbot/install/mobile_robot/share/mobile_robot/model/.venv/lib64/python3.12/site-packages/pip/_internal/req/__pycache__/constructors.cpython-312.pyc\n'}
[0.247072] (mobile_robot) StdoutLine: {'line': b'-- Up-to-date symlink: /home/hornet/Desktop/pathfollowingbot/install/mobile_robot/share/mobile_robot/model/.venv/lib64/python3.12/site-packages/pip/_internal/req/__pycache__/req_dependency_group.cpython-312.pyc\n'}
[0.247129] (mobile_robot) StdoutLine: {'line': b'-- Up-to-date symlink: /home/hornet/Desktop/pathfollowingbot/install/mobile_robot/share/mobile_robot/model/.venv/lib64/python3.12/site-packages/pip/_internal/req/__pycache__/req_file.cpython-312.pyc\n'}
[0.247187] (mobile_robot) StdoutLine: {'line': b'-- Up-to-date symlink: /home/hornet/Desktop/pathfollowingbot/install/mobile_robot/share/mobile_robot/model/.venv/lib64/python3.12/site-packages/pip/_internal/req/__pycache__/req_install.cpython-312.pyc\n'}
[0.247244] (mobile_robot) StdoutLine: {'line': b'-- Up-to-date symlink: /home/hornet/Desktop/pathfollowingbot/install/mobile_robot/share/mobile_robot/model/.venv/lib64/python3.12/site-packages/pip/_internal/req/__pycache__/req_set.cpython-312.pyc\n'}
[0.247301] (mobile_robot) StdoutLine: {'line': b'-- Up-to-date symlink: /home/hornet/Desktop/pathfollowingbot/install/mobile_robot/share/mobile_robot/model/.venv/lib64/python3.12/site-packages/pip/_internal/req/__pycache__/req_uninstall.cpython-312.pyc\n'}
[0.247357] (mobile_robot) StdoutLine: {'line': b'-- Up-to-date symlink: /home/hornet/Desktop/pathfollowingbot/install/mobile_robot/share/mobile_robot/model/.venv/lib64/python3.12/site-packages/pip/_internal/req/constructors.py\n'}
[0.247413] (mobile_robot) StdoutLine: {'line': b'-- Up-to-date symlink: /home/hornet/Desktop/pathfollowingbot/install/mobile_robot/share/mobile_robot/model/.venv/lib64/python3.12/site-packages/pip/_internal/req/req_dependency_group.py\n'}
[0.247468] (mobile_robot) StdoutLine: {'line': b'-- Up-to-date symlink: /home/hornet/Desktop/pathfollowingbot/install/mobile_robot/share/mobile_robot/model/.venv/lib64/python3.12/site-packages/pip/_internal/req/req_file.py\n'}
[0.247524] (mobile_robot) StdoutLine: {'line': b'-- Up-to-date symlink: /home/hornet/Desktop/pathfollowingbot/install/mobile_robot/share/mobile_robot/model/.venv/lib64/python3.12/site-packages/pip/_internal/req/req_install.py\n'}
[0.247580] (mobile_robot) StdoutLine: {'line': b'-- Up-to-date symlink: /home/hornet/Desktop/pathfollowingbot/install/mobile_robot/share/mobile_robot/model/.venv/lib64/python3.12/site-packages/pip/_internal/req/req_set.py\n'}
[0.247636] (mobile_robot) StdoutLine: {'line': b'-- Up-to-date symlink: /home/hornet/Desktop/pathfollowingbot/install/mobile_robot/share/mobile_robot/model/.venv/lib64/python3.12/site-packages/pip/_internal/req/req_uninstall.py\n'}
[0.247755] (mobile_robot) StdoutLine: {'line': b'-- Up-to-date symlink: /home/hornet/Desktop/pathfollowingbot/install/mobile_robot/share/mobile_robot/model/.venv/lib64/python3.12/site-packages/pip/_internal/resolution/__init__.py\n'}
[0.247875] (mobile_robot) StdoutLine: {'line': b'-- Up-to-date symlink: /home/hornet/Desktop/pathfollowingbot/install/mobile_robot/share/mobile_robot/model/.venv/lib64/python3.12/site-packages/pip/_internal/resolution/__pycache__/__init__.cpython-312.pyc\n'}
[0.247969] (mobile_robot) StdoutLine: {'line': b'-- Up-to-date symlink: /home/hornet/Desktop/pathfollowingbot/install/mobile_robot/share/mobile_robot/model/.venv/lib64/python3.12/site-packages/pip/_internal/resolution/__pycache__/base.cpython-312.pyc\n'}
[0.248051] (mobile_robot) StdoutLine: {'line': b'-- Up-to-date symlink: /home/hornet/Desktop/pathfollowingbot/install/mobile_robot/share/mobile_robot/model/.venv/lib64/python3.12/site-packages/pip/_internal/resolution/base.py\n'}
[0.248139] (mobile_robot) StdoutLine: {'line': b'-- Up-to-date symlink: /home/hornet/Desktop/pathfollowingbot/install/mobile_robot/share/mobile_robot/model/.venv/lib64/python3.12/site-packages/pip/_internal/resolution/legacy/__init__.py\n'}
[0.248220] (mobile_robot) StdoutLine: {'line': b'-- Up-to-date symlink: /home/hornet/Desktop/pathfollowingbot/install/mobile_robot/share/mobile_robot/model/.venv/lib64/python3.12/site-packages/pip/_internal/resolution/legacy/__pycache__/__init__.cpython-312.pyc\n'}
[0.248306] (mobile_robot) StdoutLine: {'line': b'-- Up-to-date symlink: /home/hornet/Desktop/pathfollowingbot/install/mobile_robot/share/mobile_robot/model/.venv/lib64/python3.12/site-packages/pip/_internal/resolution/legacy/__pycache__/resolver.cpython-312.pyc\n'}
[0.248385] (mobile_robot) StdoutLine: {'line': b'-- Up-to-date symlink: /home/hornet/Desktop/pathfollowingbot/install/mobile_robot/share/mobile_robot/model/.venv/lib64/python3.12/site-packages/pip/_internal/resolution/legacy/resolver.py\n'}
[0.248477] (mobile_robot) StdoutLine: {'line': b'-- Up-to-date symlink: /home/hornet/Desktop/pathfollowingbot/install/mobile_robot/share/mobile_robot/model/.venv/lib64/python3.12/site-packages/pip/_internal/resolution/resolvelib/__init__.py\n'}
[0.248557] (mobile_robot) StdoutLine: {'line': b'-- Up-to-date symlink: /home/hornet/Desktop/pathfollowingbot/install/mobile_robot/share/mobile_robot/model/.venv/lib64/python3.12/site-packages/pip/_internal/resolution/resolvelib/__pycache__/__init__.cpython-312.pyc\n'}
[0.248635] (mobile_robot) StdoutLine: {'line': b'-- Up-to-date symlink: /home/hornet/Desktop/pathfollowingbot/install/mobile_robot/share/mobile_robot/model/.venv/lib64/python3.12/site-packages/pip/_internal/resolution/resolvelib/__pycache__/base.cpython-312.pyc\n'}
[0.248731] (mobile_robot) StdoutLine: {'line': b'-- Up-to-date symlink: /home/hornet/Desktop/pathfollowingbot/install/mobile_robot/share/mobile_robot/model/.venv/lib64/python3.12/site-packages/pip/_internal/resolution/resolvelib/__pycache__/candidates.cpython-312.pyc\n'}
[0.248814] (mobile_robot) StdoutLine: {'line': b'-- Up-to-date symlink: /home/hornet/Desktop/pathfollowingbot/install/mobile_robot/share/mobile_robot/model/.venv/lib64/python3.12/site-packages/pip/_internal/resolution/resolvelib/__pycache__/factory.cpython-312.pyc\n'}
[0.248901] (mobile_robot) StdoutLine: {'line': b'-- Up-to-date symlink: /home/hornet/Desktop/pathfollowingbot/install/mobile_robot/share/mobile_robot/model/.venv/lib64/python3.12/site-packages/pip/_internal/resolution/resolvelib/__pycache__/found_candidates.cpython-312.pyc\n'}
[0.248985] (mobile_robot) StdoutLine: {'line': b'-- Up-to-date symlink: /home/hornet/Desktop/pathfollowingbot/install/mobile_robot/share/mobile_robot/model/.venv/lib64/python3.12/site-packages/pip/_internal/resolution/resolvelib/__pycache__/provider.cpython-312.pyc\n'}
[0.249077] (mobile_robot) StdoutLine: {'line': b'-- Up-to-date symlink: /home/hornet/Desktop/pathfollowingbot/install/mobile_robot/share/mobile_robot/model/.venv/lib64/python3.12/site-packages/pip/_internal/resolution/resolvelib/__pycache__/reporter.cpython-312.pyc\n'}
[0.249159] (mobile_robot) StdoutLine: {'line': b'-- Up-to-date symlink: /home/hornet/Desktop/pathfollowingbot/install/mobile_robot/share/mobile_robot/model/.venv/lib64/python3.12/site-packages/pip/_internal/resolution/resolvelib/__pycache__/requirements.cpython-312.pyc\n'}
[0.249247] (mobile_robot) StdoutLine: {'line': b'-- Up-to-date symlink: /home/hornet/Desktop/pathfollowingbot/install/mobile_robot/share/mobile_robot/model/.venv/lib64/python3.12/site-packages/pip/_internal/resolution/resolvelib/__pycache__/resolver.cpython-312.pyc\n'}
[0.249329] (mobile_robot) StdoutLine: {'line': b'-- Up-to-date symlink: /home/hornet/Desktop/pathfollowingbot/install/mobile_robot/share/mobile_robot/model/.venv/lib64/python3.12/site-packages/pip/_internal/resolution/resolvelib/base.py\n'}
[0.249417] (mobile_robot) StdoutLine: {'line': b'-- Up-to-date symlink: /home/hornet/Desktop/pathfollowingbot/install/mobile_robot/share/mobile_robot/model/.venv/lib64/python3.12/site-packages/pip/_internal/resolution/resolvelib/candidates.py\n'}
[0.249500] (mobile_robot) StdoutLine: {'line': b'-- Up-to-date symlink: /home/hornet/Desktop/pathfollowingbot/install/mobile_robot/share/mobile_robot/model/.venv/lib64/python3.12/site-packages/pip/_internal/resolution/resolvelib/factory.py\n'}
[0.249587] (mobile_robot) StdoutLine: {'line': b'-- Up-to-date symlink: /home/hornet/Desktop/pathfollowingbot/install/mobile_robot/share/mobile_robot/model/.venv/lib64/python3.12/site-packages/pip/_internal/resolution/resolvelib/found_candidates.py\n'}
[0.249675] (mobile_robot) StdoutLine: {'line': b'-- Up-to-date symlink: /home/hornet/Desktop/pathfollowingbot/install/mobile_robot/share/mobile_robot/model/.venv/lib64/python3.12/site-packages/pip/_internal/resolution/resolvelib/provider.py\n'}
[0.249758] (mobile_robot) StdoutLine: {'line': b'-- Up-to-date symlink: /home/hornet/Desktop/pathfollowingbot/install/mobile_robot/share/mobile_robot/model/.venv/lib64/python3.12/site-packages/pip/_internal/resolution/resolvelib/reporter.py\n'}
[0.249846] (mobile_robot) StdoutLine: {'line': b'-- Up-to-date symlink: /home/hornet/Desktop/pathfollowingbot/install/mobile_robot/share/mobile_robot/model/.venv/lib64/python3.12/site-packages/pip/_internal/resolution/resolvelib/requirements.py\n'}
[0.249933] (mobile_robot) StdoutLine: {'line': b'-- Up-to-date symlink: /home/hornet/Desktop/pathfollowingbot/install/mobile_robot/share/mobile_robot/model/.venv/lib64/python3.12/site-packages/pip/_internal/resolution/resolvelib/resolver.py\n'}
[0.250015] (mobile_robot) StdoutLine: {'line': b'-- Up-to-date symlink: /home/hornet/Desktop/pathfollowingbot/install/mobile_robot/share/mobile_robot/model/.venv/lib64/python3.12/site-packages/pip/_internal/self_outdated_check.py\n'}
[0.250102] (mobile_robot) StdoutLine: {'line': b'-- Up-to-date symlink: /home/hornet/Desktop/pathfollowingbot/install/mobile_robot/share/mobile_robot/model/.venv/lib64/python3.12/site-packages/pip/_internal/utils/__init__.py\n'}
[0.250183] (mobile_robot) StdoutLine: {'line': b'-- Up-to-date symlink: /home/hornet/Desktop/pathfollowingbot/install/mobile_robot/share/mobile_robot/model/.venv/lib64/python3.12/site-packages/pip/_internal/utils/__pycache__/__init__.cpython-312.pyc\n'}
[0.250266] (mobile_robot) StdoutLine: {'line': b'-- Up-to-date symlink: /home/hornet/Desktop/pathfollowingbot/install/mobile_robot/share/mobile_robot/model/.venv/lib64/python3.12/site-packages/pip/_internal/utils/__pycache__/_jaraco_text.cpython-312.pyc\n'}
[0.250352] (mobile_robot) StdoutLine: {'line': b'-- Up-to-date symlink: /home/hornet/Desktop/pathfollowingbot/install/mobile_robot/share/mobile_robot/model/.venv/lib64/python3.12/site-packages/pip/_internal/utils/__pycache__/_log.cpython-312.pyc\n'}
[0.250440] (mobile_robot) StdoutLine: {'line': b'-- Up-to-date symlink: /home/hornet/Desktop/pathfollowingbot/install/mobile_robot/share/mobile_robot/model/.venv/lib64/python3.12/site-packages/pip/_internal/utils/__pycache__/appdirs.cpython-312.pyc\n'}
[0.250526] (mobile_robot) StdoutLine: {'line': b'-- Up-to-date symlink: /home/hornet/Desktop/pathfollowingbot/install/mobile_robot/share/mobile_robot/model/.venv/lib64/python3.12/site-packages/pip/_internal/utils/__pycache__/compat.cpython-312.pyc\n'}
[0.250617] (mobile_robot) StdoutLine: {'line': b'-- Up-to-date symlink: /home/hornet/Desktop/pathfollowingbot/install/mobile_robot/share/mobile_robot/model/.venv/lib64/python3.12/site-packages/pip/_internal/utils/__pycache__/compatibility_tags.cpython-312.pyc\n'}
[0.250696] (mobile_robot) StdoutLine: {'line': b'-- Up-to-date symlink: /home/hornet/Desktop/pathfollowingbot/install/mobile_robot/share/mobile_robot/model/.venv/lib64/python3.12/site-packages/pip/_internal/utils/__pycache__/datetime.cpython-312.pyc\n'}
[0.250744] (mobile_robot) StdoutLine: {'line': b'-- Up-to-date symlink: /home/hornet/Desktop/pathfollowingbot/install/mobile_robot/share/mobile_robot/model/.venv/lib64/python3.12/site-packages/pip/_internal/utils/__pycache__/deprecation.cpython-312.pyc\n'}
[0.250790] (mobile_robot) StdoutLine: {'line': b'-- Up-to-date symlink: /home/hornet/Desktop/pathfollowingbot/install/mobile_robot/share/mobile_robot/model/.venv/lib64/python3.12/site-packages/pip/_internal/utils/__pycache__/direct_url_helpers.cpython-312.pyc\n'}
[0.250826] (mobile_robot) StdoutLine: {'line': b'-- Up-to-date symlink: /home/hornet/Desktop/pathfollowingbot/install/mobile_robot/share/mobile_robot/model/.venv/lib64/python3.12/site-packages/pip/_internal/utils/__pycache__/egg_link.cpython-312.pyc\n'}
[0.250864] (mobile_robot) StdoutLine: {'line': b'-- Up-to-date symlink: /home/hornet/Desktop/pathfollowingbot/install/mobile_robot/share/mobile_robot/model/.venv/lib64/python3.12/site-packages/pip/_internal/utils/__pycache__/entrypoints.cpython-312.pyc\n'}
[0.250900] (mobile_robot) StdoutLine: {'line': b'-- Up-to-date symlink: /home/hornet/Desktop/pathfollowingbot/install/mobile_robot/share/mobile_robot/model/.venv/lib64/python3.12/site-packages/pip/_internal/utils/__pycache__/filesystem.cpython-312.pyc\n'}
[0.250948] (mobile_robot) StdoutLine: {'line': b'-- Up-to-date symlink: /home/hornet/Desktop/pathfollowingbot/install/mobile_robot/share/mobile_robot/model/.venv/lib64/python3.12/site-packages/pip/_internal/utils/__pycache__/filetypes.cpython-312.pyc\n'}
[0.250983] (mobile_robot) StdoutLine: {'line': b'-- Up-to-date symlink: /home/hornet/Desktop/pathfollowingbot/install/mobile_robot/share/mobile_robot/model/.venv/lib64/python3.12/site-packages/pip/_internal/utils/__pycache__/glibc.cpython-312.pyc\n'}
[0.251021] (mobile_robot) StdoutLine: {'line': b'-- Up-to-date symlink: /home/hornet/Desktop/pathfollowingbot/install/mobile_robot/share/mobile_robot/model/.venv/lib64/python3.12/site-packages/pip/_internal/utils/__pycache__/hashes.cpython-312.pyc\n'}
[0.251057] (mobile_robot) StdoutLine: {'line': b'-- Up-to-date symlink: /home/hornet/Desktop/pathfollowingbot/install/mobile_robot/share/mobile_robot/model/.venv/lib64/python3.12/site-packages/pip/_internal/utils/__pycache__/logging.cpython-312.pyc\n'}
[0.251092] (mobile_robot) StdoutLine: {'line': b'-- Up-to-date symlink: /home/hornet/Desktop/pathfollowingbot/install/mobile_robot/share/mobile_robot/model/.venv/lib64/python3.12/site-packages/pip/_internal/utils/__pycache__/misc.cpython-312.pyc\n'}
[0.251128] (mobile_robot) StdoutLine: {'line': b'-- Up-to-date symlink: /home/hornet/Desktop/pathfollowingbot/install/mobile_robot/share/mobile_robot/model/.venv/lib64/python3.12/site-packages/pip/_internal/utils/__pycache__/packaging.cpython-312.pyc\n'}
[0.251162] (mobile_robot) StdoutLine: {'line': b'-- Up-to-date symlink: /home/hornet/Desktop/pathfollowingbot/install/mobile_robot/share/mobile_robot/model/.venv/lib64/python3.12/site-packages/pip/_internal/utils/__pycache__/retry.cpython-312.pyc\n'}
[0.251197] (mobile_robot) StdoutLine: {'line': b'-- Up-to-date symlink: /home/hornet/Desktop/pathfollowingbot/install/mobile_robot/share/mobile_robot/model/.venv/lib64/python3.12/site-packages/pip/_internal/utils/__pycache__/subprocess.cpython-312.pyc\n'}
[0.251234] (mobile_robot) StdoutLine: {'line': b'-- Up-to-date symlink: /home/hornet/Desktop/pathfollowingbot/install/mobile_robot/share/mobile_robot/model/.venv/lib64/python3.12/site-packages/pip/_internal/utils/__pycache__/temp_dir.cpython-312.pyc\n'}
[0.251270] (mobile_robot) StdoutLine: {'line': b'-- Up-to-date symlink: /home/hornet/Desktop/pathfollowingbot/install/mobile_robot/share/mobile_robot/model/.venv/lib64/python3.12/site-packages/pip/_internal/utils/__pycache__/unpacking.cpython-312.pyc\n'}
[0.251320] (mobile_robot) StdoutLine: {'line': b'-- Up-to-date symlink: /home/hornet/Desktop/pathfollowingbot/install/mobile_robot/share/mobile_robot/model/.venv/lib64/python3.12/site-packages/pip/_internal/utils/__pycache__/urls.cpython-312.pyc\n'}
[0.251354] (mobile_robot) StdoutLine: {'line': b'-- Up-to-date symlink: /home/hornet/Desktop/pathfollowingbot/install/mobile_robot/share/mobile_robot/model/.venv/lib64/python3.12/site-packages/pip/_internal/utils/__pycache__/virtualenv.cpython-312.pyc\n'}
[0.251397] (mobile_robot) StdoutLine: {'line': b'-- Up-to-date symlink: /home/hornet/Desktop/pathfollowingbot/install/mobile_robot/share/mobile_robot/model/.venv/lib64/python3.12/site-packages/pip/_internal/utils/__pycache__/wheel.cpython-312.pyc\n'}
[0.251432] (mobile_robot) StdoutLine: {'line': b'-- Up-to-date symlink: /home/hornet/Desktop/pathfollowingbot/install/mobile_robot/share/mobile_robot/model/.venv/lib64/python3.12/site-packages/pip/_internal/utils/_jaraco_text.py\n'}
[0.251468] (mobile_robot) StdoutLine: {'line': b'-- Up-to-date symlink: /home/hornet/Desktop/pathfollowingbot/install/mobile_robot/share/mobile_robot/model/.venv/lib64/python3.12/site-packages/pip/_internal/utils/_log.py\n'}
[0.251503] (mobile_robot) StdoutLine: {'line': b'-- Up-to-date symlink: /home/hornet/Desktop/pathfollowingbot/install/mobile_robot/share/mobile_robot/model/.venv/lib64/python3.12/site-packages/pip/_internal/utils/appdirs.py\n'}
[0.251548] (mobile_robot) StdoutLine: {'line': b'-- Up-to-date symlink: /home/hornet/Desktop/pathfollowingbot/install/mobile_robot/share/mobile_robot/model/.venv/lib64/python3.12/site-packages/pip/_internal/utils/compat.py\n'}
[0.251587] (mobile_robot) StdoutLine: {'line': b'-- Up-to-date symlink: /home/hornet/Desktop/pathfollowingbot/install/mobile_robot/share/mobile_robot/model/.venv/lib64/python3.12/site-packages/pip/_internal/utils/compatibility_tags.py\n'}
[0.251620] (mobile_robot) StdoutLine: {'line': b'-- Up-to-date symlink: /home/hornet/Desktop/pathfollowingbot/install/mobile_robot/share/mobile_robot/model/.venv/lib64/python3.12/site-packages/pip/_internal/utils/datetime.py\n'}
[0.251656] (mobile_robot) StdoutLine: {'line': b'-- Up-to-date symlink: /home/hornet/Desktop/pathfollowingbot/install/mobile_robot/share/mobile_robot/model/.venv/lib64/python3.12/site-packages/pip/_internal/utils/deprecation.py\n'}
[0.251690] (mobile_robot) StdoutLine: {'line': b'-- Up-to-date symlink: /home/hornet/Desktop/pathfollowingbot/install/mobile_robot/share/mobile_robot/model/.venv/lib64/python3.12/site-packages/pip/_internal/utils/direct_url_helpers.py\n'}
[0.251724] (mobile_robot) StdoutLine: {'line': b'-- Up-to-date symlink: /home/hornet/Desktop/pathfollowingbot/install/mobile_robot/share/mobile_robot/model/.venv/lib64/python3.12/site-packages/pip/_internal/utils/egg_link.py\n'}
[0.251758] (mobile_robot) StdoutLine: {'line': b'-- Up-to-date symlink: /home/hornet/Desktop/pathfollowingbot/install/mobile_robot/share/mobile_robot/model/.venv/lib64/python3.12/site-packages/pip/_internal/utils/entrypoints.py\n'}
[0.251791] (mobile_robot) StdoutLine: {'line': b'-- Up-to-date symlink: /home/hornet/Desktop/pathfollowingbot/install/mobile_robot/share/mobile_robot/model/.venv/lib64/python3.12/site-packages/pip/_internal/utils/filesystem.py\n'}
[0.251824] (mobile_robot) StdoutLine: {'line': b'-- Up-to-date symlink: /home/hornet/Desktop/pathfollowingbot/install/mobile_robot/share/mobile_robot/model/.venv/lib64/python3.12/site-packages/pip/_internal/utils/filetypes.py\n'}
[0.251856] (mobile_robot) StdoutLine: {'line': b'-- Up-to-date symlink: /home/hornet/Desktop/pathfollowingbot/install/mobile_robot/share/mobile_robot/model/.venv/lib64/python3.12/site-packages/pip/_internal/utils/glibc.py\n'}
[0.251891] (mobile_robot) StdoutLine: {'line': b'-- Up-to-date symlink: /home/hornet/Desktop/pathfollowingbot/install/mobile_robot/share/mobile_robot/model/.venv/lib64/python3.12/site-packages/pip/_internal/utils/hashes.py\n'}
[0.251926] (mobile_robot) StdoutLine: {'line': b'-- Up-to-date symlink: /home/hornet/Desktop/pathfollowingbot/install/mobile_robot/share/mobile_robot/model/.venv/lib64/python3.12/site-packages/pip/_internal/utils/logging.py\n'}
[0.251971] (mobile_robot) StdoutLine: {'line': b'-- Up-to-date symlink: /home/hornet/Desktop/pathfollowingbot/install/mobile_robot/share/mobile_robot/model/.venv/lib64/python3.12/site-packages/pip/_internal/utils/misc.py\n'}
[0.252025] (mobile_robot) StdoutLine: {'line': b'-- Up-to-date symlink: /home/hornet/Desktop/pathfollowingbot/install/mobile_robot/share/mobile_robot/model/.venv/lib64/python3.12/site-packages/pip/_internal/utils/packaging.py\n'}
[0.252061] (mobile_robot) StdoutLine: {'line': b'-- Up-to-date symlink: /home/hornet/Desktop/pathfollowingbot/install/mobile_robot/share/mobile_robot/model/.venv/lib64/python3.12/site-packages/pip/_internal/utils/retry.py\n'}
[0.252095] (mobile_robot) StdoutLine: {'line': b'-- Up-to-date symlink: /home/hornet/Desktop/pathfollowingbot/install/mobile_robot/share/mobile_robot/model/.venv/lib64/python3.12/site-packages/pip/_internal/utils/subprocess.py\n'}
[0.252130] (mobile_robot) StdoutLine: {'line': b'-- Up-to-date symlink: /home/hornet/Desktop/pathfollowingbot/install/mobile_robot/share/mobile_robot/model/.venv/lib64/python3.12/site-packages/pip/_internal/utils/temp_dir.py\n'}
[0.252173] (mobile_robot) StdoutLine: {'line': b'-- Up-to-date symlink: /home/hornet/Desktop/pathfollowingbot/install/mobile_robot/share/mobile_robot/model/.venv/lib64/python3.12/site-packages/pip/_internal/utils/unpacking.py\n'}
[0.252216] (mobile_robot) StdoutLine: {'line': b'-- Up-to-date symlink: /home/hornet/Desktop/pathfollowingbot/install/mobile_robot/share/mobile_robot/model/.venv/lib64/python3.12/site-packages/pip/_internal/utils/urls.py\n'}
[0.252254] (mobile_robot) StdoutLine: {'line': b'-- Up-to-date symlink: /home/hornet/Desktop/pathfollowingbot/install/mobile_robot/share/mobile_robot/model/.venv/lib64/python3.12/site-packages/pip/_internal/utils/virtualenv.py\n'}
[0.252286] (mobile_robot) StdoutLine: {'line': b'-- Up-to-date symlink: /home/hornet/Desktop/pathfollowingbot/install/mobile_robot/share/mobile_robot/model/.venv/lib64/python3.12/site-packages/pip/_internal/utils/wheel.py\n'}
[0.252320] (mobile_robot) StdoutLine: {'line': b'-- Up-to-date symlink: /home/hornet/Desktop/pathfollowingbot/install/mobile_robot/share/mobile_robot/model/.venv/lib64/python3.12/site-packages/pip/_internal/vcs/__init__.py\n'}
[0.252355] (mobile_robot) StdoutLine: {'line': b'-- Up-to-date symlink: /home/hornet/Desktop/pathfollowingbot/install/mobile_robot/share/mobile_robot/model/.venv/lib64/python3.12/site-packages/pip/_internal/vcs/__pycache__/__init__.cpython-312.pyc\n'}
[0.252388] (mobile_robot) StdoutLine: {'line': b'-- Up-to-date symlink: /home/hornet/Desktop/pathfollowingbot/install/mobile_robot/share/mobile_robot/model/.venv/lib64/python3.12/site-packages/pip/_internal/vcs/__pycache__/bazaar.cpython-312.pyc\n'}
[0.252432] (mobile_robot) StdoutLine: {'line': b'-- Up-to-date symlink: /home/hornet/Desktop/pathfollowingbot/install/mobile_robot/share/mobile_robot/model/.venv/lib64/python3.12/site-packages/pip/_internal/vcs/__pycache__/git.cpython-312.pyc\n'}
[0.252466] (mobile_robot) StdoutLine: {'line': b'-- Up-to-date symlink: /home/hornet/Desktop/pathfollowingbot/install/mobile_robot/share/mobile_robot/model/.venv/lib64/python3.12/site-packages/pip/_internal/vcs/__pycache__/mercurial.cpython-312.pyc\n'}
[0.252501] (mobile_robot) StdoutLine: {'line': b'-- Up-to-date symlink: /home/hornet/Desktop/pathfollowingbot/install/mobile_robot/share/mobile_robot/model/.venv/lib64/python3.12/site-packages/pip/_internal/vcs/__pycache__/subversion.cpython-312.pyc\n'}
[0.252549] (mobile_robot) StdoutLine: {'line': b'-- Up-to-date symlink: /home/hornet/Desktop/pathfollowingbot/install/mobile_robot/share/mobile_robot/model/.venv/lib64/python3.12/site-packages/pip/_internal/vcs/__pycache__/versioncontrol.cpython-312.pyc\n'}
[0.252589] (mobile_robot) StdoutLine: {'line': b'-- Up-to-date symlink: /home/hornet/Desktop/pathfollowingbot/install/mobile_robot/share/mobile_robot/model/.venv/lib64/python3.12/site-packages/pip/_internal/vcs/bazaar.py\n'}
[0.252623] (mobile_robot) StdoutLine: {'line': b'-- Up-to-date symlink: /home/hornet/Desktop/pathfollowingbot/install/mobile_robot/share/mobile_robot/model/.venv/lib64/python3.12/site-packages/pip/_internal/vcs/git.py\n'}
[0.252669] (mobile_robot) StdoutLine: {'line': b'-- Up-to-date symlink: /home/hornet/Desktop/pathfollowingbot/install/mobile_robot/share/mobile_robot/model/.venv/lib64/python3.12/site-packages/pip/_internal/vcs/mercurial.py\n'}
[0.252713] (mobile_robot) StdoutLine: {'line': b'-- Up-to-date symlink: /home/hornet/Desktop/pathfollowingbot/install/mobile_robot/share/mobile_robot/model/.venv/lib64/python3.12/site-packages/pip/_internal/vcs/subversion.py\n'}
[0.252755] (mobile_robot) StdoutLine: {'line': b'-- Up-to-date symlink: /home/hornet/Desktop/pathfollowingbot/install/mobile_robot/share/mobile_robot/model/.venv/lib64/python3.12/site-packages/pip/_internal/vcs/versioncontrol.py\n'}
[0.252809] (mobile_robot) StdoutLine: {'line': b'-- Up-to-date symlink: /home/hornet/Desktop/pathfollowingbot/install/mobile_robot/share/mobile_robot/model/.venv/lib64/python3.12/site-packages/pip/_internal/wheel_builder.py\n'}
[0.252864] (mobile_robot) StdoutLine: {'line': b'-- Up-to-date symlink: /home/hornet/Desktop/pathfollowingbot/install/mobile_robot/share/mobile_robot/model/.venv/lib64/python3.12/site-packages/pip/_vendor/README.rst\n'}
[0.252918] (mobile_robot) StdoutLine: {'line': b'-- Up-to-date symlink: /home/hornet/Desktop/pathfollowingbot/install/mobile_robot/share/mobile_robot/model/.venv/lib64/python3.12/site-packages/pip/_vendor/__init__.py\n'}
[0.252976] (mobile_robot) StdoutLine: {'line': b'-- Up-to-date symlink: /home/hornet/Desktop/pathfollowingbot/install/mobile_robot/share/mobile_robot/model/.venv/lib64/python3.12/site-packages/pip/_vendor/__pycache__/__init__.cpython-312.pyc\n'}
[0.253032] (mobile_robot) StdoutLine: {'line': b'-- Up-to-date symlink: /home/hornet/Desktop/pathfollowingbot/install/mobile_robot/share/mobile_robot/model/.venv/lib64/python3.12/site-packages/pip/_vendor/cachecontrol/LICENSE.txt\n'}
[0.253087] (mobile_robot) StdoutLine: {'line': b'-- Up-to-date symlink: /home/hornet/Desktop/pathfollowingbot/install/mobile_robot/share/mobile_robot/model/.venv/lib64/python3.12/site-packages/pip/_vendor/cachecontrol/__init__.py\n'}
[0.253146] (mobile_robot) StdoutLine: {'line': b'-- Up-to-date symlink: /home/hornet/Desktop/pathfollowingbot/install/mobile_robot/share/mobile_robot/model/.venv/lib64/python3.12/site-packages/pip/_vendor/cachecontrol/__pycache__/__init__.cpython-312.pyc\n'}
[0.253205] (mobile_robot) StdoutLine: {'line': b'-- Up-to-date symlink: /home/hornet/Desktop/pathfollowingbot/install/mobile_robot/share/mobile_robot/model/.venv/lib64/python3.12/site-packages/pip/_vendor/cachecontrol/__pycache__/_cmd.cpython-312.pyc\n'}
[0.253263] (mobile_robot) StdoutLine: {'line': b'-- Up-to-date symlink: /home/hornet/Desktop/pathfollowingbot/install/mobile_robot/share/mobile_robot/model/.venv/lib64/python3.12/site-packages/pip/_vendor/cachecontrol/__pycache__/adapter.cpython-312.pyc\n'}
[0.253320] (mobile_robot) StdoutLine: {'line': b'-- Up-to-date symlink: /home/hornet/Desktop/pathfollowingbot/install/mobile_robot/share/mobile_robot/model/.venv/lib64/python3.12/site-packages/pip/_vendor/cachecontrol/__pycache__/cache.cpython-312.pyc\n'}
[0.253378] (mobile_robot) StdoutLine: {'line': b'-- Up-to-date symlink: /home/hornet/Desktop/pathfollowingbot/install/mobile_robot/share/mobile_robot/model/.venv/lib64/python3.12/site-packages/pip/_vendor/cachecontrol/__pycache__/controller.cpython-312.pyc\n'}
[0.253435] (mobile_robot) StdoutLine: {'line': b'-- Up-to-date symlink: /home/hornet/Desktop/pathfollowingbot/install/mobile_robot/share/mobile_robot/model/.venv/lib64/python3.12/site-packages/pip/_vendor/cachecontrol/__pycache__/filewrapper.cpython-312.pyc\n'}
[0.253495] (mobile_robot) StdoutLine: {'line': b'-- Up-to-date symlink: /home/hornet/Desktop/pathfollowingbot/install/mobile_robot/share/mobile_robot/model/.venv/lib64/python3.12/site-packages/pip/_vendor/cachecontrol/__pycache__/heuristics.cpython-312.pyc\n'}
[0.253552] (mobile_robot) StdoutLine: {'line': b'-- Up-to-date symlink: /home/hornet/Desktop/pathfollowingbot/install/mobile_robot/share/mobile_robot/model/.venv/lib64/python3.12/site-packages/pip/_vendor/cachecontrol/__pycache__/serialize.cpython-312.pyc\n'}
[0.253608] (mobile_robot) StdoutLine: {'line': b'-- Up-to-date symlink: /home/hornet/Desktop/pathfollowingbot/install/mobile_robot/share/mobile_robot/model/.venv/lib64/python3.12/site-packages/pip/_vendor/cachecontrol/__pycache__/wrapper.cpython-312.pyc\n'}
[0.253668] (mobile_robot) StdoutLine: {'line': b'-- Up-to-date symlink: /home/hornet/Desktop/pathfollowingbot/install/mobile_robot/share/mobile_robot/model/.venv/lib64/python3.12/site-packages/pip/_vendor/cachecontrol/_cmd.py\n'}
[0.253723] (mobile_robot) StdoutLine: {'line': b'-- Up-to-date symlink: /home/hornet/Desktop/pathfollowingbot/install/mobile_robot/share/mobile_robot/model/.venv/lib64/python3.12/site-packages/pip/_vendor/cachecontrol/adapter.py\n'}
[0.253778] (mobile_robot) StdoutLine: {'line': b'-- Up-to-date symlink: /home/hornet/Desktop/pathfollowingbot/install/mobile_robot/share/mobile_robot/model/.venv/lib64/python3.12/site-packages/pip/_vendor/cachecontrol/cache.py\n'}
[0.253836] (mobile_robot) StdoutLine: {'line': b'-- Up-to-date symlink: /home/hornet/Desktop/pathfollowingbot/install/mobile_robot/share/mobile_robot/model/.venv/lib64/python3.12/site-packages/pip/_vendor/cachecontrol/caches/__init__.py\n'}
[0.253897] (mobile_robot) StdoutLine: {'line': b'-- Up-to-date symlink: /home/hornet/Desktop/pathfollowingbot/install/mobile_robot/share/mobile_robot/model/.venv/lib64/python3.12/site-packages/pip/_vendor/cachecontrol/caches/__pycache__/__init__.cpython-312.pyc\n'}
[0.253958] (mobile_robot) StdoutLine: {'line': b'-- Up-to-date symlink: /home/hornet/Desktop/pathfollowingbot/install/mobile_robot/share/mobile_robot/model/.venv/lib64/python3.12/site-packages/pip/_vendor/cachecontrol/caches/__pycache__/file_cache.cpython-312.pyc\n'}
[0.254018] (mobile_robot) StdoutLine: {'line': b'-- Up-to-date symlink: /home/hornet/Desktop/pathfollowingbot/install/mobile_robot/share/mobile_robot/model/.venv/lib64/python3.12/site-packages/pip/_vendor/cachecontrol/caches/__pycache__/redis_cache.cpython-312.pyc\n'}
[0.254078] (mobile_robot) StdoutLine: {'line': b'-- Up-to-date symlink: /home/hornet/Desktop/pathfollowingbot/install/mobile_robot/share/mobile_robot/model/.venv/lib64/python3.12/site-packages/pip/_vendor/cachecontrol/caches/file_cache.py\n'}
[0.254135] (mobile_robot) StdoutLine: {'line': b'-- Up-to-date symlink: /home/hornet/Desktop/pathfollowingbot/install/mobile_robot/share/mobile_robot/model/.venv/lib64/python3.12/site-packages/pip/_vendor/cachecontrol/caches/redis_cache.py\n'}
[0.254191] (mobile_robot) StdoutLine: {'line': b'-- Up-to-date symlink: /home/hornet/Desktop/pathfollowingbot/install/mobile_robot/share/mobile_robot/model/.venv/lib64/python3.12/site-packages/pip/_vendor/cachecontrol/controller.py\n'}
[0.254247] (mobile_robot) StdoutLine: {'line': b'-- Up-to-date symlink: /home/hornet/Desktop/pathfollowingbot/install/mobile_robot/share/mobile_robot/model/.venv/lib64/python3.12/site-packages/pip/_vendor/cachecontrol/filewrapper.py\n'}
[0.254302] (mobile_robot) StdoutLine: {'line': b'-- Up-to-date symlink: /home/hornet/Desktop/pathfollowingbot/install/mobile_robot/share/mobile_robot/model/.venv/lib64/python3.12/site-packages/pip/_vendor/cachecontrol/heuristics.py\n'}
[0.254358] (mobile_robot) StdoutLine: {'line': b'-- Up-to-date symlink: /home/hornet/Desktop/pathfollowingbot/install/mobile_robot/share/mobile_robot/model/.venv/lib64/python3.12/site-packages/pip/_vendor/cachecontrol/py.typed\n'}
[0.254414] (mobile_robot) StdoutLine: {'line': b'-- Up-to-date symlink: /home/hornet/Desktop/pathfollowingbot/install/mobile_robot/share/mobile_robot/model/.venv/lib64/python3.12/site-packages/pip/_vendor/cachecontrol/serialize.py\n'}
[0.254468] (mobile_robot) StdoutLine: {'line': b'-- Up-to-date symlink: /home/hornet/Desktop/pathfollowingbot/install/mobile_robot/share/mobile_robot/model/.venv/lib64/python3.12/site-packages/pip/_vendor/cachecontrol/wrapper.py\n'}
[0.254524] (mobile_robot) StdoutLine: {'line': b'-- Up-to-date symlink: /home/hornet/Desktop/pathfollowingbot/install/mobile_robot/share/mobile_robot/model/.venv/lib64/python3.12/site-packages/pip/_vendor/certifi/LICENSE\n'}
[0.254580] (mobile_robot) StdoutLine: {'line': b'-- Up-to-date symlink: /home/hornet/Desktop/pathfollowingbot/install/mobile_robot/share/mobile_robot/model/.venv/lib64/python3.12/site-packages/pip/_vendor/certifi/__init__.py\n'}
[0.254635] (mobile_robot) StdoutLine: {'line': b'-- Up-to-date symlink: /home/hornet/Desktop/pathfollowingbot/install/mobile_robot/share/mobile_robot/model/.venv/lib64/python3.12/site-packages/pip/_vendor/certifi/__main__.py\n'}
[0.254697] (mobile_robot) StdoutLine: {'line': b'-- Up-to-date symlink: /home/hornet/Desktop/pathfollowingbot/install/mobile_robot/share/mobile_robot/model/.venv/lib64/python3.12/site-packages/pip/_vendor/certifi/__pycache__/__init__.cpython-312.pyc\n'}
[0.254753] (mobile_robot) StdoutLine: {'line': b'-- Up-to-date symlink: /home/hornet/Desktop/pathfollowingbot/install/mobile_robot/share/mobile_robot/model/.venv/lib64/python3.12/site-packages/pip/_vendor/certifi/__pycache__/__main__.cpython-312.pyc\n'}
[0.254810] (mobile_robot) StdoutLine: {'line': b'-- Up-to-date symlink: /home/hornet/Desktop/pathfollowingbot/install/mobile_robot/share/mobile_robot/model/.venv/lib64/python3.12/site-packages/pip/_vendor/certifi/__pycache__/core.cpython-312.pyc\n'}
[0.254868] (mobile_robot) StdoutLine: {'line': b'-- Up-to-date symlink: /home/hornet/Desktop/pathfollowingbot/install/mobile_robot/share/mobile_robot/model/.venv/lib64/python3.12/site-packages/pip/_vendor/certifi/cacert.pem\n'}
[0.254923] (mobile_robot) StdoutLine: {'line': b'-- Up-to-date symlink: /home/hornet/Desktop/pathfollowingbot/install/mobile_robot/share/mobile_robot/model/.venv/lib64/python3.12/site-packages/pip/_vendor/certifi/core.py\n'}
[0.254979] (mobile_robot) StdoutLine: {'line': b'-- Up-to-date symlink: /home/hornet/Desktop/pathfollowingbot/install/mobile_robot/share/mobile_robot/model/.venv/lib64/python3.12/site-packages/pip/_vendor/certifi/py.typed\n'}
[0.255036] (mobile_robot) StdoutLine: {'line': b'-- Up-to-date symlink: /home/hornet/Desktop/pathfollowingbot/install/mobile_robot/share/mobile_robot/model/.venv/lib64/python3.12/site-packages/pip/_vendor/dependency_groups/LICENSE.txt\n'}
[0.255093] (mobile_robot) StdoutLine: {'line': b'-- Up-to-date symlink: /home/hornet/Desktop/pathfollowingbot/install/mobile_robot/share/mobile_robot/model/.venv/lib64/python3.12/site-packages/pip/_vendor/dependency_groups/__init__.py\n'}
[0.255148] (mobile_robot) StdoutLine: {'line': b'-- Up-to-date symlink: /home/hornet/Desktop/pathfollowingbot/install/mobile_robot/share/mobile_robot/model/.venv/lib64/python3.12/site-packages/pip/_vendor/dependency_groups/__main__.py\n'}
[0.255207] (mobile_robot) StdoutLine: {'line': b'-- Up-to-date symlink: /home/hornet/Desktop/pathfollowingbot/install/mobile_robot/share/mobile_robot/model/.venv/lib64/python3.12/site-packages/pip/_vendor/dependency_groups/__pycache__/__init__.cpython-312.pyc\n'}
[0.255266] (mobile_robot) StdoutLine: {'line': b'-- Up-to-date symlink: /home/hornet/Desktop/pathfollowingbot/install/mobile_robot/share/mobile_robot/model/.venv/lib64/python3.12/site-packages/pip/_vendor/dependency_groups/__pycache__/__main__.cpython-312.pyc\n'}
[0.255324] (mobile_robot) StdoutLine: {'line': b'-- Up-to-date symlink: /home/hornet/Desktop/pathfollowingbot/install/mobile_robot/share/mobile_robot/model/.venv/lib64/python3.12/site-packages/pip/_vendor/dependency_groups/__pycache__/_implementation.cpython-312.pyc\n'}
[0.255383] (mobile_robot) StdoutLine: {'line': b'-- Up-to-date symlink: /home/hornet/Desktop/pathfollowingbot/install/mobile_robot/share/mobile_robot/model/.venv/lib64/python3.12/site-packages/pip/_vendor/dependency_groups/__pycache__/_lint_dependency_groups.cpython-312.pyc\n'}
[0.255497] (mobile_robot) StdoutLine: {'line': b'-- Up-to-date symlink: /home/hornet/Desktop/pathfollowingbot/install/mobile_robot/share/mobile_robot/model/.venv/lib64/python3.12/site-packages/pip/_vendor/dependency_groups/__pycache__/_pip_wrapper.cpython-312.pyc\n'}
[0.255598] (mobile_robot) StdoutLine: {'line': b'-- Up-to-date symlink: /home/hornet/Desktop/pathfollowingbot/install/mobile_robot/share/mobile_robot/model/.venv/lib64/python3.12/site-packages/pip/_vendor/dependency_groups/__pycache__/_toml_compat.cpython-312.pyc\n'}
[0.255697] (mobile_robot) StdoutLine: {'line': b'-- Up-to-date symlink: /home/hornet/Desktop/pathfollowingbot/install/mobile_robot/share/mobile_robot/model/.venv/lib64/python3.12/site-packages/pip/_vendor/dependency_groups/_implementation.py\n'}
[0.255780] (mobile_robot) StdoutLine: {'line': b'-- Up-to-date symlink: /home/hornet/Desktop/pathfollowingbot/install/mobile_robot/share/mobile_robot/model/.venv/lib64/python3.12/site-packages/pip/_vendor/dependency_groups/_lint_dependency_groups.py\n'}
[0.255869] (mobile_robot) StdoutLine: {'line': b'-- Up-to-date symlink: /home/hornet/Desktop/pathfollowingbot/install/mobile_robot/share/mobile_robot/model/.venv/lib64/python3.12/site-packages/pip/_vendor/dependency_groups/_pip_wrapper.py\n'}
[0.255951] (mobile_robot) StdoutLine: {'line': b'-- Up-to-date symlink: /home/hornet/Desktop/pathfollowingbot/install/mobile_robot/share/mobile_robot/model/.venv/lib64/python3.12/site-packages/pip/_vendor/dependency_groups/_toml_compat.py\n'}
[0.256037] (mobile_robot) StdoutLine: {'line': b'-- Up-to-date symlink: /home/hornet/Desktop/pathfollowingbot/install/mobile_robot/share/mobile_robot/model/.venv/lib64/python3.12/site-packages/pip/_vendor/dependency_groups/py.typed\n'}
[0.256118] (mobile_robot) StdoutLine: {'line': b'-- Up-to-date symlink: /home/hornet/Desktop/pathfollowingbot/install/mobile_robot/share/mobile_robot/model/.venv/lib64/python3.12/site-packages/pip/_vendor/distlib/LICENSE.txt\n'}
[0.256207] (mobile_robot) StdoutLine: {'line': b'-- Up-to-date symlink: /home/hornet/Desktop/pathfollowingbot/install/mobile_robot/share/mobile_robot/model/.venv/lib64/python3.12/site-packages/pip/_vendor/distlib/__init__.py\n'}
[0.256293] (mobile_robot) StdoutLine: {'line': b'-- Up-to-date symlink: /home/hornet/Desktop/pathfollowingbot/install/mobile_robot/share/mobile_robot/model/.venv/lib64/python3.12/site-packages/pip/_vendor/distlib/__pycache__/__init__.cpython-312.pyc\n'}
[0.256381] (mobile_robot) StdoutLine: {'line': b'-- Up-to-date symlink: /home/hornet/Desktop/pathfollowingbot/install/mobile_robot/share/mobile_robot/model/.venv/lib64/python3.12/site-packages/pip/_vendor/distlib/__pycache__/compat.cpython-312.pyc\n'}
[0.256462] (mobile_robot) StdoutLine: {'line': b'-- Up-to-date symlink: /home/hornet/Desktop/pathfollowingbot/install/mobile_robot/share/mobile_robot/model/.venv/lib64/python3.12/site-packages/pip/_vendor/distlib/__pycache__/resources.cpython-312.pyc\n'}
[0.256551] (mobile_robot) StdoutLine: {'line': b'-- Up-to-date symlink: /home/hornet/Desktop/pathfollowingbot/install/mobile_robot/share/mobile_robot/model/.venv/lib64/python3.12/site-packages/pip/_vendor/distlib/__pycache__/scripts.cpython-312.pyc\n'}
[0.256632] (mobile_robot) StdoutLine: {'line': b'-- Up-to-date symlink: /home/hornet/Desktop/pathfollowingbot/install/mobile_robot/share/mobile_robot/model/.venv/lib64/python3.12/site-packages/pip/_vendor/distlib/__pycache__/util.cpython-312.pyc\n'}
[0.256726] (mobile_robot) StdoutLine: {'line': b'-- Up-to-date symlink: /home/hornet/Desktop/pathfollowingbot/install/mobile_robot/share/mobile_robot/model/.venv/lib64/python3.12/site-packages/pip/_vendor/distlib/compat.py\n'}
[0.256814] (mobile_robot) StdoutLine: {'line': b'-- Up-to-date symlink: /home/hornet/Desktop/pathfollowingbot/install/mobile_robot/share/mobile_robot/model/.venv/lib64/python3.12/site-packages/pip/_vendor/distlib/resources.py\n'}
[0.256897] (mobile_robot) StdoutLine: {'line': b'-- Up-to-date symlink: /home/hornet/Desktop/pathfollowingbot/install/mobile_robot/share/mobile_robot/model/.venv/lib64/python3.12/site-packages/pip/_vendor/distlib/scripts.py\n'}
[0.256985] (mobile_robot) StdoutLine: {'line': b'-- Up-to-date symlink: /home/hornet/Desktop/pathfollowingbot/install/mobile_robot/share/mobile_robot/model/.venv/lib64/python3.12/site-packages/pip/_vendor/distlib/t32.exe\n'}
[0.257067] (mobile_robot) StdoutLine: {'line': b'-- Up-to-date symlink: /home/hornet/Desktop/pathfollowingbot/install/mobile_robot/share/mobile_robot/model/.venv/lib64/python3.12/site-packages/pip/_vendor/distlib/t64-arm.exe\n'}
[0.257158] (mobile_robot) StdoutLine: {'line': b'-- Up-to-date symlink: /home/hornet/Desktop/pathfollowingbot/install/mobile_robot/share/mobile_robot/model/.venv/lib64/python3.12/site-packages/pip/_vendor/distlib/t64.exe\n'}
[0.257235] (mobile_robot) StdoutLine: {'line': b'-- Up-to-date symlink: /home/hornet/Desktop/pathfollowingbot/install/mobile_robot/share/mobile_robot/model/.venv/lib64/python3.12/site-packages/pip/_vendor/distlib/util.py\n'}
[0.257330] (mobile_robot) StdoutLine: {'line': b'-- Up-to-date symlink: /home/hornet/Desktop/pathfollowingbot/install/mobile_robot/share/mobile_robot/model/.venv/lib64/python3.12/site-packages/pip/_vendor/distlib/w32.exe\n'}
[0.257407] (mobile_robot) StdoutLine: {'line': b'-- Up-to-date symlink: /home/hornet/Desktop/pathfollowingbot/install/mobile_robot/share/mobile_robot/model/.venv/lib64/python3.12/site-packages/pip/_vendor/distlib/w64-arm.exe\n'}
[0.257499] (mobile_robot) StdoutLine: {'line': b'-- Up-to-date symlink: /home/hornet/Desktop/pathfollowingbot/install/mobile_robot/share/mobile_robot/model/.venv/lib64/python3.12/site-packages/pip/_vendor/distlib/w64.exe\n'}
[0.257590] (mobile_robot) StdoutLine: {'line': b'-- Up-to-date symlink: /home/hornet/Desktop/pathfollowingbot/install/mobile_robot/share/mobile_robot/model/.venv/lib64/python3.12/site-packages/pip/_vendor/distro/LICENSE\n'}
[0.257692] (mobile_robot) StdoutLine: {'line': b'-- Up-to-date symlink: /home/hornet/Desktop/pathfollowingbot/install/mobile_robot/share/mobile_robot/model/.venv/lib64/python3.12/site-packages/pip/_vendor/distro/__init__.py\n'}
[0.257776] (mobile_robot) StdoutLine: {'line': b'-- Up-to-date symlink: /home/hornet/Desktop/pathfollowingbot/install/mobile_robot/share/mobile_robot/model/.venv/lib64/python3.12/site-packages/pip/_vendor/distro/__main__.py\n'}
[0.257868] (mobile_robot) StdoutLine: {'line': b'-- Up-to-date symlink: /home/hornet/Desktop/pathfollowingbot/install/mobile_robot/share/mobile_robot/model/.venv/lib64/python3.12/site-packages/pip/_vendor/distro/__pycache__/__init__.cpython-312.pyc\n'}
[0.257950] (mobile_robot) StdoutLine: {'line': b'-- Up-to-date symlink: /home/hornet/Desktop/pathfollowingbot/install/mobile_robot/share/mobile_robot/model/.venv/lib64/python3.12/site-packages/pip/_vendor/distro/__pycache__/__main__.cpython-312.pyc\n'}
[0.258042] (mobile_robot) StdoutLine: {'line': b'-- Up-to-date symlink: /home/hornet/Desktop/pathfollowingbot/install/mobile_robot/share/mobile_robot/model/.venv/lib64/python3.12/site-packages/pip/_vendor/distro/__pycache__/distro.cpython-312.pyc\n'}
[0.258131] (mobile_robot) StdoutLine: {'line': b'-- Up-to-date symlink: /home/hornet/Desktop/pathfollowingbot/install/mobile_robot/share/mobile_robot/model/.venv/lib64/python3.12/site-packages/pip/_vendor/distro/distro.py\n'}
[0.258212] (mobile_robot) StdoutLine: {'line': b'-- Up-to-date symlink: /home/hornet/Desktop/pathfollowingbot/install/mobile_robot/share/mobile_robot/model/.venv/lib64/python3.12/site-packages/pip/_vendor/distro/py.typed\n'}
[0.258301] (mobile_robot) StdoutLine: {'line': b'-- Up-to-date symlink: /home/hornet/Desktop/pathfollowingbot/install/mobile_robot/share/mobile_robot/model/.venv/lib64/python3.12/site-packages/pip/_vendor/idna/LICENSE.md\n'}
[0.258383] (mobile_robot) StdoutLine: {'line': b'-- Up-to-date symlink: /home/hornet/Desktop/pathfollowingbot/install/mobile_robot/share/mobile_robot/model/.venv/lib64/python3.12/site-packages/pip/_vendor/idna/__init__.py\n'}
[0.258472] (mobile_robot) StdoutLine: {'line': b'-- Up-to-date symlink: /home/hornet/Desktop/pathfollowingbot/install/mobile_robot/share/mobile_robot/model/.venv/lib64/python3.12/site-packages/pip/_vendor/idna/__pycache__/__init__.cpython-312.pyc\n'}
[0.258554] (mobile_robot) StdoutLine: {'line': b'-- Up-to-date symlink: /home/hornet/Desktop/pathfollowingbot/install/mobile_robot/share/mobile_robot/model/.venv/lib64/python3.12/site-packages/pip/_vendor/idna/__pycache__/codec.cpython-312.pyc\n'}
[0.258641] (mobile_robot) StdoutLine: {'line': b'-- Up-to-date symlink: /home/hornet/Desktop/pathfollowingbot/install/mobile_robot/share/mobile_robot/model/.venv/lib64/python3.12/site-packages/pip/_vendor/idna/__pycache__/compat.cpython-312.pyc\n'}
[0.258728] (mobile_robot) StdoutLine: {'line': b'-- Up-to-date symlink: /home/hornet/Desktop/pathfollowingbot/install/mobile_robot/share/mobile_robot/model/.venv/lib64/python3.12/site-packages/pip/_vendor/idna/__pycache__/core.cpython-312.pyc\n'}
[0.258817] (mobile_robot) StdoutLine: {'line': b'-- Up-to-date symlink: /home/hornet/Desktop/pathfollowingbot/install/mobile_robot/share/mobile_robot/model/.venv/lib64/python3.12/site-packages/pip/_vendor/idna/__pycache__/idnadata.cpython-312.pyc\n'}
[0.258901] (mobile_robot) StdoutLine: {'line': b'-- Up-to-date symlink: /home/hornet/Desktop/pathfollowingbot/install/mobile_robot/share/mobile_robot/model/.venv/lib64/python3.12/site-packages/pip/_vendor/idna/__pycache__/intranges.cpython-312.pyc\n'}
[0.258991] (mobile_robot) StdoutLine: {'line': b'-- Up-to-date symlink: /home/hornet/Desktop/pathfollowingbot/install/mobile_robot/share/mobile_robot/model/.venv/lib64/python3.12/site-packages/pip/_vendor/idna/__pycache__/package_data.cpython-312.pyc\n'}
[0.259085] (mobile_robot) StdoutLine: {'line': b'-- Up-to-date symlink: /home/hornet/Desktop/pathfollowingbot/install/mobile_robot/share/mobile_robot/model/.venv/lib64/python3.12/site-packages/pip/_vendor/idna/__pycache__/uts46data.cpython-312.pyc\n'}
[0.259170] (mobile_robot) StdoutLine: {'line': b'-- Up-to-date symlink: /home/hornet/Desktop/pathfollowingbot/install/mobile_robot/share/mobile_robot/model/.venv/lib64/python3.12/site-packages/pip/_vendor/idna/codec.py\n'}
[0.259259] (mobile_robot) StdoutLine: {'line': b'-- Up-to-date symlink: /home/hornet/Desktop/pathfollowingbot/install/mobile_robot/share/mobile_robot/model/.venv/lib64/python3.12/site-packages/pip/_vendor/idna/compat.py\n'}
[0.259340] (mobile_robot) StdoutLine: {'line': b'-- Up-to-date symlink: /home/hornet/Desktop/pathfollowingbot/install/mobile_robot/share/mobile_robot/model/.venv/lib64/python3.12/site-packages/pip/_vendor/idna/core.py\n'}
[0.259421] (mobile_robot) StdoutLine: {'line': b'-- Up-to-date symlink: /home/hornet/Desktop/pathfollowingbot/install/mobile_robot/share/mobile_robot/model/.venv/lib64/python3.12/site-packages/pip/_vendor/idna/idnadata.py\n'}
[0.259510] (mobile_robot) StdoutLine: {'line': b'-- Up-to-date symlink: /home/hornet/Desktop/pathfollowingbot/install/mobile_robot/share/mobile_robot/model/.venv/lib64/python3.12/site-packages/pip/_vendor/idna/intranges.py\n'}
[0.259588] (mobile_robot) StdoutLine: {'line': b'-- Up-to-date symlink: /home/hornet/Desktop/pathfollowingbot/install/mobile_robot/share/mobile_robot/model/.venv/lib64/python3.12/site-packages/pip/_vendor/idna/package_data.py\n'}
[0.259680] (mobile_robot) StdoutLine: {'line': b'-- Up-to-date symlink: /home/hornet/Desktop/pathfollowingbot/install/mobile_robot/share/mobile_robot/model/.venv/lib64/python3.12/site-packages/pip/_vendor/idna/py.typed\n'}
[0.259762] (mobile_robot) StdoutLine: {'line': b'-- Up-to-date symlink: /home/hornet/Desktop/pathfollowingbot/install/mobile_robot/share/mobile_robot/model/.venv/lib64/python3.12/site-packages/pip/_vendor/idna/uts46data.py\n'}
[0.259849] (mobile_robot) StdoutLine: {'line': b'-- Up-to-date symlink: /home/hornet/Desktop/pathfollowingbot/install/mobile_robot/share/mobile_robot/model/.venv/lib64/python3.12/site-packages/pip/_vendor/msgpack/COPYING\n'}
[0.259930] (mobile_robot) StdoutLine: {'line': b'-- Up-to-date symlink: /home/hornet/Desktop/pathfollowingbot/install/mobile_robot/share/mobile_robot/model/.venv/lib64/python3.12/site-packages/pip/_vendor/msgpack/__init__.py\n'}
[0.260019] (mobile_robot) StdoutLine: {'line': b'-- Up-to-date symlink: /home/hornet/Desktop/pathfollowingbot/install/mobile_robot/share/mobile_robot/model/.venv/lib64/python3.12/site-packages/pip/_vendor/msgpack/__pycache__/__init__.cpython-312.pyc\n'}
[0.260106] (mobile_robot) StdoutLine: {'line': b'-- Up-to-date symlink: /home/hornet/Desktop/pathfollowingbot/install/mobile_robot/share/mobile_robot/model/.venv/lib64/python3.12/site-packages/pip/_vendor/msgpack/__pycache__/exceptions.cpython-312.pyc\n'}
[0.260188] (mobile_robot) StdoutLine: {'line': b'-- Up-to-date symlink: /home/hornet/Desktop/pathfollowingbot/install/mobile_robot/share/mobile_robot/model/.venv/lib64/python3.12/site-packages/pip/_vendor/msgpack/__pycache__/ext.cpython-312.pyc\n'}
[0.260270] (mobile_robot) StdoutLine: {'line': b'-- Up-to-date symlink: /home/hornet/Desktop/pathfollowingbot/install/mobile_robot/share/mobile_robot/model/.venv/lib64/python3.12/site-packages/pip/_vendor/msgpack/__pycache__/fallback.cpython-312.pyc\n'}
[0.260358] (mobile_robot) StdoutLine: {'line': b'-- Up-to-date symlink: /home/hornet/Desktop/pathfollowingbot/install/mobile_robot/share/mobile_robot/model/.venv/lib64/python3.12/site-packages/pip/_vendor/msgpack/exceptions.py\n'}
[0.260439] (mobile_robot) StdoutLine: {'line': b'-- Up-to-date symlink: /home/hornet/Desktop/pathfollowingbot/install/mobile_robot/share/mobile_robot/model/.venv/lib64/python3.12/site-packages/pip/_vendor/msgpack/ext.py\n'}
[0.260525] (mobile_robot) StdoutLine: {'line': b'-- Up-to-date symlink: /home/hornet/Desktop/pathfollowingbot/install/mobile_robot/share/mobile_robot/model/.venv/lib64/python3.12/site-packages/pip/_vendor/msgpack/fallback.py\n'}
[0.260608] (mobile_robot) StdoutLine: {'line': b'-- Up-to-date symlink: /home/hornet/Desktop/pathfollowingbot/install/mobile_robot/share/mobile_robot/model/.venv/lib64/python3.12/site-packages/pip/_vendor/packaging/LICENSE\n'}
[0.260702] (mobile_robot) StdoutLine: {'line': b'-- Up-to-date symlink: /home/hornet/Desktop/pathfollowingbot/install/mobile_robot/share/mobile_robot/model/.venv/lib64/python3.12/site-packages/pip/_vendor/packaging/LICENSE.APACHE\n'}
[0.260790] (mobile_robot) StdoutLine: {'line': b'-- Up-to-date symlink: /home/hornet/Desktop/pathfollowingbot/install/mobile_robot/share/mobile_robot/model/.venv/lib64/python3.12/site-packages/pip/_vendor/packaging/LICENSE.BSD\n'}
[0.260872] (mobile_robot) StdoutLine: {'line': b'-- Up-to-date symlink: /home/hornet/Desktop/pathfollowingbot/install/mobile_robot/share/mobile_robot/model/.venv/lib64/python3.12/site-packages/pip/_vendor/packaging/__init__.py\n'}
[0.260961] (mobile_robot) StdoutLine: {'line': b'-- Up-to-date symlink: /home/hornet/Desktop/pathfollowingbot/install/mobile_robot/share/mobile_robot/model/.venv/lib64/python3.12/site-packages/pip/_vendor/packaging/__pycache__/__init__.cpython-312.pyc\n'}
[0.261047] (mobile_robot) StdoutLine: {'line': b'-- Up-to-date symlink: /home/hornet/Desktop/pathfollowingbot/install/mobile_robot/share/mobile_robot/model/.venv/lib64/python3.12/site-packages/pip/_vendor/packaging/__pycache__/_elffile.cpython-312.pyc\n'}
[0.261136] (mobile_robot) StdoutLine: {'line': b'-- Up-to-date symlink: /home/hornet/Desktop/pathfollowingbot/install/mobile_robot/share/mobile_robot/model/.venv/lib64/python3.12/site-packages/pip/_vendor/packaging/__pycache__/_manylinux.cpython-312.pyc\n'}
[0.261218] (mobile_robot) StdoutLine: {'line': b'-- Up-to-date symlink: /home/hornet/Desktop/pathfollowingbot/install/mobile_robot/share/mobile_robot/model/.venv/lib64/python3.12/site-packages/pip/_vendor/packaging/__pycache__/_musllinux.cpython-312.pyc\n'}
[0.261306] (mobile_robot) StdoutLine: {'line': b'-- Up-to-date symlink: /home/hornet/Desktop/pathfollowingbot/install/mobile_robot/share/mobile_robot/model/.venv/lib64/python3.12/site-packages/pip/_vendor/packaging/__pycache__/_parser.cpython-312.pyc\n'}
[0.261389] (mobile_robot) StdoutLine: {'line': b'-- Up-to-date symlink: /home/hornet/Desktop/pathfollowingbot/install/mobile_robot/share/mobile_robot/model/.venv/lib64/python3.12/site-packages/pip/_vendor/packaging/__pycache__/_structures.cpython-312.pyc\n'}
[0.261483] (mobile_robot) StdoutLine: {'line': b'-- Up-to-date symlink: /home/hornet/Desktop/pathfollowingbot/install/mobile_robot/share/mobile_robot/model/.venv/lib64/python3.12/site-packages/pip/_vendor/packaging/__pycache__/_tokenizer.cpython-312.pyc\n'}
[0.261566] (mobile_robot) StdoutLine: {'line': b'-- Up-to-date symlink: /home/hornet/Desktop/pathfollowingbot/install/mobile_robot/share/mobile_robot/model/.venv/lib64/python3.12/site-packages/pip/_vendor/packaging/__pycache__/markers.cpython-312.pyc\n'}
[0.261659] (mobile_robot) StdoutLine: {'line': b'-- Up-to-date symlink: /home/hornet/Desktop/pathfollowingbot/install/mobile_robot/share/mobile_robot/model/.venv/lib64/python3.12/site-packages/pip/_vendor/packaging/__pycache__/metadata.cpython-312.pyc\n'}
[0.261748] (mobile_robot) StdoutLine: {'line': b'-- Up-to-date symlink: /home/hornet/Desktop/pathfollowingbot/install/mobile_robot/share/mobile_robot/model/.venv/lib64/python3.12/site-packages/pip/_vendor/packaging/__pycache__/requirements.cpython-312.pyc\n'}
[0.261830] (mobile_robot) StdoutLine: {'line': b'-- Up-to-date symlink: /home/hornet/Desktop/pathfollowingbot/install/mobile_robot/share/mobile_robot/model/.venv/lib64/python3.12/site-packages/pip/_vendor/packaging/__pycache__/specifiers.cpython-312.pyc\n'}
[0.261918] (mobile_robot) StdoutLine: {'line': b'-- Up-to-date symlink: /home/hornet/Desktop/pathfollowingbot/install/mobile_robot/share/mobile_robot/model/.venv/lib64/python3.12/site-packages/pip/_vendor/packaging/__pycache__/tags.cpython-312.pyc\n'}
[0.262007] (mobile_robot) StdoutLine: {'line': b'-- Up-to-date symlink: /home/hornet/Desktop/pathfollowingbot/install/mobile_robot/share/mobile_robot/model/.venv/lib64/python3.12/site-packages/pip/_vendor/packaging/__pycache__/utils.cpython-312.pyc\n'}
[0.262096] (mobile_robot) StdoutLine: {'line': b'-- Up-to-date symlink: /home/hornet/Desktop/pathfollowingbot/install/mobile_robot/share/mobile_robot/model/.venv/lib64/python3.12/site-packages/pip/_vendor/packaging/__pycache__/version.cpython-312.pyc\n'}
[0.262177] (mobile_robot) StdoutLine: {'line': b'-- Up-to-date symlink: /home/hornet/Desktop/pathfollowingbot/install/mobile_robot/share/mobile_robot/model/.venv/lib64/python3.12/site-packages/pip/_vendor/packaging/_elffile.py\n'}
[0.262265] (mobile_robot) StdoutLine: {'line': b'-- Up-to-date symlink: /home/hornet/Desktop/pathfollowingbot/install/mobile_robot/share/mobile_robot/model/.venv/lib64/python3.12/site-packages/pip/_vendor/packaging/_manylinux.py\n'}
[0.262346] (mobile_robot) StdoutLine: {'line': b'-- Up-to-date symlink: /home/hornet/Desktop/pathfollowingbot/install/mobile_robot/share/mobile_robot/model/.venv/lib64/python3.12/site-packages/pip/_vendor/packaging/_musllinux.py\n'}
[0.262433] (mobile_robot) StdoutLine: {'line': b'-- Up-to-date symlink: /home/hornet/Desktop/pathfollowingbot/install/mobile_robot/share/mobile_robot/model/.venv/lib64/python3.12/site-packages/pip/_vendor/packaging/_parser.py\n'}
[0.262515] (mobile_robot) StdoutLine: {'line': b'-- Up-to-date symlink: /home/hornet/Desktop/pathfollowingbot/install/mobile_robot/share/mobile_robot/model/.venv/lib64/python3.12/site-packages/pip/_vendor/packaging/_structures.py\n'}
[0.262603] (mobile_robot) StdoutLine: {'line': b'-- Up-to-date symlink: /home/hornet/Desktop/pathfollowingbot/install/mobile_robot/share/mobile_robot/model/.venv/lib64/python3.12/site-packages/pip/_vendor/packaging/_tokenizer.py\n'}
[0.262691] (mobile_robot) StdoutLine: {'line': b'-- Up-to-date symlink: /home/hornet/Desktop/pathfollowingbot/install/mobile_robot/share/mobile_robot/model/.venv/lib64/python3.12/site-packages/pip/_vendor/packaging/licenses/__init__.py\n'}
[0.262784] (mobile_robot) StdoutLine: {'line': b'-- Up-to-date symlink: /home/hornet/Desktop/pathfollowingbot/install/mobile_robot/share/mobile_robot/model/.venv/lib64/python3.12/site-packages/pip/_vendor/packaging/licenses/__pycache__/__init__.cpython-312.pyc\n'}
[0.262867] (mobile_robot) StdoutLine: {'line': b'-- Up-to-date symlink: /home/hornet/Desktop/pathfollowingbot/install/mobile_robot/share/mobile_robot/model/.venv/lib64/python3.12/site-packages/pip/_vendor/packaging/licenses/__pycache__/_spdx.cpython-312.pyc\n'}
[0.262956] (mobile_robot) StdoutLine: {'line': b'-- Up-to-date symlink: /home/hornet/Desktop/pathfollowingbot/install/mobile_robot/share/mobile_robot/model/.venv/lib64/python3.12/site-packages/pip/_vendor/packaging/licenses/_spdx.py\n'}
[0.263044] (mobile_robot) StdoutLine: {'line': b'-- Up-to-date symlink: /home/hornet/Desktop/pathfollowingbot/install/mobile_robot/share/mobile_robot/model/.venv/lib64/python3.12/site-packages/pip/_vendor/packaging/markers.py\n'}
[0.263125] (mobile_robot) StdoutLine: {'line': b'-- Up-to-date symlink: /home/hornet/Desktop/pathfollowingbot/install/mobile_robot/share/mobile_robot/model/.venv/lib64/python3.12/site-packages/pip/_vendor/packaging/metadata.py\n'}
[0.263206] (mobile_robot) StdoutLine: {'line': b'-- Up-to-date symlink: /home/hornet/Desktop/pathfollowingbot/install/mobile_robot/share/mobile_robot/model/.venv/lib64/python3.12/site-packages/pip/_vendor/packaging/py.typed\n'}
[0.263300] (mobile_robot) StdoutLine: {'line': b'-- Up-to-date symlink: /home/hornet/Desktop/pathfollowingbot/install/mobile_robot/share/mobile_robot/model/.venv/lib64/python3.12/site-packages/pip/_vendor/packaging/requirements.py\n'}
[0.263381] (mobile_robot) StdoutLine: {'line': b'-- Up-to-date symlink: /home/hornet/Desktop/pathfollowingbot/install/mobile_robot/share/mobile_robot/model/.venv/lib64/python3.12/site-packages/pip/_vendor/packaging/specifiers.py\n'}
[0.263466] (mobile_robot) StdoutLine: {'line': b'-- Up-to-date symlink: /home/hornet/Desktop/pathfollowingbot/install/mobile_robot/share/mobile_robot/model/.venv/lib64/python3.12/site-packages/pip/_vendor/packaging/tags.py\n'}
[0.263549] (mobile_robot) StdoutLine: {'line': b'-- Up-to-date symlink: /home/hornet/Desktop/pathfollowingbot/install/mobile_robot/share/mobile_robot/model/.venv/lib64/python3.12/site-packages/pip/_vendor/packaging/utils.py\n'}
[0.263638] (mobile_robot) StdoutLine: {'line': b'-- Up-to-date symlink: /home/hornet/Desktop/pathfollowingbot/install/mobile_robot/share/mobile_robot/model/.venv/lib64/python3.12/site-packages/pip/_vendor/packaging/version.py\n'}
[0.263727] (mobile_robot) StdoutLine: {'line': b'-- Up-to-date symlink: /home/hornet/Desktop/pathfollowingbot/install/mobile_robot/share/mobile_robot/model/.venv/lib64/python3.12/site-packages/pip/_vendor/pkg_resources/LICENSE\n'}
[0.263814] (mobile_robot) StdoutLine: {'line': b'-- Up-to-date symlink: /home/hornet/Desktop/pathfollowingbot/install/mobile_robot/share/mobile_robot/model/.venv/lib64/python3.12/site-packages/pip/_vendor/pkg_resources/__init__.py\n'}
[0.263901] (mobile_robot) StdoutLine: {'line': b'-- Up-to-date symlink: /home/hornet/Desktop/pathfollowingbot/install/mobile_robot/share/mobile_robot/model/.venv/lib64/python3.12/site-packages/pip/_vendor/pkg_resources/__pycache__/__init__.cpython-312.pyc\n'}
[0.263989] (mobile_robot) StdoutLine: {'line': b'-- Up-to-date symlink: /home/hornet/Desktop/pathfollowingbot/install/mobile_robot/share/mobile_robot/model/.venv/lib64/python3.12/site-packages/pip/_vendor/platformdirs/LICENSE\n'}
[0.264069] (mobile_robot) StdoutLine: {'line': b'-- Up-to-date symlink: /home/hornet/Desktop/pathfollowingbot/install/mobile_robot/share/mobile_robot/model/.venv/lib64/python3.12/site-packages/pip/_vendor/platformdirs/__init__.py\n'}
[0.264158] (mobile_robot) StdoutLine: {'line': b'-- Up-to-date symlink: /home/hornet/Desktop/pathfollowingbot/install/mobile_robot/share/mobile_robot/model/.venv/lib64/python3.12/site-packages/pip/_vendor/platformdirs/__main__.py\n'}
[0.264246] (mobile_robot) StdoutLine: {'line': b'-- Up-to-date symlink: /home/hornet/Desktop/pathfollowingbot/install/mobile_robot/share/mobile_robot/model/.venv/lib64/python3.12/site-packages/pip/_vendor/platformdirs/__pycache__/__init__.cpython-312.pyc\n'}
[0.264327] (mobile_robot) StdoutLine: {'line': b'-- Up-to-date symlink: /home/hornet/Desktop/pathfollowingbot/install/mobile_robot/share/mobile_robot/model/.venv/lib64/python3.12/site-packages/pip/_vendor/platformdirs/__pycache__/__main__.cpython-312.pyc\n'}
[0.264409] (mobile_robot) StdoutLine: {'line': b'-- Up-to-date symlink: /home/hornet/Desktop/pathfollowingbot/install/mobile_robot/share/mobile_robot/model/.venv/lib64/python3.12/site-packages/pip/_vendor/platformdirs/__pycache__/android.cpython-312.pyc\n'}
[0.264492] (mobile_robot) StdoutLine: {'line': b'-- Up-to-date symlink: /home/hornet/Desktop/pathfollowingbot/install/mobile_robot/share/mobile_robot/model/.venv/lib64/python3.12/site-packages/pip/_vendor/platformdirs/__pycache__/api.cpython-312.pyc\n'}
[0.264577] (mobile_robot) StdoutLine: {'line': b'-- Up-to-date symlink: /home/hornet/Desktop/pathfollowingbot/install/mobile_robot/share/mobile_robot/model/.venv/lib64/python3.12/site-packages/pip/_vendor/platformdirs/__pycache__/macos.cpython-312.pyc\n'}
[0.264670] (mobile_robot) StdoutLine: {'line': b'-- Up-to-date symlink: /home/hornet/Desktop/pathfollowingbot/install/mobile_robot/share/mobile_robot/model/.venv/lib64/python3.12/site-packages/pip/_vendor/platformdirs/__pycache__/unix.cpython-312.pyc\n'}
[0.264761] (mobile_robot) StdoutLine: {'line': b'-- Up-to-date symlink: /home/hornet/Desktop/pathfollowingbot/install/mobile_robot/share/mobile_robot/model/.venv/lib64/python3.12/site-packages/pip/_vendor/platformdirs/__pycache__/version.cpython-312.pyc\n'}
[0.264843] (mobile_robot) StdoutLine: {'line': b'-- Up-to-date symlink: /home/hornet/Desktop/pathfollowingbot/install/mobile_robot/share/mobile_robot/model/.venv/lib64/python3.12/site-packages/pip/_vendor/platformdirs/__pycache__/windows.cpython-312.pyc\n'}
[0.264936] (mobile_robot) StdoutLine: {'line': b'-- Up-to-date symlink: /home/hornet/Desktop/pathfollowingbot/install/mobile_robot/share/mobile_robot/model/.venv/lib64/python3.12/site-packages/pip/_vendor/platformdirs/android.py\n'}
[0.265018] (mobile_robot) StdoutLine: {'line': b'-- Up-to-date symlink: /home/hornet/Desktop/pathfollowingbot/install/mobile_robot/share/mobile_robot/model/.venv/lib64/python3.12/site-packages/pip/_vendor/platformdirs/api.py\n'}
[0.265099] (mobile_robot) StdoutLine: {'line': b'-- Up-to-date symlink: /home/hornet/Desktop/pathfollowingbot/install/mobile_robot/share/mobile_robot/model/.venv/lib64/python3.12/site-packages/pip/_vendor/platformdirs/macos.py\n'}
[0.265192] (mobile_robot) StdoutLine: {'line': b'-- Up-to-date symlink: /home/hornet/Desktop/pathfollowingbot/install/mobile_robot/share/mobile_robot/model/.venv/lib64/python3.12/site-packages/pip/_vendor/platformdirs/py.typed\n'}
[0.265283] (mobile_robot) StdoutLine: {'line': b'-- Up-to-date symlink: /home/hornet/Desktop/pathfollowingbot/install/mobile_robot/share/mobile_robot/model/.venv/lib64/python3.12/site-packages/pip/_vendor/platformdirs/unix.py\n'}
[0.265365] (mobile_robot) StdoutLine: {'line': b'-- Up-to-date symlink: /home/hornet/Desktop/pathfollowingbot/install/mobile_robot/share/mobile_robot/model/.venv/lib64/python3.12/site-packages/pip/_vendor/platformdirs/version.py\n'}
[0.265456] (mobile_robot) StdoutLine: {'line': b'-- Up-to-date symlink: /home/hornet/Desktop/pathfollowingbot/install/mobile_robot/share/mobile_robot/model/.venv/lib64/python3.12/site-packages/pip/_vendor/platformdirs/windows.py\n'}
[0.265540] (mobile_robot) StdoutLine: {'line': b'-- Up-to-date symlink: /home/hornet/Desktop/pathfollowingbot/install/mobile_robot/share/mobile_robot/model/.venv/lib64/python3.12/site-packages/pip/_vendor/pygments/LICENSE\n'}
[0.265629] (mobile_robot) StdoutLine: {'line': b'-- Up-to-date symlink: /home/hornet/Desktop/pathfollowingbot/install/mobile_robot/share/mobile_robot/model/.venv/lib64/python3.12/site-packages/pip/_vendor/pygments/__init__.py\n'}
[0.265723] (mobile_robot) StdoutLine: {'line': b'-- Up-to-date symlink: /home/hornet/Desktop/pathfollowingbot/install/mobile_robot/share/mobile_robot/model/.venv/lib64/python3.12/site-packages/pip/_vendor/pygments/__main__.py\n'}
[0.265818] (mobile_robot) StdoutLine: {'line': b'-- Up-to-date symlink: /home/hornet/Desktop/pathfollowingbot/install/mobile_robot/share/mobile_robot/model/.venv/lib64/python3.12/site-packages/pip/_vendor/pygments/__pycache__/__init__.cpython-312.pyc\n'}
[0.265909] (mobile_robot) StdoutLine: {'line': b'-- Up-to-date symlink: /home/hornet/Desktop/pathfollowingbot/install/mobile_robot/share/mobile_robot/model/.venv/lib64/python3.12/site-packages/pip/_vendor/pygments/__pycache__/__main__.cpython-312.pyc\n'}
[0.265994] (mobile_robot) StdoutLine: {'line': b'-- Up-to-date symlink: /home/hornet/Desktop/pathfollowingbot/install/mobile_robot/share/mobile_robot/model/.venv/lib64/python3.12/site-packages/pip/_vendor/pygments/__pycache__/console.cpython-312.pyc\n'}
[0.266086] (mobile_robot) StdoutLine: {'line': b'-- Up-to-date symlink: /home/hornet/Desktop/pathfollowingbot/install/mobile_robot/share/mobile_robot/model/.venv/lib64/python3.12/site-packages/pip/_vendor/pygments/__pycache__/filter.cpython-312.pyc\n'}
[0.266170] (mobile_robot) StdoutLine: {'line': b'-- Up-to-date symlink: /home/hornet/Desktop/pathfollowingbot/install/mobile_robot/share/mobile_robot/model/.venv/lib64/python3.12/site-packages/pip/_vendor/pygments/__pycache__/formatter.cpython-312.pyc\n'}
[0.266260] (mobile_robot) StdoutLine: {'line': b'-- Up-to-date symlink: /home/hornet/Desktop/pathfollowingbot/install/mobile_robot/share/mobile_robot/model/.venv/lib64/python3.12/site-packages/pip/_vendor/pygments/__pycache__/lexer.cpython-312.pyc\n'}
[0.266347] (mobile_robot) StdoutLine: {'line': b'-- Up-to-date symlink: /home/hornet/Desktop/pathfollowingbot/install/mobile_robot/share/mobile_robot/model/.venv/lib64/python3.12/site-packages/pip/_vendor/pygments/__pycache__/modeline.cpython-312.pyc\n'}
[0.266435] (mobile_robot) StdoutLine: {'line': b'-- Up-to-date symlink: /home/hornet/Desktop/pathfollowingbot/install/mobile_robot/share/mobile_robot/model/.venv/lib64/python3.12/site-packages/pip/_vendor/pygments/__pycache__/plugin.cpython-312.pyc\n'}
[0.266520] (mobile_robot) StdoutLine: {'line': b'-- Up-to-date symlink: /home/hornet/Desktop/pathfollowingbot/install/mobile_robot/share/mobile_robot/model/.venv/lib64/python3.12/site-packages/pip/_vendor/pygments/__pycache__/regexopt.cpython-312.pyc\n'}
[0.266611] (mobile_robot) StdoutLine: {'line': b'-- Up-to-date symlink: /home/hornet/Desktop/pathfollowingbot/install/mobile_robot/share/mobile_robot/model/.venv/lib64/python3.12/site-packages/pip/_vendor/pygments/__pycache__/scanner.cpython-312.pyc\n'}
[0.266698] (mobile_robot) StdoutLine: {'line': b'-- Up-to-date symlink: /home/hornet/Desktop/pathfollowingbot/install/mobile_robot/share/mobile_robot/model/.venv/lib64/python3.12/site-packages/pip/_vendor/pygments/__pycache__/sphinxext.cpython-312.pyc\n'}
[0.266742] (mobile_robot) StdoutLine: {'line': b'-- Up-to-date symlink: /home/hornet/Desktop/pathfollowingbot/install/mobile_robot/share/mobile_robot/model/.venv/lib64/python3.12/site-packages/pip/_vendor/pygments/__pycache__/style.cpython-312.pyc\n'}
[0.266780] (mobile_robot) StdoutLine: {'line': b'-- Up-to-date symlink: /home/hornet/Desktop/pathfollowingbot/install/mobile_robot/share/mobile_robot/model/.venv/lib64/python3.12/site-packages/pip/_vendor/pygments/__pycache__/token.cpython-312.pyc\n'}
[0.266819] (mobile_robot) StdoutLine: {'line': b'-- Up-to-date symlink: /home/hornet/Desktop/pathfollowingbot/install/mobile_robot/share/mobile_robot/model/.venv/lib64/python3.12/site-packages/pip/_vendor/pygments/__pycache__/unistring.cpython-312.pyc\n'}
[0.266872] (mobile_robot) StdoutLine: {'line': b'-- Up-to-date symlink: /home/hornet/Desktop/pathfollowingbot/install/mobile_robot/share/mobile_robot/model/.venv/lib64/python3.12/site-packages/pip/_vendor/pygments/__pycache__/util.cpython-312.pyc\n'}
[0.266909] (mobile_robot) StdoutLine: {'line': b'-- Up-to-date symlink: /home/hornet/Desktop/pathfollowingbot/install/mobile_robot/share/mobile_robot/model/.venv/lib64/python3.12/site-packages/pip/_vendor/pygments/console.py\n'}
[0.266948] (mobile_robot) StdoutLine: {'line': b'-- Up-to-date symlink: /home/hornet/Desktop/pathfollowingbot/install/mobile_robot/share/mobile_robot/model/.venv/lib64/python3.12/site-packages/pip/_vendor/pygments/filter.py\n'}
[0.266987] (mobile_robot) StdoutLine: {'line': b'-- Up-to-date symlink: /home/hornet/Desktop/pathfollowingbot/install/mobile_robot/share/mobile_robot/model/.venv/lib64/python3.12/site-packages/pip/_vendor/pygments/filters/__init__.py\n'}
[0.267023] (mobile_robot) StdoutLine: {'line': b'-- Up-to-date symlink: /home/hornet/Desktop/pathfollowingbot/install/mobile_robot/share/mobile_robot/model/.venv/lib64/python3.12/site-packages/pip/_vendor/pygments/filters/__pycache__/__init__.cpython-312.pyc\n'}
[0.267059] (mobile_robot) StdoutLine: {'line': b'-- Up-to-date symlink: /home/hornet/Desktop/pathfollowingbot/install/mobile_robot/share/mobile_robot/model/.venv/lib64/python3.12/site-packages/pip/_vendor/pygments/formatter.py\n'}
[0.267111] (mobile_robot) StdoutLine: {'line': b'-- Up-to-date symlink: /home/hornet/Desktop/pathfollowingbot/install/mobile_robot/share/mobile_robot/model/.venv/lib64/python3.12/site-packages/pip/_vendor/pygments/formatters/__init__.py\n'}
[0.267144] (mobile_robot) StdoutLine: {'line': b'-- Up-to-date symlink: /home/hornet/Desktop/pathfollowingbot/install/mobile_robot/share/mobile_robot/model/.venv/lib64/python3.12/site-packages/pip/_vendor/pygments/formatters/__pycache__/__init__.cpython-312.pyc\n'}
[0.267179] (mobile_robot) StdoutLine: {'line': b'-- Up-to-date symlink: /home/hornet/Desktop/pathfollowingbot/install/mobile_robot/share/mobile_robot/model/.venv/lib64/python3.12/site-packages/pip/_vendor/pygments/formatters/__pycache__/_mapping.cpython-312.pyc\n'}
[0.267227] (mobile_robot) StdoutLine: {'line': b'-- Up-to-date symlink: /home/hornet/Desktop/pathfollowingbot/install/mobile_robot/share/mobile_robot/model/.venv/lib64/python3.12/site-packages/pip/_vendor/pygments/formatters/_mapping.py\n'}
[0.267260] (mobile_robot) StdoutLine: {'line': b'-- Up-to-date symlink: /home/hornet/Desktop/pathfollowingbot/install/mobile_robot/share/mobile_robot/model/.venv/lib64/python3.12/site-packages/pip/_vendor/pygments/lexer.py\n'}
[0.267295] (mobile_robot) StdoutLine: {'line': b'-- Up-to-date symlink: /home/hornet/Desktop/pathfollowingbot/install/mobile_robot/share/mobile_robot/model/.venv/lib64/python3.12/site-packages/pip/_vendor/pygments/lexers/__init__.py\n'}
[0.267340] (mobile_robot) StdoutLine: {'line': b'-- Up-to-date symlink: /home/hornet/Desktop/pathfollowingbot/install/mobile_robot/share/mobile_robot/model/.venv/lib64/python3.12/site-packages/pip/_vendor/pygments/lexers/__pycache__/__init__.cpython-312.pyc\n'}
[0.267374] (mobile_robot) StdoutLine: {'line': b'-- Up-to-date symlink: /home/hornet/Desktop/pathfollowingbot/install/mobile_robot/share/mobile_robot/model/.venv/lib64/python3.12/site-packages/pip/_vendor/pygments/lexers/__pycache__/_mapping.cpython-312.pyc\n'}
[0.267410] (mobile_robot) StdoutLine: {'line': b'-- Up-to-date symlink: /home/hornet/Desktop/pathfollowingbot/install/mobile_robot/share/mobile_robot/model/.venv/lib64/python3.12/site-packages/pip/_vendor/pygments/lexers/__pycache__/python.cpython-312.pyc\n'}
[0.267444] (mobile_robot) StdoutLine: {'line': b'-- Up-to-date symlink: /home/hornet/Desktop/pathfollowingbot/install/mobile_robot/share/mobile_robot/model/.venv/lib64/python3.12/site-packages/pip/_vendor/pygments/lexers/_mapping.py\n'}
[0.267479] (mobile_robot) StdoutLine: {'line': b'-- Up-to-date symlink: /home/hornet/Desktop/pathfollowingbot/install/mobile_robot/share/mobile_robot/model/.venv/lib64/python3.12/site-packages/pip/_vendor/pygments/lexers/python.py\n'}
[0.267514] (mobile_robot) StdoutLine: {'line': b'-- Up-to-date symlink: /home/hornet/Desktop/pathfollowingbot/install/mobile_robot/share/mobile_robot/model/.venv/lib64/python3.12/site-packages/pip/_vendor/pygments/modeline.py\n'}
[0.267549] (mobile_robot) StdoutLine: {'line': b'-- Up-to-date symlink: /home/hornet/Desktop/pathfollowingbot/install/mobile_robot/share/mobile_robot/model/.venv/lib64/python3.12/site-packages/pip/_vendor/pygments/plugin.py\n'}
[0.267583] (mobile_robot) StdoutLine: {'line': b'-- Up-to-date symlink: /home/hornet/Desktop/pathfollowingbot/install/mobile_robot/share/mobile_robot/model/.venv/lib64/python3.12/site-packages/pip/_vendor/pygments/regexopt.py\n'}
[0.267618] (mobile_robot) StdoutLine: {'line': b'-- Up-to-date symlink: /home/hornet/Desktop/pathfollowingbot/install/mobile_robot/share/mobile_robot/model/.venv/lib64/python3.12/site-packages/pip/_vendor/pygments/scanner.py\n'}
[0.267652] (mobile_robot) StdoutLine: {'line': b'-- Up-to-date symlink: /home/hornet/Desktop/pathfollowingbot/install/mobile_robot/share/mobile_robot/model/.venv/lib64/python3.12/site-packages/pip/_vendor/pygments/sphinxext.py\n'}
[0.267703] (mobile_robot) StdoutLine: {'line': b'-- Up-to-date symlink: /home/hornet/Desktop/pathfollowingbot/install/mobile_robot/share/mobile_robot/model/.venv/lib64/python3.12/site-packages/pip/_vendor/pygments/style.py\n'}
[0.267739] (mobile_robot) StdoutLine: {'line': b'-- Up-to-date symlink: /home/hornet/Desktop/pathfollowingbot/install/mobile_robot/share/mobile_robot/model/.venv/lib64/python3.12/site-packages/pip/_vendor/pygments/styles/__init__.py\n'}
[0.267774] (mobile_robot) StdoutLine: {'line': b'-- Up-to-date symlink: /home/hornet/Desktop/pathfollowingbot/install/mobile_robot/share/mobile_robot/model/.venv/lib64/python3.12/site-packages/pip/_vendor/pygments/styles/__pycache__/__init__.cpython-312.pyc\n'}
[0.267810] (mobile_robot) StdoutLine: {'line': b'-- Up-to-date symlink: /home/hornet/Desktop/pathfollowingbot/install/mobile_robot/share/mobile_robot/model/.venv/lib64/python3.12/site-packages/pip/_vendor/pygments/styles/__pycache__/_mapping.cpython-312.pyc\n'}
[0.267854] (mobile_robot) StdoutLine: {'line': b'-- Up-to-date symlink: /home/hornet/Desktop/pathfollowingbot/install/mobile_robot/share/mobile_robot/model/.venv/lib64/python3.12/site-packages/pip/_vendor/pygments/styles/_mapping.py\n'}
[0.267888] (mobile_robot) StdoutLine: {'line': b'-- Up-to-date symlink: /home/hornet/Desktop/pathfollowingbot/install/mobile_robot/share/mobile_robot/model/.venv/lib64/python3.12/site-packages/pip/_vendor/pygments/token.py\n'}
[0.267927] (mobile_robot) StdoutLine: {'line': b'-- Up-to-date symlink: /home/hornet/Desktop/pathfollowingbot/install/mobile_robot/share/mobile_robot/model/.venv/lib64/python3.12/site-packages/pip/_vendor/pygments/unistring.py\n'}
[0.267961] (mobile_robot) StdoutLine: {'line': b'-- Up-to-date symlink: /home/hornet/Desktop/pathfollowingbot/install/mobile_robot/share/mobile_robot/model/.venv/lib64/python3.12/site-packages/pip/_vendor/pygments/util.py\n'}
[0.267996] (mobile_robot) StdoutLine: {'line': b'-- Up-to-date symlink: /home/hornet/Desktop/pathfollowingbot/install/mobile_robot/share/mobile_robot/model/.venv/lib64/python3.12/site-packages/pip/_vendor/pyproject_hooks/LICENSE\n'}
[0.268031] (mobile_robot) StdoutLine: {'line': b'-- Up-to-date symlink: /home/hornet/Desktop/pathfollowingbot/install/mobile_robot/share/mobile_robot/model/.venv/lib64/python3.12/site-packages/pip/_vendor/pyproject_hooks/__init__.py\n'}
[0.268066] (mobile_robot) StdoutLine: {'line': b'-- Up-to-date symlink: /home/hornet/Desktop/pathfollowingbot/install/mobile_robot/share/mobile_robot/model/.venv/lib64/python3.12/site-packages/pip/_vendor/pyproject_hooks/__pycache__/__init__.cpython-312.pyc\n'}
[0.268112] (mobile_robot) StdoutLine: {'line': b'-- Up-to-date symlink: /home/hornet/Desktop/pathfollowingbot/install/mobile_robot/share/mobile_robot/model/.venv/lib64/python3.12/site-packages/pip/_vendor/pyproject_hooks/__pycache__/_impl.cpython-312.pyc\n'}
[0.268147] (mobile_robot) StdoutLine: {'line': b'-- Up-to-date symlink: /home/hornet/Desktop/pathfollowingbot/install/mobile_robot/share/mobile_robot/model/.venv/lib64/python3.12/site-packages/pip/_vendor/pyproject_hooks/_impl.py\n'}
[0.268183] (mobile_robot) StdoutLine: {'line': b'-- Up-to-date symlink: /home/hornet/Desktop/pathfollowingbot/install/mobile_robot/share/mobile_robot/model/.venv/lib64/python3.12/site-packages/pip/_vendor/pyproject_hooks/_in_process/__init__.py\n'}
[0.268219] (mobile_robot) StdoutLine: {'line': b'-- Up-to-date symlink: /home/hornet/Desktop/pathfollowingbot/install/mobile_robot/share/mobile_robot/model/.venv/lib64/python3.12/site-packages/pip/_vendor/pyproject_hooks/_in_process/__pycache__/__init__.cpython-312.pyc\n'}
[0.268255] (mobile_robot) StdoutLine: {'line': b'-- Up-to-date symlink: /home/hornet/Desktop/pathfollowingbot/install/mobile_robot/share/mobile_robot/model/.venv/lib64/python3.12/site-packages/pip/_vendor/pyproject_hooks/_in_process/__pycache__/_in_process.cpython-312.pyc\n'}
[0.268290] (mobile_robot) StdoutLine: {'line': b'-- Up-to-date symlink: /home/hornet/Desktop/pathfollowingbot/install/mobile_robot/share/mobile_robot/model/.venv/lib64/python3.12/site-packages/pip/_vendor/pyproject_hooks/_in_process/_in_process.py\n'}
[0.268329] (mobile_robot) StdoutLine: {'line': b'-- Up-to-date symlink: /home/hornet/Desktop/pathfollowingbot/install/mobile_robot/share/mobile_robot/model/.venv/lib64/python3.12/site-packages/pip/_vendor/pyproject_hooks/py.typed\n'}
[0.268365] (mobile_robot) StdoutLine: {'line': b'-- Up-to-date symlink: /home/hornet/Desktop/pathfollowingbot/install/mobile_robot/share/mobile_robot/model/.venv/lib64/python3.12/site-packages/pip/_vendor/requests/LICENSE\n'}
[0.268401] (mobile_robot) StdoutLine: {'line': b'-- Up-to-date symlink: /home/hornet/Desktop/pathfollowingbot/install/mobile_robot/share/mobile_robot/model/.venv/lib64/python3.12/site-packages/pip/_vendor/requests/__init__.py\n'}
[0.268436] (mobile_robot) StdoutLine: {'line': b'-- Up-to-date symlink: /home/hornet/Desktop/pathfollowingbot/install/mobile_robot/share/mobile_robot/model/.venv/lib64/python3.12/site-packages/pip/_vendor/requests/__pycache__/__init__.cpython-312.pyc\n'}
[0.268487] (mobile_robot) StdoutLine: {'line': b'-- Up-to-date symlink: /home/hornet/Desktop/pathfollowingbot/install/mobile_robot/share/mobile_robot/model/.venv/lib64/python3.12/site-packages/pip/_vendor/requests/__pycache__/__version__.cpython-312.pyc\n'}
[0.268523] (mobile_robot) StdoutLine: {'line': b'-- Up-to-date symlink: /home/hornet/Desktop/pathfollowingbot/install/mobile_robot/share/mobile_robot/model/.venv/lib64/python3.12/site-packages/pip/_vendor/requests/__pycache__/_internal_utils.cpython-312.pyc\n'}
[0.268558] (mobile_robot) StdoutLine: {'line': b'-- Up-to-date symlink: /home/hornet/Desktop/pathfollowingbot/install/mobile_robot/share/mobile_robot/model/.venv/lib64/python3.12/site-packages/pip/_vendor/requests/__pycache__/adapters.cpython-312.pyc\n'}
[0.268591] (mobile_robot) StdoutLine: {'line': b'-- Up-to-date symlink: /home/hornet/Desktop/pathfollowingbot/install/mobile_robot/share/mobile_robot/model/.venv/lib64/python3.12/site-packages/pip/_vendor/requests/__pycache__/api.cpython-312.pyc\n'}
[0.268626] (mobile_robot) StdoutLine: {'line': b'-- Up-to-date symlink: /home/hornet/Desktop/pathfollowingbot/install/mobile_robot/share/mobile_robot/model/.venv/lib64/python3.12/site-packages/pip/_vendor/requests/__pycache__/auth.cpython-312.pyc\n'}
[0.268664] (mobile_robot) StdoutLine: {'line': b'-- Up-to-date symlink: /home/hornet/Desktop/pathfollowingbot/install/mobile_robot/share/mobile_robot/model/.venv/lib64/python3.12/site-packages/pip/_vendor/requests/__pycache__/certs.cpython-312.pyc\n'}
[0.268713] (mobile_robot) StdoutLine: {'line': b'-- Up-to-date symlink: /home/hornet/Desktop/pathfollowingbot/install/mobile_robot/share/mobile_robot/model/.venv/lib64/python3.12/site-packages/pip/_vendor/requests/__pycache__/compat.cpython-312.pyc\n'}
[0.268749] (mobile_robot) StdoutLine: {'line': b'-- Up-to-date symlink: /home/hornet/Desktop/pathfollowingbot/install/mobile_robot/share/mobile_robot/model/.venv/lib64/python3.12/site-packages/pip/_vendor/requests/__pycache__/cookies.cpython-312.pyc\n'}
[0.268786] (mobile_robot) StdoutLine: {'line': b'-- Up-to-date symlink: /home/hornet/Desktop/pathfollowingbot/install/mobile_robot/share/mobile_robot/model/.venv/lib64/python3.12/site-packages/pip/_vendor/requests/__pycache__/exceptions.cpython-312.pyc\n'}
[0.268821] (mobile_robot) StdoutLine: {'line': b'-- Up-to-date symlink: /home/hornet/Desktop/pathfollowingbot/install/mobile_robot/share/mobile_robot/model/.venv/lib64/python3.12/site-packages/pip/_vendor/requests/__pycache__/help.cpython-312.pyc\n'}
[0.268866] (mobile_robot) StdoutLine: {'line': b'-- Up-to-date symlink: /home/hornet/Desktop/pathfollowingbot/install/mobile_robot/share/mobile_robot/model/.venv/lib64/python3.12/site-packages/pip/_vendor/requests/__pycache__/hooks.cpython-312.pyc\n'}
[0.268903] (mobile_robot) StdoutLine: {'line': b'-- Up-to-date symlink: /home/hornet/Desktop/pathfollowingbot/install/mobile_robot/share/mobile_robot/model/.venv/lib64/python3.12/site-packages/pip/_vendor/requests/__pycache__/models.cpython-312.pyc\n'}
[0.268938] (mobile_robot) StdoutLine: {'line': b'-- Up-to-date symlink: /home/hornet/Desktop/pathfollowingbot/install/mobile_robot/share/mobile_robot/model/.venv/lib64/python3.12/site-packages/pip/_vendor/requests/__pycache__/packages.cpython-312.pyc\n'}
[0.268973] (mobile_robot) StdoutLine: {'line': b'-- Up-to-date symlink: /home/hornet/Desktop/pathfollowingbot/install/mobile_robot/share/mobile_robot/model/.venv/lib64/python3.12/site-packages/pip/_vendor/requests/__pycache__/sessions.cpython-312.pyc\n'}
[0.269007] (mobile_robot) StdoutLine: {'line': b'-- Up-to-date symlink: /home/hornet/Desktop/pathfollowingbot/install/mobile_robot/share/mobile_robot/model/.venv/lib64/python3.12/site-packages/pip/_vendor/requests/__pycache__/status_codes.cpython-312.pyc\n'}
[0.269042] (mobile_robot) StdoutLine: {'line': b'-- Up-to-date symlink: /home/hornet/Desktop/pathfollowingbot/install/mobile_robot/share/mobile_robot/model/.venv/lib64/python3.12/site-packages/pip/_vendor/requests/__pycache__/structures.cpython-312.pyc\n'}
[0.269088] (mobile_robot) StdoutLine: {'line': b'-- Up-to-date symlink: /home/hornet/Desktop/pathfollowingbot/install/mobile_robot/share/mobile_robot/model/.venv/lib64/python3.12/site-packages/pip/_vendor/requests/__pycache__/utils.cpython-312.pyc\n'}
[0.269121] (mobile_robot) StdoutLine: {'line': b'-- Up-to-date symlink: /home/hornet/Desktop/pathfollowingbot/install/mobile_robot/share/mobile_robot/model/.venv/lib64/python3.12/site-packages/pip/_vendor/requests/__version__.py\n'}
[0.269155] (mobile_robot) StdoutLine: {'line': b'-- Up-to-date symlink: /home/hornet/Desktop/pathfollowingbot/install/mobile_robot/share/mobile_robot/model/.venv/lib64/python3.12/site-packages/pip/_vendor/requests/_internal_utils.py\n'}
[0.269192] (mobile_robot) StdoutLine: {'line': b'-- Up-to-date symlink: /home/hornet/Desktop/pathfollowingbot/install/mobile_robot/share/mobile_robot/model/.venv/lib64/python3.12/site-packages/pip/_vendor/requests/adapters.py\n'}
[0.269231] (mobile_robot) StdoutLine: {'line': b'-- Up-to-date symlink: /home/hornet/Desktop/pathfollowingbot/install/mobile_robot/share/mobile_robot/model/.venv/lib64/python3.12/site-packages/pip/_vendor/requests/api.py\n'}
[0.269273] (mobile_robot) StdoutLine: {'line': b'-- Up-to-date symlink: /home/hornet/Desktop/pathfollowingbot/install/mobile_robot/share/mobile_robot/model/.venv/lib64/python3.12/site-packages/pip/_vendor/requests/auth.py\n'}
[0.269309] (mobile_robot) StdoutLine: {'line': b'-- Up-to-date symlink: /home/hornet/Desktop/pathfollowingbot/install/mobile_robot/share/mobile_robot/model/.venv/lib64/python3.12/site-packages/pip/_vendor/requests/certs.py\n'}
[0.269343] (mobile_robot) StdoutLine: {'line': b'-- Up-to-date symlink: /home/hornet/Desktop/pathfollowingbot/install/mobile_robot/share/mobile_robot/model/.venv/lib64/python3.12/site-packages/pip/_vendor/requests/compat.py\n'}
[0.269378] (mobile_robot) StdoutLine: {'line': b'-- Up-to-date symlink: /home/hornet/Desktop/pathfollowingbot/install/mobile_robot/share/mobile_robot/model/.venv/lib64/python3.12/site-packages/pip/_vendor/requests/cookies.py\n'}
[0.269413] (mobile_robot) StdoutLine: {'line': b'-- Up-to-date symlink: /home/hornet/Desktop/pathfollowingbot/install/mobile_robot/share/mobile_robot/model/.venv/lib64/python3.12/site-packages/pip/_vendor/requests/exceptions.py\n'}
[0.269447] (mobile_robot) StdoutLine: {'line': b'-- Up-to-date symlink: /home/hornet/Desktop/pathfollowingbot/install/mobile_robot/share/mobile_robot/model/.venv/lib64/python3.12/site-packages/pip/_vendor/requests/help.py\n'}
[0.269479] (mobile_robot) StdoutLine: {'line': b'-- Up-to-date symlink: /home/hornet/Desktop/pathfollowingbot/install/mobile_robot/share/mobile_robot/model/.venv/lib64/python3.12/site-packages/pip/_vendor/requests/hooks.py\n'}
[0.269527] (mobile_robot) StdoutLine: {'line': b'-- Up-to-date symlink: /home/hornet/Desktop/pathfollowingbot/install/mobile_robot/share/mobile_robot/model/.venv/lib64/python3.12/site-packages/pip/_vendor/requests/models.py\n'}
[0.269561] (mobile_robot) StdoutLine: {'line': b'-- Up-to-date symlink: /home/hornet/Desktop/pathfollowingbot/install/mobile_robot/share/mobile_robot/model/.venv/lib64/python3.12/site-packages/pip/_vendor/requests/packages.py\n'}
[0.269603] (mobile_robot) StdoutLine: {'line': b'-- Up-to-date symlink: /home/hornet/Desktop/pathfollowingbot/install/mobile_robot/share/mobile_robot/model/.venv/lib64/python3.12/site-packages/pip/_vendor/requests/sessions.py\n'}
[0.269647] (mobile_robot) StdoutLine: {'line': b'-- Up-to-date symlink: /home/hornet/Desktop/pathfollowingbot/install/mobile_robot/share/mobile_robot/model/.venv/lib64/python3.12/site-packages/pip/_vendor/requests/status_codes.py\n'}
[0.269685] (mobile_robot) StdoutLine: {'line': b'-- Up-to-date symlink: /home/hornet/Desktop/pathfollowingbot/install/mobile_robot/share/mobile_robot/model/.venv/lib64/python3.12/site-packages/pip/_vendor/requests/structures.py\n'}
[0.269721] (mobile_robot) StdoutLine: {'line': b'-- Up-to-date symlink: /home/hornet/Desktop/pathfollowingbot/install/mobile_robot/share/mobile_robot/model/.venv/lib64/python3.12/site-packages/pip/_vendor/requests/utils.py\n'}
[0.269761] (mobile_robot) StdoutLine: {'line': b'-- Up-to-date symlink: /home/hornet/Desktop/pathfollowingbot/install/mobile_robot/share/mobile_robot/model/.venv/lib64/python3.12/site-packages/pip/_vendor/resolvelib/LICENSE\n'}
[0.269797] (mobile_robot) StdoutLine: {'line': b'-- Up-to-date symlink: /home/hornet/Desktop/pathfollowingbot/install/mobile_robot/share/mobile_robot/model/.venv/lib64/python3.12/site-packages/pip/_vendor/resolvelib/__init__.py\n'}
[0.269833] (mobile_robot) StdoutLine: {'line': b'-- Up-to-date symlink: /home/hornet/Desktop/pathfollowingbot/install/mobile_robot/share/mobile_robot/model/.venv/lib64/python3.12/site-packages/pip/_vendor/resolvelib/__pycache__/__init__.cpython-312.pyc\n'}
[0.269870] (mobile_robot) StdoutLine: {'line': b'-- Up-to-date symlink: /home/hornet/Desktop/pathfollowingbot/install/mobile_robot/share/mobile_robot/model/.venv/lib64/python3.12/site-packages/pip/_vendor/resolvelib/__pycache__/providers.cpython-312.pyc\n'}
[0.269906] (mobile_robot) StdoutLine: {'line': b'-- Up-to-date symlink: /home/hornet/Desktop/pathfollowingbot/install/mobile_robot/share/mobile_robot/model/.venv/lib64/python3.12/site-packages/pip/_vendor/resolvelib/__pycache__/reporters.cpython-312.pyc\n'}
[0.269940] (mobile_robot) StdoutLine: {'line': b'-- Up-to-date symlink: /home/hornet/Desktop/pathfollowingbot/install/mobile_robot/share/mobile_robot/model/.venv/lib64/python3.12/site-packages/pip/_vendor/resolvelib/__pycache__/structs.cpython-312.pyc\n'}
[0.269975] (mobile_robot) StdoutLine: {'line': b'-- Up-to-date symlink: /home/hornet/Desktop/pathfollowingbot/install/mobile_robot/share/mobile_robot/model/.venv/lib64/python3.12/site-packages/pip/_vendor/resolvelib/providers.py\n'}
[0.270008] (mobile_robot) StdoutLine: {'line': b'-- Up-to-date symlink: /home/hornet/Desktop/pathfollowingbot/install/mobile_robot/share/mobile_robot/model/.venv/lib64/python3.12/site-packages/pip/_vendor/resolvelib/py.typed\n'}
[0.270044] (mobile_robot) StdoutLine: {'line': b'-- Up-to-date symlink: /home/hornet/Desktop/pathfollowingbot/install/mobile_robot/share/mobile_robot/model/.venv/lib64/python3.12/site-packages/pip/_vendor/resolvelib/reporters.py\n'}
[0.270092] (mobile_robot) StdoutLine: {'line': b'-- Up-to-date symlink: /home/hornet/Desktop/pathfollowingbot/install/mobile_robot/share/mobile_robot/model/.venv/lib64/python3.12/site-packages/pip/_vendor/resolvelib/resolvers/__init__.py\n'}
[0.270129] (mobile_robot) StdoutLine: {'line': b'-- Up-to-date symlink: /home/hornet/Desktop/pathfollowingbot/install/mobile_robot/share/mobile_robot/model/.venv/lib64/python3.12/site-packages/pip/_vendor/resolvelib/resolvers/__pycache__/__init__.cpython-312.pyc\n'}
[0.270166] (mobile_robot) StdoutLine: {'line': b'-- Up-to-date symlink: /home/hornet/Desktop/pathfollowingbot/install/mobile_robot/share/mobile_robot/model/.venv/lib64/python3.12/site-packages/pip/_vendor/resolvelib/resolvers/__pycache__/abstract.cpython-312.pyc\n'}
[0.270201] (mobile_robot) StdoutLine: {'line': b'-- Up-to-date symlink: /home/hornet/Desktop/pathfollowingbot/install/mobile_robot/share/mobile_robot/model/.venv/lib64/python3.12/site-packages/pip/_vendor/resolvelib/resolvers/__pycache__/criterion.cpython-312.pyc\n'}
[0.270236] (mobile_robot) StdoutLine: {'line': b'-- Up-to-date symlink: /home/hornet/Desktop/pathfollowingbot/install/mobile_robot/share/mobile_robot/model/.venv/lib64/python3.12/site-packages/pip/_vendor/resolvelib/resolvers/__pycache__/exceptions.cpython-312.pyc\n'}
[0.270271] (mobile_robot) StdoutLine: {'line': b'-- Up-to-date symlink: /home/hornet/Desktop/pathfollowingbot/install/mobile_robot/share/mobile_robot/model/.venv/lib64/python3.12/site-packages/pip/_vendor/resolvelib/resolvers/__pycache__/resolution.cpython-312.pyc\n'}
[0.270316] (mobile_robot) StdoutLine: {'line': b'-- Up-to-date symlink: /home/hornet/Desktop/pathfollowingbot/install/mobile_robot/share/mobile_robot/model/.venv/lib64/python3.12/site-packages/pip/_vendor/resolvelib/resolvers/abstract.py\n'}
[0.270355] (mobile_robot) StdoutLine: {'line': b'-- Up-to-date symlink: /home/hornet/Desktop/pathfollowingbot/install/mobile_robot/share/mobile_robot/model/.venv/lib64/python3.12/site-packages/pip/_vendor/resolvelib/resolvers/criterion.py\n'}
[0.270401] (mobile_robot) StdoutLine: {'line': b'-- Up-to-date symlink: /home/hornet/Desktop/pathfollowingbot/install/mobile_robot/share/mobile_robot/model/.venv/lib64/python3.12/site-packages/pip/_vendor/resolvelib/resolvers/exceptions.py\n'}
[0.270434] (mobile_robot) StdoutLine: {'line': b'-- Up-to-date symlink: /home/hornet/Desktop/pathfollowingbot/install/mobile_robot/share/mobile_robot/model/.venv/lib64/python3.12/site-packages/pip/_vendor/resolvelib/resolvers/resolution.py\n'}
[0.270469] (mobile_robot) StdoutLine: {'line': b'-- Up-to-date symlink: /home/hornet/Desktop/pathfollowingbot/install/mobile_robot/share/mobile_robot/model/.venv/lib64/python3.12/site-packages/pip/_vendor/resolvelib/structs.py\n'}
[0.270504] (mobile_robot) StdoutLine: {'line': b'-- Up-to-date symlink: /home/hornet/Desktop/pathfollowingbot/install/mobile_robot/share/mobile_robot/model/.venv/lib64/python3.12/site-packages/pip/_vendor/rich/LICENSE\n'}
[0.270540] (mobile_robot) StdoutLine: {'line': b'-- Up-to-date symlink: /home/hornet/Desktop/pathfollowingbot/install/mobile_robot/share/mobile_robot/model/.venv/lib64/python3.12/site-packages/pip/_vendor/rich/__init__.py\n'}
[0.270575] (mobile_robot) StdoutLine: {'line': b'-- Up-to-date symlink: /home/hornet/Desktop/pathfollowingbot/install/mobile_robot/share/mobile_robot/model/.venv/lib64/python3.12/site-packages/pip/_vendor/rich/__main__.py\n'}
[0.270608] (mobile_robot) StdoutLine: {'line': b'-- Up-to-date symlink: /home/hornet/Desktop/pathfollowingbot/install/mobile_robot/share/mobile_robot/model/.venv/lib64/python3.12/site-packages/pip/_vendor/rich/__pycache__/__init__.cpython-312.pyc\n'}
[0.270644] (mobile_robot) StdoutLine: {'line': b'-- Up-to-date symlink: /home/hornet/Desktop/pathfollowingbot/install/mobile_robot/share/mobile_robot/model/.venv/lib64/python3.12/site-packages/pip/_vendor/rich/__pycache__/__main__.cpython-312.pyc\n'}
[0.270685] (mobile_robot) StdoutLine: {'line': b'-- Up-to-date symlink: /home/hornet/Desktop/pathfollowingbot/install/mobile_robot/share/mobile_robot/model/.venv/lib64/python3.12/site-packages/pip/_vendor/rich/__pycache__/_cell_widths.cpython-312.pyc\n'}
[0.270720] (mobile_robot) StdoutLine: {'line': b'-- Up-to-date symlink: /home/hornet/Desktop/pathfollowingbot/install/mobile_robot/share/mobile_robot/model/.venv/lib64/python3.12/site-packages/pip/_vendor/rich/__pycache__/_emoji_codes.cpython-312.pyc\n'}
[0.270754] (mobile_robot) StdoutLine: {'line': b'-- Up-to-date symlink: /home/hornet/Desktop/pathfollowingbot/install/mobile_robot/share/mobile_robot/model/.venv/lib64/python3.12/site-packages/pip/_vendor/rich/__pycache__/_emoji_replace.cpython-312.pyc\n'}
[0.270790] (mobile_robot) StdoutLine: {'line': b'-- Up-to-date symlink: /home/hornet/Desktop/pathfollowingbot/install/mobile_robot/share/mobile_robot/model/.venv/lib64/python3.12/site-packages/pip/_vendor/rich/__pycache__/_export_format.cpython-312.pyc\n'}
[0.270824] (mobile_robot) StdoutLine: {'line': b'-- Up-to-date symlink: /home/hornet/Desktop/pathfollowingbot/install/mobile_robot/share/mobile_robot/model/.venv/lib64/python3.12/site-packages/pip/_vendor/rich/__pycache__/_extension.cpython-312.pyc\n'}
[0.270878] (mobile_robot) StdoutLine: {'line': b'-- Up-to-date symlink: /home/hornet/Desktop/pathfollowingbot/install/mobile_robot/share/mobile_robot/model/.venv/lib64/python3.12/site-packages/pip/_vendor/rich/__pycache__/_fileno.cpython-312.pyc\n'}
[0.270915] (mobile_robot) StdoutLine: {'line': b'-- Up-to-date symlink: /home/hornet/Desktop/pathfollowingbot/install/mobile_robot/share/mobile_robot/model/.venv/lib64/python3.12/site-packages/pip/_vendor/rich/__pycache__/_inspect.cpython-312.pyc\n'}
[0.270951] (mobile_robot) StdoutLine: {'line': b'-- Up-to-date symlink: /home/hornet/Desktop/pathfollowingbot/install/mobile_robot/share/mobile_robot/model/.venv/lib64/python3.12/site-packages/pip/_vendor/rich/__pycache__/_log_render.cpython-312.pyc\n'}
[0.271002] (mobile_robot) StdoutLine: {'line': b'-- Up-to-date symlink: /home/hornet/Desktop/pathfollowingbot/install/mobile_robot/share/mobile_robot/model/.venv/lib64/python3.12/site-packages/pip/_vendor/rich/__pycache__/_loop.cpython-312.pyc\n'}
[0.271037] (mobile_robot) StdoutLine: {'line': b'-- Up-to-date symlink: /home/hornet/Desktop/pathfollowingbot/install/mobile_robot/share/mobile_robot/model/.venv/lib64/python3.12/site-packages/pip/_vendor/rich/__pycache__/_null_file.cpython-312.pyc\n'}
[0.271073] (mobile_robot) StdoutLine: {'line': b'-- Up-to-date symlink: /home/hornet/Desktop/pathfollowingbot/install/mobile_robot/share/mobile_robot/model/.venv/lib64/python3.12/site-packages/pip/_vendor/rich/__pycache__/_palettes.cpython-312.pyc\n'}
[0.271118] (mobile_robot) StdoutLine: {'line': b'-- Up-to-date symlink: /home/hornet/Desktop/pathfollowingbot/install/mobile_robot/share/mobile_robot/model/.venv/lib64/python3.12/site-packages/pip/_vendor/rich/__pycache__/_pick.cpython-312.pyc\n'}
[0.271156] (mobile_robot) StdoutLine: {'line': b'-- Up-to-date symlink: /home/hornet/Desktop/pathfollowingbot/install/mobile_robot/share/mobile_robot/model/.venv/lib64/python3.12/site-packages/pip/_vendor/rich/__pycache__/_ratio.cpython-312.pyc\n'}
[0.271190] (mobile_robot) StdoutLine: {'line': b'-- Up-to-date symlink: /home/hornet/Desktop/pathfollowingbot/install/mobile_robot/share/mobile_robot/model/.venv/lib64/python3.12/site-packages/pip/_vendor/rich/__pycache__/_spinners.cpython-312.pyc\n'}
[0.271226] (mobile_robot) StdoutLine: {'line': b'-- Up-to-date symlink: /home/hornet/Desktop/pathfollowingbot/install/mobile_robot/share/mobile_robot/model/.venv/lib64/python3.12/site-packages/pip/_vendor/rich/__pycache__/_stack.cpython-312.pyc\n'}
[0.271261] (mobile_robot) StdoutLine: {'line': b'-- Up-to-date symlink: /home/hornet/Desktop/pathfollowingbot/install/mobile_robot/share/mobile_robot/model/.venv/lib64/python3.12/site-packages/pip/_vendor/rich/__pycache__/_timer.cpython-312.pyc\n'}
[0.271297] (mobile_robot) StdoutLine: {'line': b'-- Up-to-date symlink: /home/hornet/Desktop/pathfollowingbot/install/mobile_robot/share/mobile_robot/model/.venv/lib64/python3.12/site-packages/pip/_vendor/rich/__pycache__/_win32_console.cpython-312.pyc\n'}
[0.271333] (mobile_robot) StdoutLine: {'line': b'-- Up-to-date symlink: /home/hornet/Desktop/pathfollowingbot/install/mobile_robot/share/mobile_robot/model/.venv/lib64/python3.12/site-packages/pip/_vendor/rich/__pycache__/_windows.cpython-312.pyc\n'}
[0.271368] (mobile_robot) StdoutLine: {'line': b'-- Up-to-date symlink: /home/hornet/Desktop/pathfollowingbot/install/mobile_robot/share/mobile_robot/model/.venv/lib64/python3.12/site-packages/pip/_vendor/rich/__pycache__/_windows_renderer.cpython-312.pyc\n'}
[0.271403] (mobile_robot) StdoutLine: {'line': b'-- Up-to-date symlink: /home/hornet/Desktop/pathfollowingbot/install/mobile_robot/share/mobile_robot/model/.venv/lib64/python3.12/site-packages/pip/_vendor/rich/__pycache__/_wrap.cpython-312.pyc\n'}
[0.271438] (mobile_robot) StdoutLine: {'line': b'-- Up-to-date symlink: /home/hornet/Desktop/pathfollowingbot/install/mobile_robot/share/mobile_robot/model/.venv/lib64/python3.12/site-packages/pip/_vendor/rich/__pycache__/abc.cpython-312.pyc\n'}
[0.271474] (mobile_robot) StdoutLine: {'line': b'-- Up-to-date symlink: /home/hornet/Desktop/pathfollowingbot/install/mobile_robot/share/mobile_robot/model/.venv/lib64/python3.12/site-packages/pip/_vendor/rich/__pycache__/align.cpython-312.pyc\n'}
[0.271510] (mobile_robot) StdoutLine: {'line': b'-- Up-to-date symlink: /home/hornet/Desktop/pathfollowingbot/install/mobile_robot/share/mobile_robot/model/.venv/lib64/python3.12/site-packages/pip/_vendor/rich/__pycache__/ansi.cpython-312.pyc\n'}
[0.271543] (mobile_robot) StdoutLine: {'line': b'-- Up-to-date symlink: /home/hornet/Desktop/pathfollowingbot/install/mobile_robot/share/mobile_robot/model/.venv/lib64/python3.12/site-packages/pip/_vendor/rich/__pycache__/bar.cpython-312.pyc\n'}
[0.271584] (mobile_robot) StdoutLine: {'line': b'-- Up-to-date symlink: /home/hornet/Desktop/pathfollowingbot/install/mobile_robot/share/mobile_robot/model/.venv/lib64/python3.12/site-packages/pip/_vendor/rich/__pycache__/box.cpython-312.pyc\n'}
[0.271619] (mobile_robot) StdoutLine: {'line': b'-- Up-to-date symlink: /home/hornet/Desktop/pathfollowingbot/install/mobile_robot/share/mobile_robot/model/.venv/lib64/python3.12/site-packages/pip/_vendor/rich/__pycache__/cells.cpython-312.pyc\n'}
[0.271671] (mobile_robot) StdoutLine: {'line': b'-- Up-to-date symlink: /home/hornet/Desktop/pathfollowingbot/install/mobile_robot/share/mobile_robot/model/.venv/lib64/python3.12/site-packages/pip/_vendor/rich/__pycache__/color.cpython-312.pyc\n'}
[0.271707] (mobile_robot) StdoutLine: {'line': b'-- Up-to-date symlink: /home/hornet/Desktop/pathfollowingbot/install/mobile_robot/share/mobile_robot/model/.venv/lib64/python3.12/site-packages/pip/_vendor/rich/__pycache__/color_triplet.cpython-312.pyc\n'}
[0.271743] (mobile_robot) StdoutLine: {'line': b'-- Up-to-date symlink: /home/hornet/Desktop/pathfollowingbot/install/mobile_robot/share/mobile_robot/model/.venv/lib64/python3.12/site-packages/pip/_vendor/rich/__pycache__/columns.cpython-312.pyc\n'}
[0.271778] (mobile_robot) StdoutLine: {'line': b'-- Up-to-date symlink: /home/hornet/Desktop/pathfollowingbot/install/mobile_robot/share/mobile_robot/model/.venv/lib64/python3.12/site-packages/pip/_vendor/rich/__pycache__/console.cpython-312.pyc\n'}
[0.271813] (mobile_robot) StdoutLine: {'line': b'-- Up-to-date symlink: /home/hornet/Desktop/pathfollowingbot/install/mobile_robot/share/mobile_robot/model/.venv/lib64/python3.12/site-packages/pip/_vendor/rich/__pycache__/constrain.cpython-312.pyc\n'}
[0.271859] (mobile_robot) StdoutLine: {'line': b'-- Up-to-date symlink: /home/hornet/Desktop/pathfollowingbot/install/mobile_robot/share/mobile_robot/model/.venv/lib64/python3.12/site-packages/pip/_vendor/rich/__pycache__/containers.cpython-312.pyc\n'}
[0.271902] (mobile_robot) StdoutLine: {'line': b'-- Up-to-date symlink: /home/hornet/Desktop/pathfollowingbot/install/mobile_robot/share/mobile_robot/model/.venv/lib64/python3.12/site-packages/pip/_vendor/rich/__pycache__/control.cpython-312.pyc\n'}
[0.271941] (mobile_robot) StdoutLine: {'line': b'-- Up-to-date symlink: /home/hornet/Desktop/pathfollowingbot/install/mobile_robot/share/mobile_robot/model/.venv/lib64/python3.12/site-packages/pip/_vendor/rich/__pycache__/default_styles.cpython-312.pyc\n'}
[0.271978] (mobile_robot) StdoutLine: {'line': b'-- Up-to-date symlink: /home/hornet/Desktop/pathfollowingbot/install/mobile_robot/share/mobile_robot/model/.venv/lib64/python3.12/site-packages/pip/_vendor/rich/__pycache__/diagnose.cpython-312.pyc\n'}
[0.272013] (mobile_robot) StdoutLine: {'line': b'-- Up-to-date symlink: /home/hornet/Desktop/pathfollowingbot/install/mobile_robot/share/mobile_robot/model/.venv/lib64/python3.12/site-packages/pip/_vendor/rich/__pycache__/emoji.cpython-312.pyc\n'}
[0.272050] (mobile_robot) StdoutLine: {'line': b'-- Up-to-date symlink: /home/hornet/Desktop/pathfollowingbot/install/mobile_robot/share/mobile_robot/model/.venv/lib64/python3.12/site-packages/pip/_vendor/rich/__pycache__/errors.cpython-312.pyc\n'}
[0.272085] (mobile_robot) StdoutLine: {'line': b'-- Up-to-date symlink: /home/hornet/Desktop/pathfollowingbot/install/mobile_robot/share/mobile_robot/model/.venv/lib64/python3.12/site-packages/pip/_vendor/rich/__pycache__/file_proxy.cpython-312.pyc\n'}
[0.272129] (mobile_robot) StdoutLine: {'line': b'-- Up-to-date symlink: /home/hornet/Desktop/pathfollowingbot/install/mobile_robot/share/mobile_robot/model/.venv/lib64/python3.12/site-packages/pip/_vendor/rich/__pycache__/filesize.cpython-312.pyc\n'}
[0.272164] (mobile_robot) StdoutLine: {'line': b'-- Up-to-date symlink: /home/hornet/Desktop/pathfollowingbot/install/mobile_robot/share/mobile_robot/model/.venv/lib64/python3.12/site-packages/pip/_vendor/rich/__pycache__/highlighter.cpython-312.pyc\n'}
[0.272198] (mobile_robot) StdoutLine: {'line': b'-- Up-to-date symlink: /home/hornet/Desktop/pathfollowingbot/install/mobile_robot/share/mobile_robot/model/.venv/lib64/python3.12/site-packages/pip/_vendor/rich/__pycache__/json.cpython-312.pyc\n'}
[0.272246] (mobile_robot) StdoutLine: {'line': b'-- Up-to-date symlink: /home/hornet/Desktop/pathfollowingbot/install/mobile_robot/share/mobile_robot/model/.venv/lib64/python3.12/site-packages/pip/_vendor/rich/__pycache__/jupyter.cpython-312.pyc\n'}
[0.272281] (mobile_robot) StdoutLine: {'line': b'-- Up-to-date symlink: /home/hornet/Desktop/pathfollowingbot/install/mobile_robot/share/mobile_robot/model/.venv/lib64/python3.12/site-packages/pip/_vendor/rich/__pycache__/layout.cpython-312.pyc\n'}
[0.272315] (mobile_robot) StdoutLine: {'line': b'-- Up-to-date symlink: /home/hornet/Desktop/pathfollowingbot/install/mobile_robot/share/mobile_robot/model/.venv/lib64/python3.12/site-packages/pip/_vendor/rich/__pycache__/live.cpython-312.pyc\n'}
[0.272349] (mobile_robot) StdoutLine: {'line': b'-- Up-to-date symlink: /home/hornet/Desktop/pathfollowingbot/install/mobile_robot/share/mobile_robot/model/.venv/lib64/python3.12/site-packages/pip/_vendor/rich/__pycache__/live_render.cpython-312.pyc\n'}
[0.272382] (mobile_robot) StdoutLine: {'line': b'-- Up-to-date symlink: /home/hornet/Desktop/pathfollowingbot/install/mobile_robot/share/mobile_robot/model/.venv/lib64/python3.12/site-packages/pip/_vendor/rich/__pycache__/logging.cpython-312.pyc\n'}
[0.272427] (mobile_robot) StdoutLine: {'line': b'-- Up-to-date symlink: /home/hornet/Desktop/pathfollowingbot/install/mobile_robot/share/mobile_robot/model/.venv/lib64/python3.12/site-packages/pip/_vendor/rich/__pycache__/markup.cpython-312.pyc\n'}
[0.272461] (mobile_robot) StdoutLine: {'line': b'-- Up-to-date symlink: /home/hornet/Desktop/pathfollowingbot/install/mobile_robot/share/mobile_robot/model/.venv/lib64/python3.12/site-packages/pip/_vendor/rich/__pycache__/measure.cpython-312.pyc\n'}
[0.272496] (mobile_robot) StdoutLine: {'line': b'-- Up-to-date symlink: /home/hornet/Desktop/pathfollowingbot/install/mobile_robot/share/mobile_robot/model/.venv/lib64/python3.12/site-packages/pip/_vendor/rich/__pycache__/padding.cpython-312.pyc\n'}
[0.272530] (mobile_robot) StdoutLine: {'line': b'-- Up-to-date symlink: /home/hornet/Desktop/pathfollowingbot/install/mobile_robot/share/mobile_robot/model/.venv/lib64/python3.12/site-packages/pip/_vendor/rich/__pycache__/pager.cpython-312.pyc\n'}
[0.272565] (mobile_robot) StdoutLine: {'line': b'-- Up-to-date symlink: /home/hornet/Desktop/pathfollowingbot/install/mobile_robot/share/mobile_robot/model/.venv/lib64/python3.12/site-packages/pip/_vendor/rich/__pycache__/palette.cpython-312.pyc\n'}
[0.272599] (mobile_robot) StdoutLine: {'line': b'-- Up-to-date symlink: /home/hornet/Desktop/pathfollowingbot/install/mobile_robot/share/mobile_robot/model/.venv/lib64/python3.12/site-packages/pip/_vendor/rich/__pycache__/panel.cpython-312.pyc\n'}
[0.272645] (mobile_robot) StdoutLine: {'line': b'-- Up-to-date symlink: /home/hornet/Desktop/pathfollowingbot/install/mobile_robot/share/mobile_robot/model/.venv/lib64/python3.12/site-packages/pip/_vendor/rich/__pycache__/pretty.cpython-312.pyc\n'}
[0.272685] (mobile_robot) StdoutLine: {'line': b'-- Up-to-date symlink: /home/hornet/Desktop/pathfollowingbot/install/mobile_robot/share/mobile_robot/model/.venv/lib64/python3.12/site-packages/pip/_vendor/rich/__pycache__/progress.cpython-312.pyc\n'}
[0.272720] (mobile_robot) StdoutLine: {'line': b'-- Up-to-date symlink: /home/hornet/Desktop/pathfollowingbot/install/mobile_robot/share/mobile_robot/model/.venv/lib64/python3.12/site-packages/pip/_vendor/rich/__pycache__/progress_bar.cpython-312.pyc\n'}
[0.272755] (mobile_robot) StdoutLine: {'line': b'-- Up-to-date symlink: /home/hornet/Desktop/pathfollowingbot/install/mobile_robot/share/mobile_robot/model/.venv/lib64/python3.12/site-packages/pip/_vendor/rich/__pycache__/prompt.cpython-312.pyc\n'}
[0.272790] (mobile_robot) StdoutLine: {'line': b'-- Up-to-date symlink: /home/hornet/Desktop/pathfollowingbot/install/mobile_robot/share/mobile_robot/model/.venv/lib64/python3.12/site-packages/pip/_vendor/rich/__pycache__/protocol.cpython-312.pyc\n'}
[0.272835] (mobile_robot) StdoutLine: {'line': b'-- Up-to-date symlink: /home/hornet/Desktop/pathfollowingbot/install/mobile_robot/share/mobile_robot/model/.venv/lib64/python3.12/site-packages/pip/_vendor/rich/__pycache__/region.cpython-312.pyc\n'}
[0.272870] (mobile_robot) StdoutLine: {'line': b'-- Up-to-date symlink: /home/hornet/Desktop/pathfollowingbot/install/mobile_robot/share/mobile_robot/model/.venv/lib64/python3.12/site-packages/pip/_vendor/rich/__pycache__/repr.cpython-312.pyc\n'}
[0.272907] (mobile_robot) StdoutLine: {'line': b'-- Up-to-date symlink: /home/hornet/Desktop/pathfollowingbot/install/mobile_robot/share/mobile_robot/model/.venv/lib64/python3.12/site-packages/pip/_vendor/rich/__pycache__/rule.cpython-312.pyc\n'}
[0.272941] (mobile_robot) StdoutLine: {'line': b'-- Up-to-date symlink: /home/hornet/Desktop/pathfollowingbot/install/mobile_robot/share/mobile_robot/model/.venv/lib64/python3.12/site-packages/pip/_vendor/rich/__pycache__/scope.cpython-312.pyc\n'}
[0.272986] (mobile_robot) StdoutLine: {'line': b'-- Up-to-date symlink: /home/hornet/Desktop/pathfollowingbot/install/mobile_robot/share/mobile_robot/model/.venv/lib64/python3.12/site-packages/pip/_vendor/rich/__pycache__/screen.cpython-312.pyc\n'}
[0.273020] (mobile_robot) StdoutLine: {'line': b'-- Up-to-date symlink: /home/hornet/Desktop/pathfollowingbot/install/mobile_robot/share/mobile_robot/model/.venv/lib64/python3.12/site-packages/pip/_vendor/rich/__pycache__/segment.cpython-312.pyc\n'}
[0.273054] (mobile_robot) StdoutLine: {'line': b'-- Up-to-date symlink: /home/hornet/Desktop/pathfollowingbot/install/mobile_robot/share/mobile_robot/model/.venv/lib64/python3.12/site-packages/pip/_vendor/rich/__pycache__/spinner.cpython-312.pyc\n'}
[0.273088] (mobile_robot) StdoutLine: {'line': b'-- Up-to-date symlink: /home/hornet/Desktop/pathfollowingbot/install/mobile_robot/share/mobile_robot/model/.venv/lib64/python3.12/site-packages/pip/_vendor/rich/__pycache__/status.cpython-312.pyc\n'}
[0.273122] (mobile_robot) StdoutLine: {'line': b'-- Up-to-date symlink: /home/hornet/Desktop/pathfollowingbot/install/mobile_robot/share/mobile_robot/model/.venv/lib64/python3.12/site-packages/pip/_vendor/rich/__pycache__/style.cpython-312.pyc\n'}
[0.273166] (mobile_robot) StdoutLine: {'line': b'-- Up-to-date symlink: /home/hornet/Desktop/pathfollowingbot/install/mobile_robot/share/mobile_robot/model/.venv/lib64/python3.12/site-packages/pip/_vendor/rich/__pycache__/styled.cpython-312.pyc\n'}
[0.273201] (mobile_robot) StdoutLine: {'line': b'-- Up-to-date symlink: /home/hornet/Desktop/pathfollowingbot/install/mobile_robot/share/mobile_robot/model/.venv/lib64/python3.12/site-packages/pip/_vendor/rich/__pycache__/syntax.cpython-312.pyc\n'}
[0.273250] (mobile_robot) StdoutLine: {'line': b'-- Up-to-date symlink: /home/hornet/Desktop/pathfollowingbot/install/mobile_robot/share/mobile_robot/model/.venv/lib64/python3.12/site-packages/pip/_vendor/rich/__pycache__/table.cpython-312.pyc\n'}
[0.273285] (mobile_robot) StdoutLine: {'line': b'-- Up-to-date symlink: /home/hornet/Desktop/pathfollowingbot/install/mobile_robot/share/mobile_robot/model/.venv/lib64/python3.12/site-packages/pip/_vendor/rich/__pycache__/terminal_theme.cpython-312.pyc\n'}
[0.273331] (mobile_robot) StdoutLine: {'line': b'-- Up-to-date symlink: /home/hornet/Desktop/pathfollowingbot/install/mobile_robot/share/mobile_robot/model/.venv/lib64/python3.12/site-packages/pip/_vendor/rich/__pycache__/text.cpython-312.pyc\n'}
[0.273365] (mobile_robot) StdoutLine: {'line': b'-- Up-to-date symlink: /home/hornet/Desktop/pathfollowingbot/install/mobile_robot/share/mobile_robot/model/.venv/lib64/python3.12/site-packages/pip/_vendor/rich/__pycache__/theme.cpython-312.pyc\n'}
[0.273405] (mobile_robot) StdoutLine: {'line': b'-- Up-to-date symlink: /home/hornet/Desktop/pathfollowingbot/install/mobile_robot/share/mobile_robot/model/.venv/lib64/python3.12/site-packages/pip/_vendor/rich/__pycache__/themes.cpython-312.pyc\n'}
[0.273439] (mobile_robot) StdoutLine: {'line': b'-- Up-to-date symlink: /home/hornet/Desktop/pathfollowingbot/install/mobile_robot/share/mobile_robot/model/.venv/lib64/python3.12/site-packages/pip/_vendor/rich/__pycache__/traceback.cpython-312.pyc\n'}
[0.273479] (mobile_robot) StdoutLine: {'line': b'-- Up-to-date symlink: /home/hornet/Desktop/pathfollowingbot/install/mobile_robot/share/mobile_robot/model/.venv/lib64/python3.12/site-packages/pip/_vendor/rich/__pycache__/tree.cpython-312.pyc\n'}
[0.273513] (mobile_robot) StdoutLine: {'line': b'-- Up-to-date symlink: /home/hornet/Desktop/pathfollowingbot/install/mobile_robot/share/mobile_robot/model/.venv/lib64/python3.12/site-packages/pip/_vendor/rich/_cell_widths.py\n'}
[0.273547] (mobile_robot) StdoutLine: {'line': b'-- Up-to-date symlink: /home/hornet/Desktop/pathfollowingbot/install/mobile_robot/share/mobile_robot/model/.venv/lib64/python3.12/site-packages/pip/_vendor/rich/_emoji_codes.py\n'}
[0.273582] (mobile_robot) StdoutLine: {'line': b'-- Up-to-date symlink: /home/hornet/Desktop/pathfollowingbot/install/mobile_robot/share/mobile_robot/model/.venv/lib64/python3.12/site-packages/pip/_vendor/rich/_emoji_replace.py\n'}
[0.273616] (mobile_robot) StdoutLine: {'line': b'-- Up-to-date symlink: /home/hornet/Desktop/pathfollowingbot/install/mobile_robot/share/mobile_robot/model/.venv/lib64/python3.12/site-packages/pip/_vendor/rich/_export_format.py\n'}
[0.273658] (mobile_robot) StdoutLine: {'line': b'-- Up-to-date symlink: /home/hornet/Desktop/pathfollowingbot/install/mobile_robot/share/mobile_robot/model/.venv/lib64/python3.12/site-packages/pip/_vendor/rich/_extension.py\n'}
[0.273710] (mobile_robot) StdoutLine: {'line': b'-- Up-to-date symlink: /home/hornet/Desktop/pathfollowingbot/install/mobile_robot/share/mobile_robot/model/.venv/lib64/python3.12/site-packages/pip/_vendor/rich/_fileno.py\n'}
[0.273761] (mobile_robot) StdoutLine: {'line': b'-- Up-to-date symlink: /home/hornet/Desktop/pathfollowingbot/install/mobile_robot/share/mobile_robot/model/.venv/lib64/python3.12/site-packages/pip/_vendor/rich/_inspect.py\n'}
[0.273803] (mobile_robot) StdoutLine: {'line': b'-- Up-to-date symlink: /home/hornet/Desktop/pathfollowingbot/install/mobile_robot/share/mobile_robot/model/.venv/lib64/python3.12/site-packages/pip/_vendor/rich/_log_render.py\n'}
[0.273837] (mobile_robot) StdoutLine: {'line': b'-- Up-to-date symlink: /home/hornet/Desktop/pathfollowingbot/install/mobile_robot/share/mobile_robot/model/.venv/lib64/python3.12/site-packages/pip/_vendor/rich/_loop.py\n'}
[0.273873] (mobile_robot) StdoutLine: {'line': b'-- Up-to-date symlink: /home/hornet/Desktop/pathfollowingbot/install/mobile_robot/share/mobile_robot/model/.venv/lib64/python3.12/site-packages/pip/_vendor/rich/_null_file.py\n'}
[0.273907] (mobile_robot) StdoutLine: {'line': b'-- Up-to-date symlink: /home/hornet/Desktop/pathfollowingbot/install/mobile_robot/share/mobile_robot/model/.venv/lib64/python3.12/site-packages/pip/_vendor/rich/_palettes.py\n'}
[0.273952] (mobile_robot) StdoutLine: {'line': b'-- Up-to-date symlink: /home/hornet/Desktop/pathfollowingbot/install/mobile_robot/share/mobile_robot/model/.venv/lib64/python3.12/site-packages/pip/_vendor/rich/_pick.py\n'}
[0.274004] (mobile_robot) StdoutLine: {'line': b'-- Up-to-date symlink: /home/hornet/Desktop/pathfollowingbot/install/mobile_robot/share/mobile_robot/model/.venv/lib64/python3.12/site-packages/pip/_vendor/rich/_ratio.py\n'}
[0.274040] (mobile_robot) StdoutLine: {'line': b'-- Up-to-date symlink: /home/hornet/Desktop/pathfollowingbot/install/mobile_robot/share/mobile_robot/model/.venv/lib64/python3.12/site-packages/pip/_vendor/rich/_spinners.py\n'}
[0.274074] (mobile_robot) StdoutLine: {'line': b'-- Up-to-date symlink: /home/hornet/Desktop/pathfollowingbot/install/mobile_robot/share/mobile_robot/model/.venv/lib64/python3.12/site-packages/pip/_vendor/rich/_stack.py\n'}
[0.274114] (mobile_robot) StdoutLine: {'line': b'-- Up-to-date symlink: /home/hornet/Desktop/pathfollowingbot/install/mobile_robot/share/mobile_robot/model/.venv/lib64/python3.12/site-packages/pip/_vendor/rich/_timer.py\n'}
[0.274154] (mobile_robot) StdoutLine: {'line': b'-- Up-to-date symlink: /home/hornet/Desktop/pathfollowingbot/install/mobile_robot/share/mobile_robot/model/.venv/lib64/python3.12/site-packages/pip/_vendor/rich/_win32_console.py\n'}
[0.274197] (mobile_robot) StdoutLine: {'line': b'-- Up-to-date symlink: /home/hornet/Desktop/pathfollowingbot/install/mobile_robot/share/mobile_robot/model/.venv/lib64/python3.12/site-packages/pip/_vendor/rich/_windows.py\n'}
[0.274241] (mobile_robot) StdoutLine: {'line': b'-- Up-to-date symlink: /home/hornet/Desktop/pathfollowingbot/install/mobile_robot/share/mobile_robot/model/.venv/lib64/python3.12/site-packages/pip/_vendor/rich/_windows_renderer.py\n'}
[0.274283] (mobile_robot) StdoutLine: {'line': b'-- Up-to-date symlink: /home/hornet/Desktop/pathfollowingbot/install/mobile_robot/share/mobile_robot/model/.venv/lib64/python3.12/site-packages/pip/_vendor/rich/_wrap.py\n'}
[0.274338] (mobile_robot) StdoutLine: {'line': b'-- Up-to-date symlink: /home/hornet/Desktop/pathfollowingbot/install/mobile_robot/share/mobile_robot/model/.venv/lib64/python3.12/site-packages/pip/_vendor/rich/abc.py\n'}
[0.274394] (mobile_robot) StdoutLine: {'line': b'-- Up-to-date symlink: /home/hornet/Desktop/pathfollowingbot/install/mobile_robot/share/mobile_robot/model/.venv/lib64/python3.12/site-packages/pip/_vendor/rich/align.py\n'}
[0.274449] (mobile_robot) StdoutLine: {'line': b'-- Up-to-date symlink: /home/hornet/Desktop/pathfollowingbot/install/mobile_robot/share/mobile_robot/model/.venv/lib64/python3.12/site-packages/pip/_vendor/rich/ansi.py\n'}
[0.274505] (mobile_robot) StdoutLine: {'line': b'-- Up-to-date symlink: /home/hornet/Desktop/pathfollowingbot/install/mobile_robot/share/mobile_robot/model/.venv/lib64/python3.12/site-packages/pip/_vendor/rich/bar.py\n'}
[0.274561] (mobile_robot) StdoutLine: {'line': b'-- Up-to-date symlink: /home/hornet/Desktop/pathfollowingbot/install/mobile_robot/share/mobile_robot/model/.venv/lib64/python3.12/site-packages/pip/_vendor/rich/box.py\n'}
[0.274615] (mobile_robot) StdoutLine: {'line': b'-- Up-to-date symlink: /home/hornet/Desktop/pathfollowingbot/install/mobile_robot/share/mobile_robot/model/.venv/lib64/python3.12/site-packages/pip/_vendor/rich/cells.py\n'}
[0.274673] (mobile_robot) StdoutLine: {'line': b'-- Up-to-date symlink: /home/hornet/Desktop/pathfollowingbot/install/mobile_robot/share/mobile_robot/model/.venv/lib64/python3.12/site-packages/pip/_vendor/rich/color.py\n'}
[0.274729] (mobile_robot) StdoutLine: {'line': b'-- Up-to-date symlink: /home/hornet/Desktop/pathfollowingbot/install/mobile_robot/share/mobile_robot/model/.venv/lib64/python3.12/site-packages/pip/_vendor/rich/color_triplet.py\n'}
[0.274784] (mobile_robot) StdoutLine: {'line': b'-- Up-to-date symlink: /home/hornet/Desktop/pathfollowingbot/install/mobile_robot/share/mobile_robot/model/.venv/lib64/python3.12/site-packages/pip/_vendor/rich/columns.py\n'}
[0.274838] (mobile_robot) StdoutLine: {'line': b'-- Up-to-date symlink: /home/hornet/Desktop/pathfollowingbot/install/mobile_robot/share/mobile_robot/model/.venv/lib64/python3.12/site-packages/pip/_vendor/rich/console.py\n'}
[0.274894] (mobile_robot) StdoutLine: {'line': b'-- Up-to-date symlink: /home/hornet/Desktop/pathfollowingbot/install/mobile_robot/share/mobile_robot/model/.venv/lib64/python3.12/site-packages/pip/_vendor/rich/constrain.py\n'}
[0.274949] (mobile_robot) StdoutLine: {'line': b'-- Up-to-date symlink: /home/hornet/Desktop/pathfollowingbot/install/mobile_robot/share/mobile_robot/model/.venv/lib64/python3.12/site-packages/pip/_vendor/rich/containers.py\n'}
[0.275004] (mobile_robot) StdoutLine: {'line': b'-- Up-to-date symlink: /home/hornet/Desktop/pathfollowingbot/install/mobile_robot/share/mobile_robot/model/.venv/lib64/python3.12/site-packages/pip/_vendor/rich/control.py\n'}
[0.275060] (mobile_robot) StdoutLine: {'line': b'-- Up-to-date symlink: /home/hornet/Desktop/pathfollowingbot/install/mobile_robot/share/mobile_robot/model/.venv/lib64/python3.12/site-packages/pip/_vendor/rich/default_styles.py\n'}
[0.275115] (mobile_robot) StdoutLine: {'line': b'-- Up-to-date symlink: /home/hornet/Desktop/pathfollowingbot/install/mobile_robot/share/mobile_robot/model/.venv/lib64/python3.12/site-packages/pip/_vendor/rich/diagnose.py\n'}
[0.275171] (mobile_robot) StdoutLine: {'line': b'-- Up-to-date symlink: /home/hornet/Desktop/pathfollowingbot/install/mobile_robot/share/mobile_robot/model/.venv/lib64/python3.12/site-packages/pip/_vendor/rich/emoji.py\n'}
[0.275225] (mobile_robot) StdoutLine: {'line': b'-- Up-to-date symlink: /home/hornet/Desktop/pathfollowingbot/install/mobile_robot/share/mobile_robot/model/.venv/lib64/python3.12/site-packages/pip/_vendor/rich/errors.py\n'}
[0.275281] (mobile_robot) StdoutLine: {'line': b'-- Up-to-date symlink: /home/hornet/Desktop/pathfollowingbot/install/mobile_robot/share/mobile_robot/model/.venv/lib64/python3.12/site-packages/pip/_vendor/rich/file_proxy.py\n'}
[0.275336] (mobile_robot) StdoutLine: {'line': b'-- Up-to-date symlink: /home/hornet/Desktop/pathfollowingbot/install/mobile_robot/share/mobile_robot/model/.venv/lib64/python3.12/site-packages/pip/_vendor/rich/filesize.py\n'}
[0.275391] (mobile_robot) StdoutLine: {'line': b'-- Up-to-date symlink: /home/hornet/Desktop/pathfollowingbot/install/mobile_robot/share/mobile_robot/model/.venv/lib64/python3.12/site-packages/pip/_vendor/rich/highlighter.py\n'}
[0.275446] (mobile_robot) StdoutLine: {'line': b'-- Up-to-date symlink: /home/hornet/Desktop/pathfollowingbot/install/mobile_robot/share/mobile_robot/model/.venv/lib64/python3.12/site-packages/pip/_vendor/rich/json.py\n'}
[0.275500] (mobile_robot) StdoutLine: {'line': b'-- Up-to-date symlink: /home/hornet/Desktop/pathfollowingbot/install/mobile_robot/share/mobile_robot/model/.venv/lib64/python3.12/site-packages/pip/_vendor/rich/jupyter.py\n'}
[0.275556] (mobile_robot) StdoutLine: {'line': b'-- Up-to-date symlink: /home/hornet/Desktop/pathfollowingbot/install/mobile_robot/share/mobile_robot/model/.venv/lib64/python3.12/site-packages/pip/_vendor/rich/layout.py\n'}
[0.275610] (mobile_robot) StdoutLine: {'line': b'-- Up-to-date symlink: /home/hornet/Desktop/pathfollowingbot/install/mobile_robot/share/mobile_robot/model/.venv/lib64/python3.12/site-packages/pip/_vendor/rich/live.py\n'}
[0.275667] (mobile_robot) StdoutLine: {'line': b'-- Up-to-date symlink: /home/hornet/Desktop/pathfollowingbot/install/mobile_robot/share/mobile_robot/model/.venv/lib64/python3.12/site-packages/pip/_vendor/rich/live_render.py\n'}
[0.275722] (mobile_robot) StdoutLine: {'line': b'-- Up-to-date symlink: /home/hornet/Desktop/pathfollowingbot/install/mobile_robot/share/mobile_robot/model/.venv/lib64/python3.12/site-packages/pip/_vendor/rich/logging.py\n'}
[0.275777] (mobile_robot) StdoutLine: {'line': b'-- Up-to-date symlink: /home/hornet/Desktop/pathfollowingbot/install/mobile_robot/share/mobile_robot/model/.venv/lib64/python3.12/site-packages/pip/_vendor/rich/markup.py\n'}
[0.275832] (mobile_robot) StdoutLine: {'line': b'-- Up-to-date symlink: /home/hornet/Desktop/pathfollowingbot/install/mobile_robot/share/mobile_robot/model/.venv/lib64/python3.12/site-packages/pip/_vendor/rich/measure.py\n'}
[0.275886] (mobile_robot) StdoutLine: {'line': b'-- Up-to-date symlink: /home/hornet/Desktop/pathfollowingbot/install/mobile_robot/share/mobile_robot/model/.venv/lib64/python3.12/site-packages/pip/_vendor/rich/padding.py\n'}
[0.275940] (mobile_robot) StdoutLine: {'line': b'-- Up-to-date symlink: /home/hornet/Desktop/pathfollowingbot/install/mobile_robot/share/mobile_robot/model/.venv/lib64/python3.12/site-packages/pip/_vendor/rich/pager.py\n'}
[0.275995] (mobile_robot) StdoutLine: {'line': b'-- Up-to-date symlink: /home/hornet/Desktop/pathfollowingbot/install/mobile_robot/share/mobile_robot/model/.venv/lib64/python3.12/site-packages/pip/_vendor/rich/palette.py\n'}
[0.276051] (mobile_robot) StdoutLine: {'line': b'-- Up-to-date symlink: /home/hornet/Desktop/pathfollowingbot/install/mobile_robot/share/mobile_robot/model/.venv/lib64/python3.12/site-packages/pip/_vendor/rich/panel.py\n'}
[0.276106] (mobile_robot) StdoutLine: {'line': b'-- Up-to-date symlink: /home/hornet/Desktop/pathfollowingbot/install/mobile_robot/share/mobile_robot/model/.venv/lib64/python3.12/site-packages/pip/_vendor/rich/pretty.py\n'}
[0.276161] (mobile_robot) StdoutLine: {'line': b'-- Up-to-date symlink: /home/hornet/Desktop/pathfollowingbot/install/mobile_robot/share/mobile_robot/model/.venv/lib64/python3.12/site-packages/pip/_vendor/rich/progress.py\n'}
[0.276217] (mobile_robot) StdoutLine: {'line': b'-- Up-to-date symlink: /home/hornet/Desktop/pathfollowingbot/install/mobile_robot/share/mobile_robot/model/.venv/lib64/python3.12/site-packages/pip/_vendor/rich/progress_bar.py\n'}
[0.276271] (mobile_robot) StdoutLine: {'line': b'-- Up-to-date symlink: /home/hornet/Desktop/pathfollowingbot/install/mobile_robot/share/mobile_robot/model/.venv/lib64/python3.12/site-packages/pip/_vendor/rich/prompt.py\n'}
[0.276326] (mobile_robot) StdoutLine: {'line': b'-- Up-to-date symlink: /home/hornet/Desktop/pathfollowingbot/install/mobile_robot/share/mobile_robot/model/.venv/lib64/python3.12/site-packages/pip/_vendor/rich/protocol.py\n'}
[0.276381] (mobile_robot) StdoutLine: {'line': b'-- Up-to-date symlink: /home/hornet/Desktop/pathfollowingbot/install/mobile_robot/share/mobile_robot/model/.venv/lib64/python3.12/site-packages/pip/_vendor/rich/py.typed\n'}
[0.276435] (mobile_robot) StdoutLine: {'line': b'-- Up-to-date symlink: /home/hornet/Desktop/pathfollowingbot/install/mobile_robot/share/mobile_robot/model/.venv/lib64/python3.12/site-packages/pip/_vendor/rich/region.py\n'}
[0.276489] (mobile_robot) StdoutLine: {'line': b'-- Up-to-date symlink: /home/hornet/Desktop/pathfollowingbot/install/mobile_robot/share/mobile_robot/model/.venv/lib64/python3.12/site-packages/pip/_vendor/rich/repr.py\n'}
[0.276544] (mobile_robot) StdoutLine: {'line': b'-- Up-to-date symlink: /home/hornet/Desktop/pathfollowingbot/install/mobile_robot/share/mobile_robot/model/.venv/lib64/python3.12/site-packages/pip/_vendor/rich/rule.py\n'}
[0.276598] (mobile_robot) StdoutLine: {'line': b'-- Up-to-date symlink: /home/hornet/Desktop/pathfollowingbot/install/mobile_robot/share/mobile_robot/model/.venv/lib64/python3.12/site-packages/pip/_vendor/rich/scope.py\n'}
[0.276652] (mobile_robot) StdoutLine: {'line': b'-- Up-to-date symlink: /home/hornet/Desktop/pathfollowingbot/install/mobile_robot/share/mobile_robot/model/.venv/lib64/python3.12/site-packages/pip/_vendor/rich/screen.py\n'}
[0.276713] (mobile_robot) StdoutLine: {'line': b'-- Up-to-date symlink: /home/hornet/Desktop/pathfollowingbot/install/mobile_robot/share/mobile_robot/model/.venv/lib64/python3.12/site-packages/pip/_vendor/rich/segment.py\n'}
[0.276767] (mobile_robot) StdoutLine: {'line': b'-- Up-to-date symlink: /home/hornet/Desktop/pathfollowingbot/install/mobile_robot/share/mobile_robot/model/.venv/lib64/python3.12/site-packages/pip/_vendor/rich/spinner.py\n'}
[0.276822] (mobile_robot) StdoutLine: {'line': b'-- Up-to-date symlink: /home/hornet/Desktop/pathfollowingbot/install/mobile_robot/share/mobile_robot/model/.venv/lib64/python3.12/site-packages/pip/_vendor/rich/status.py\n'}
[0.276878] (mobile_robot) StdoutLine: {'line': b'-- Up-to-date symlink: /home/hornet/Desktop/pathfollowingbot/install/mobile_robot/share/mobile_robot/model/.venv/lib64/python3.12/site-packages/pip/_vendor/rich/style.py\n'}
[0.276931] (mobile_robot) StdoutLine: {'line': b'-- Up-to-date symlink: /home/hornet/Desktop/pathfollowingbot/install/mobile_robot/share/mobile_robot/model/.venv/lib64/python3.12/site-packages/pip/_vendor/rich/styled.py\n'}
[0.276986] (mobile_robot) StdoutLine: {'line': b'-- Up-to-date symlink: /home/hornet/Desktop/pathfollowingbot/install/mobile_robot/share/mobile_robot/model/.venv/lib64/python3.12/site-packages/pip/_vendor/rich/syntax.py\n'}
[0.277041] (mobile_robot) StdoutLine: {'line': b'-- Up-to-date symlink: /home/hornet/Desktop/pathfollowingbot/install/mobile_robot/share/mobile_robot/model/.venv/lib64/python3.12/site-packages/pip/_vendor/rich/table.py\n'}
[0.277097] (mobile_robot) StdoutLine: {'line': b'-- Up-to-date symlink: /home/hornet/Desktop/pathfollowingbot/install/mobile_robot/share/mobile_robot/model/.venv/lib64/python3.12/site-packages/pip/_vendor/rich/terminal_theme.py\n'}
[0.277152] (mobile_robot) StdoutLine: {'line': b'-- Up-to-date symlink: /home/hornet/Desktop/pathfollowingbot/install/mobile_robot/share/mobile_robot/model/.venv/lib64/python3.12/site-packages/pip/_vendor/rich/text.py\n'}
[0.277207] (mobile_robot) StdoutLine: {'line': b'-- Up-to-date symlink: /home/hornet/Desktop/pathfollowingbot/install/mobile_robot/share/mobile_robot/model/.venv/lib64/python3.12/site-packages/pip/_vendor/rich/theme.py\n'}
[0.277261] (mobile_robot) StdoutLine: {'line': b'-- Up-to-date symlink: /home/hornet/Desktop/pathfollowingbot/install/mobile_robot/share/mobile_robot/model/.venv/lib64/python3.12/site-packages/pip/_vendor/rich/themes.py\n'}
[0.277317] (mobile_robot) StdoutLine: {'line': b'-- Up-to-date symlink: /home/hornet/Desktop/pathfollowingbot/install/mobile_robot/share/mobile_robot/model/.venv/lib64/python3.12/site-packages/pip/_vendor/rich/traceback.py\n'}
[0.277372] (mobile_robot) StdoutLine: {'line': b'-- Up-to-date symlink: /home/hornet/Desktop/pathfollowingbot/install/mobile_robot/share/mobile_robot/model/.venv/lib64/python3.12/site-packages/pip/_vendor/rich/tree.py\n'}
[0.277428] (mobile_robot) StdoutLine: {'line': b'-- Up-to-date symlink: /home/hornet/Desktop/pathfollowingbot/install/mobile_robot/share/mobile_robot/model/.venv/lib64/python3.12/site-packages/pip/_vendor/tomli/LICENSE\n'}
[0.277644] (mobile_robot) StdoutLine: {'line': b'-- Up-to-date symlink: /home/hornet/Desktop/pathfollowingbot/install/mobile_robot/share/mobile_robot/model/.venv/lib64/python3.12/site-packages/pip/_vendor/tomli/__init__.py\n'}
[0.277786] (mobile_robot) StdoutLine: {'line': b'-- Up-to-date symlink: /home/hornet/Desktop/pathfollowingbot/install/mobile_robot/share/mobile_robot/model/.venv/lib64/python3.12/site-packages/pip/_vendor/tomli/__pycache__/__init__.cpython-312.pyc\n'}
[0.277889] (mobile_robot) StdoutLine: {'line': b'-- Up-to-date symlink: /home/hornet/Desktop/pathfollowingbot/install/mobile_robot/share/mobile_robot/model/.venv/lib64/python3.12/site-packages/pip/_vendor/tomli/__pycache__/_parser.cpython-312.pyc\n'}
[0.277987] (mobile_robot) StdoutLine: {'line': b'-- Up-to-date symlink: /home/hornet/Desktop/pathfollowingbot/install/mobile_robot/share/mobile_robot/model/.venv/lib64/python3.12/site-packages/pip/_vendor/tomli/__pycache__/_re.cpython-312.pyc\n'}
[0.278078] (mobile_robot) StdoutLine: {'line': b'-- Up-to-date symlink: /home/hornet/Desktop/pathfollowingbot/install/mobile_robot/share/mobile_robot/model/.venv/lib64/python3.12/site-packages/pip/_vendor/tomli/__pycache__/_types.cpython-312.pyc\n'}
[0.278162] (mobile_robot) StdoutLine: {'line': b'-- Up-to-date symlink: /home/hornet/Desktop/pathfollowingbot/install/mobile_robot/share/mobile_robot/model/.venv/lib64/python3.12/site-packages/pip/_vendor/tomli/_parser.py\n'}
[0.278251] (mobile_robot) StdoutLine: {'line': b'-- Up-to-date symlink: /home/hornet/Desktop/pathfollowingbot/install/mobile_robot/share/mobile_robot/model/.venv/lib64/python3.12/site-packages/pip/_vendor/tomli/_re.py\n'}
[0.278336] (mobile_robot) StdoutLine: {'line': b'-- Up-to-date symlink: /home/hornet/Desktop/pathfollowingbot/install/mobile_robot/share/mobile_robot/model/.venv/lib64/python3.12/site-packages/pip/_vendor/tomli/_types.py\n'}
[0.278430] (mobile_robot) StdoutLine: {'line': b'-- Up-to-date symlink: /home/hornet/Desktop/pathfollowingbot/install/mobile_robot/share/mobile_robot/model/.venv/lib64/python3.12/site-packages/pip/_vendor/tomli/py.typed\n'}
[0.278519] (mobile_robot) StdoutLine: {'line': b'-- Up-to-date symlink: /home/hornet/Desktop/pathfollowingbot/install/mobile_robot/share/mobile_robot/model/.venv/lib64/python3.12/site-packages/pip/_vendor/tomli_w/LICENSE\n'}
[0.278603] (mobile_robot) StdoutLine: {'line': b'-- Up-to-date symlink: /home/hornet/Desktop/pathfollowingbot/install/mobile_robot/share/mobile_robot/model/.venv/lib64/python3.12/site-packages/pip/_vendor/tomli_w/__init__.py\n'}
[0.278691] (mobile_robot) StdoutLine: {'line': b'-- Up-to-date symlink: /home/hornet/Desktop/pathfollowingbot/install/mobile_robot/share/mobile_robot/model/.venv/lib64/python3.12/site-packages/pip/_vendor/tomli_w/__pycache__/__init__.cpython-312.pyc\n'}
[0.278781] (mobile_robot) StdoutLine: {'line': b'-- Up-to-date symlink: /home/hornet/Desktop/pathfollowingbot/install/mobile_robot/share/mobile_robot/model/.venv/lib64/python3.12/site-packages/pip/_vendor/tomli_w/__pycache__/_writer.cpython-312.pyc\n'}
[0.278870] (mobile_robot) StdoutLine: {'line': b'-- Up-to-date symlink: /home/hornet/Desktop/pathfollowingbot/install/mobile_robot/share/mobile_robot/model/.venv/lib64/python3.12/site-packages/pip/_vendor/tomli_w/_writer.py\n'}
[0.278953] (mobile_robot) StdoutLine: {'line': b'-- Up-to-date symlink: /home/hornet/Desktop/pathfollowingbot/install/mobile_robot/share/mobile_robot/model/.venv/lib64/python3.12/site-packages/pip/_vendor/tomli_w/py.typed\n'}
[0.279050] (mobile_robot) StdoutLine: {'line': b'-- Up-to-date symlink: /home/hornet/Desktop/pathfollowingbot/install/mobile_robot/share/mobile_robot/model/.venv/lib64/python3.12/site-packages/pip/_vendor/truststore/LICENSE\n'}
[0.279134] (mobile_robot) StdoutLine: {'line': b'-- Up-to-date symlink: /home/hornet/Desktop/pathfollowingbot/install/mobile_robot/share/mobile_robot/model/.venv/lib64/python3.12/site-packages/pip/_vendor/truststore/__init__.py\n'}
[0.279224] (mobile_robot) StdoutLine: {'line': b'-- Up-to-date symlink: /home/hornet/Desktop/pathfollowingbot/install/mobile_robot/share/mobile_robot/model/.venv/lib64/python3.12/site-packages/pip/_vendor/truststore/__pycache__/__init__.cpython-312.pyc\n'}
[0.279308] (mobile_robot) StdoutLine: {'line': b'-- Up-to-date symlink: /home/hornet/Desktop/pathfollowingbot/install/mobile_robot/share/mobile_robot/model/.venv/lib64/python3.12/site-packages/pip/_vendor/truststore/__pycache__/_api.cpython-312.pyc\n'}
[0.279397] (mobile_robot) StdoutLine: {'line': b'-- Up-to-date symlink: /home/hornet/Desktop/pathfollowingbot/install/mobile_robot/share/mobile_robot/model/.venv/lib64/python3.12/site-packages/pip/_vendor/truststore/__pycache__/_macos.cpython-312.pyc\n'}
[0.279479] (mobile_robot) StdoutLine: {'line': b'-- Up-to-date symlink: /home/hornet/Desktop/pathfollowingbot/install/mobile_robot/share/mobile_robot/model/.venv/lib64/python3.12/site-packages/pip/_vendor/truststore/__pycache__/_openssl.cpython-312.pyc\n'}
[0.279567] (mobile_robot) StdoutLine: {'line': b'-- Up-to-date symlink: /home/hornet/Desktop/pathfollowingbot/install/mobile_robot/share/mobile_robot/model/.venv/lib64/python3.12/site-packages/pip/_vendor/truststore/__pycache__/_ssl_constants.cpython-312.pyc\n'}
[0.279650] (mobile_robot) StdoutLine: {'line': b'-- Up-to-date symlink: /home/hornet/Desktop/pathfollowingbot/install/mobile_robot/share/mobile_robot/model/.venv/lib64/python3.12/site-packages/pip/_vendor/truststore/__pycache__/_windows.cpython-312.pyc\n'}
[0.279743] (mobile_robot) StdoutLine: {'line': b'-- Up-to-date symlink: /home/hornet/Desktop/pathfollowingbot/install/mobile_robot/share/mobile_robot/model/.venv/lib64/python3.12/site-packages/pip/_vendor/truststore/_api.py\n'}
[0.279825] (mobile_robot) StdoutLine: {'line': b'-- Up-to-date symlink: /home/hornet/Desktop/pathfollowingbot/install/mobile_robot/share/mobile_robot/model/.venv/lib64/python3.12/site-packages/pip/_vendor/truststore/_macos.py\n'}
[0.279913] (mobile_robot) StdoutLine: {'line': b'-- Up-to-date symlink: /home/hornet/Desktop/pathfollowingbot/install/mobile_robot/share/mobile_robot/model/.venv/lib64/python3.12/site-packages/pip/_vendor/truststore/_openssl.py\n'}
[0.279996] (mobile_robot) StdoutLine: {'line': b'-- Up-to-date symlink: /home/hornet/Desktop/pathfollowingbot/install/mobile_robot/share/mobile_robot/model/.venv/lib64/python3.12/site-packages/pip/_vendor/truststore/_ssl_constants.py\n'}
[0.280078] (mobile_robot) StdoutLine: {'line': b'-- Up-to-date symlink: /home/hornet/Desktop/pathfollowingbot/install/mobile_robot/share/mobile_robot/model/.venv/lib64/python3.12/site-packages/pip/_vendor/truststore/_windows.py\n'}
[0.280181] (mobile_robot) StdoutLine: {'line': b'-- Up-to-date symlink: /home/hornet/Desktop/pathfollowingbot/install/mobile_robot/share/mobile_robot/model/.venv/lib64/python3.12/site-packages/pip/_vendor/truststore/py.typed\n'}
[0.280276] (mobile_robot) StdoutLine: {'line': b'-- Up-to-date symlink: /home/hornet/Desktop/pathfollowingbot/install/mobile_robot/share/mobile_robot/model/.venv/lib64/python3.12/site-packages/pip/_vendor/urllib3/LICENSE.txt\n'}
[0.280367] (mobile_robot) StdoutLine: {'line': b'-- Up-to-date symlink: /home/hornet/Desktop/pathfollowingbot/install/mobile_robot/share/mobile_robot/model/.venv/lib64/python3.12/site-packages/pip/_vendor/urllib3/__init__.py\n'}
[0.280462] (mobile_robot) StdoutLine: {'line': b'-- Up-to-date symlink: /home/hornet/Desktop/pathfollowingbot/install/mobile_robot/share/mobile_robot/model/.venv/lib64/python3.12/site-packages/pip/_vendor/urllib3/__pycache__/__init__.cpython-312.pyc\n'}
[0.280558] (mobile_robot) StdoutLine: {'line': b'-- Up-to-date symlink: /home/hornet/Desktop/pathfollowingbot/install/mobile_robot/share/mobile_robot/model/.venv/lib64/python3.12/site-packages/pip/_vendor/urllib3/__pycache__/_collections.cpython-312.pyc\n'}
[0.280648] (mobile_robot) StdoutLine: {'line': b'-- Up-to-date symlink: /home/hornet/Desktop/pathfollowingbot/install/mobile_robot/share/mobile_robot/model/.venv/lib64/python3.12/site-packages/pip/_vendor/urllib3/__pycache__/_version.cpython-312.pyc\n'}
[0.280747] (mobile_robot) StdoutLine: {'line': b'-- Up-to-date symlink: /home/hornet/Desktop/pathfollowingbot/install/mobile_robot/share/mobile_robot/model/.venv/lib64/python3.12/site-packages/pip/_vendor/urllib3/__pycache__/connection.cpython-312.pyc\n'}
[0.280837] (mobile_robot) StdoutLine: {'line': b'-- Up-to-date symlink: /home/hornet/Desktop/pathfollowingbot/install/mobile_robot/share/mobile_robot/model/.venv/lib64/python3.12/site-packages/pip/_vendor/urllib3/__pycache__/connectionpool.cpython-312.pyc\n'}
[0.280934] (mobile_robot) StdoutLine: {'line': b'-- Up-to-date symlink: /home/hornet/Desktop/pathfollowingbot/install/mobile_robot/share/mobile_robot/model/.venv/lib64/python3.12/site-packages/pip/_vendor/urllib3/__pycache__/exceptions.cpython-312.pyc\n'}
[0.281029] (mobile_robot) StdoutLine: {'line': b'-- Up-to-date symlink: /home/hornet/Desktop/pathfollowingbot/install/mobile_robot/share/mobile_robot/model/.venv/lib64/python3.12/site-packages/pip/_vendor/urllib3/__pycache__/fields.cpython-312.pyc\n'}
[0.281119] (mobile_robot) StdoutLine: {'line': b'-- Up-to-date symlink: /home/hornet/Desktop/pathfollowingbot/install/mobile_robot/share/mobile_robot/model/.venv/lib64/python3.12/site-packages/pip/_vendor/urllib3/__pycache__/filepost.cpython-312.pyc\n'}
[0.281216] (mobile_robot) StdoutLine: {'line': b'-- Up-to-date symlink: /home/hornet/Desktop/pathfollowingbot/install/mobile_robot/share/mobile_robot/model/.venv/lib64/python3.12/site-packages/pip/_vendor/urllib3/__pycache__/poolmanager.cpython-312.pyc\n'}
[0.281306] (mobile_robot) StdoutLine: {'line': b'-- Up-to-date symlink: /home/hornet/Desktop/pathfollowingbot/install/mobile_robot/share/mobile_robot/model/.venv/lib64/python3.12/site-packages/pip/_vendor/urllib3/__pycache__/request.cpython-312.pyc\n'}
[0.281404] (mobile_robot) StdoutLine: {'line': b'-- Up-to-date symlink: /home/hornet/Desktop/pathfollowingbot/install/mobile_robot/share/mobile_robot/model/.venv/lib64/python3.12/site-packages/pip/_vendor/urllib3/__pycache__/response.cpython-312.pyc\n'}
[0.281501] (mobile_robot) StdoutLine: {'line': b'-- Up-to-date symlink: /home/hornet/Desktop/pathfollowingbot/install/mobile_robot/share/mobile_robot/model/.venv/lib64/python3.12/site-packages/pip/_vendor/urllib3/_collections.py\n'}
[0.281591] (mobile_robot) StdoutLine: {'line': b'-- Up-to-date symlink: /home/hornet/Desktop/pathfollowingbot/install/mobile_robot/share/mobile_robot/model/.venv/lib64/python3.12/site-packages/pip/_vendor/urllib3/_version.py\n'}
[0.281692] (mobile_robot) StdoutLine: {'line': b'-- Up-to-date symlink: /home/hornet/Desktop/pathfollowingbot/install/mobile_robot/share/mobile_robot/model/.venv/lib64/python3.12/site-packages/pip/_vendor/urllib3/connection.py\n'}
[0.281790] (mobile_robot) StdoutLine: {'line': b'-- Up-to-date symlink: /home/hornet/Desktop/pathfollowingbot/install/mobile_robot/share/mobile_robot/model/.venv/lib64/python3.12/site-packages/pip/_vendor/urllib3/connectionpool.py\n'}
[0.281893] (mobile_robot) StdoutLine: {'line': b'-- Up-to-date symlink: /home/hornet/Desktop/pathfollowingbot/install/mobile_robot/share/mobile_robot/model/.venv/lib64/python3.12/site-packages/pip/_vendor/urllib3/contrib/__init__.py\n'}
[0.281984] (mobile_robot) StdoutLine: {'line': b'-- Up-to-date symlink: /home/hornet/Desktop/pathfollowingbot/install/mobile_robot/share/mobile_robot/model/.venv/lib64/python3.12/site-packages/pip/_vendor/urllib3/contrib/__pycache__/__init__.cpython-312.pyc\n'}
[0.282085] (mobile_robot) StdoutLine: {'line': b'-- Up-to-date symlink: /home/hornet/Desktop/pathfollowingbot/install/mobile_robot/share/mobile_robot/model/.venv/lib64/python3.12/site-packages/pip/_vendor/urllib3/contrib/__pycache__/_appengine_environ.cpython-312.pyc\n'}
[0.282183] (mobile_robot) StdoutLine: {'line': b'-- Up-to-date symlink: /home/hornet/Desktop/pathfollowingbot/install/mobile_robot/share/mobile_robot/model/.venv/lib64/python3.12/site-packages/pip/_vendor/urllib3/contrib/__pycache__/appengine.cpython-312.pyc\n'}
[0.282281] (mobile_robot) StdoutLine: {'line': b'-- Up-to-date symlink: /home/hornet/Desktop/pathfollowingbot/install/mobile_robot/share/mobile_robot/model/.venv/lib64/python3.12/site-packages/pip/_vendor/urllib3/contrib/__pycache__/ntlmpool.cpython-312.pyc\n'}
[0.282383] (mobile_robot) StdoutLine: {'line': b'-- Up-to-date symlink: /home/hornet/Desktop/pathfollowingbot/install/mobile_robot/share/mobile_robot/model/.venv/lib64/python3.12/site-packages/pip/_vendor/urllib3/contrib/__pycache__/pyopenssl.cpython-312.pyc\n'}
[0.282472] (mobile_robot) StdoutLine: {'line': b'-- Up-to-date symlink: /home/hornet/Desktop/pathfollowingbot/install/mobile_robot/share/mobile_robot/model/.venv/lib64/python3.12/site-packages/pip/_vendor/urllib3/contrib/__pycache__/securetransport.cpython-312.pyc\n'}
[0.282576] (mobile_robot) StdoutLine: {'line': b'-- Up-to-date symlink: /home/hornet/Desktop/pathfollowingbot/install/mobile_robot/share/mobile_robot/model/.venv/lib64/python3.12/site-packages/pip/_vendor/urllib3/contrib/__pycache__/socks.cpython-312.pyc\n'}
[0.282682] (mobile_robot) StdoutLine: {'line': b'-- Up-to-date symlink: /home/hornet/Desktop/pathfollowingbot/install/mobile_robot/share/mobile_robot/model/.venv/lib64/python3.12/site-packages/pip/_vendor/urllib3/contrib/_appengine_environ.py\n'}
[0.282732] (mobile_robot) StdoutLine: {'line': b'-- Up-to-date symlink: /home/hornet/Desktop/pathfollowingbot/install/mobile_robot/share/mobile_robot/model/.venv/lib64/python3.12/site-packages/pip/_vendor/urllib3/contrib/_securetransport/__init__.py\n'}
[0.282779] (mobile_robot) StdoutLine: {'line': b'-- Up-to-date symlink: /home/hornet/Desktop/pathfollowingbot/install/mobile_robot/share/mobile_robot/model/.venv/lib64/python3.12/site-packages/pip/_vendor/urllib3/contrib/_securetransport/__pycache__/__init__.cpython-312.pyc\n'}
[0.282819] (mobile_robot) StdoutLine: {'line': b'-- Up-to-date symlink: /home/hornet/Desktop/pathfollowingbot/install/mobile_robot/share/mobile_robot/model/.venv/lib64/python3.12/site-packages/pip/_vendor/urllib3/contrib/_securetransport/__pycache__/bindings.cpython-312.pyc\n'}
[0.282857] (mobile_robot) StdoutLine: {'line': b'-- Up-to-date symlink: /home/hornet/Desktop/pathfollowingbot/install/mobile_robot/share/mobile_robot/model/.venv/lib64/python3.12/site-packages/pip/_vendor/urllib3/contrib/_securetransport/__pycache__/low_level.cpython-312.pyc\n'}
[0.282896] (mobile_robot) StdoutLine: {'line': b'-- Up-to-date symlink: /home/hornet/Desktop/pathfollowingbot/install/mobile_robot/share/mobile_robot/model/.venv/lib64/python3.12/site-packages/pip/_vendor/urllib3/contrib/_securetransport/bindings.py\n'}
[0.282935] (mobile_robot) StdoutLine: {'line': b'-- Up-to-date symlink: /home/hornet/Desktop/pathfollowingbot/install/mobile_robot/share/mobile_robot/model/.venv/lib64/python3.12/site-packages/pip/_vendor/urllib3/contrib/_securetransport/low_level.py\n'}
[0.283000] (mobile_robot) StdoutLine: {'line': b'-- Up-to-date symlink: /home/hornet/Desktop/pathfollowingbot/install/mobile_robot/share/mobile_robot/model/.venv/lib64/python3.12/site-packages/pip/_vendor/urllib3/contrib/appengine.py\n'}
[0.283038] (mobile_robot) StdoutLine: {'line': b'-- Up-to-date symlink: /home/hornet/Desktop/pathfollowingbot/install/mobile_robot/share/mobile_robot/model/.venv/lib64/python3.12/site-packages/pip/_vendor/urllib3/contrib/ntlmpool.py\n'}
[0.283077] (mobile_robot) StdoutLine: {'line': b'-- Up-to-date symlink: /home/hornet/Desktop/pathfollowingbot/install/mobile_robot/share/mobile_robot/model/.venv/lib64/python3.12/site-packages/pip/_vendor/urllib3/contrib/pyopenssl.py\n'}
[0.283117] (mobile_robot) StdoutLine: {'line': b'-- Up-to-date symlink: /home/hornet/Desktop/pathfollowingbot/install/mobile_robot/share/mobile_robot/model/.venv/lib64/python3.12/site-packages/pip/_vendor/urllib3/contrib/securetransport.py\n'}
[0.283157] (mobile_robot) StdoutLine: {'line': b'-- Up-to-date symlink: /home/hornet/Desktop/pathfollowingbot/install/mobile_robot/share/mobile_robot/model/.venv/lib64/python3.12/site-packages/pip/_vendor/urllib3/contrib/socks.py\n'}
[0.283196] (mobile_robot) StdoutLine: {'line': b'-- Up-to-date symlink: /home/hornet/Desktop/pathfollowingbot/install/mobile_robot/share/mobile_robot/model/.venv/lib64/python3.12/site-packages/pip/_vendor/urllib3/exceptions.py\n'}
[0.283233] (mobile_robot) StdoutLine: {'line': b'-- Up-to-date symlink: /home/hornet/Desktop/pathfollowingbot/install/mobile_robot/share/mobile_robot/model/.venv/lib64/python3.12/site-packages/pip/_vendor/urllib3/fields.py\n'}
[0.283273] (mobile_robot) StdoutLine: {'line': b'-- Up-to-date symlink: /home/hornet/Desktop/pathfollowingbot/install/mobile_robot/share/mobile_robot/model/.venv/lib64/python3.12/site-packages/pip/_vendor/urllib3/filepost.py\n'}
[0.283311] (mobile_robot) StdoutLine: {'line': b'-- Up-to-date symlink: /home/hornet/Desktop/pathfollowingbot/install/mobile_robot/share/mobile_robot/model/.venv/lib64/python3.12/site-packages/pip/_vendor/urllib3/packages/__init__.py\n'}
[0.283351] (mobile_robot) StdoutLine: {'line': b'-- Up-to-date symlink: /home/hornet/Desktop/pathfollowingbot/install/mobile_robot/share/mobile_robot/model/.venv/lib64/python3.12/site-packages/pip/_vendor/urllib3/packages/__pycache__/__init__.cpython-312.pyc\n'}
[0.283388] (mobile_robot) StdoutLine: {'line': b'-- Up-to-date symlink: /home/hornet/Desktop/pathfollowingbot/install/mobile_robot/share/mobile_robot/model/.venv/lib64/python3.12/site-packages/pip/_vendor/urllib3/packages/__pycache__/six.cpython-312.pyc\n'}
[0.283446] (mobile_robot) StdoutLine: {'line': b'-- Up-to-date symlink: /home/hornet/Desktop/pathfollowingbot/install/mobile_robot/share/mobile_robot/model/.venv/lib64/python3.12/site-packages/pip/_vendor/urllib3/packages/backports/__init__.py\n'}
[0.283487] (mobile_robot) StdoutLine: {'line': b'-- Up-to-date symlink: /home/hornet/Desktop/pathfollowingbot/install/mobile_robot/share/mobile_robot/model/.venv/lib64/python3.12/site-packages/pip/_vendor/urllib3/packages/backports/__pycache__/__init__.cpython-312.pyc\n'}
[0.283527] (mobile_robot) StdoutLine: {'line': b'-- Up-to-date symlink: /home/hornet/Desktop/pathfollowingbot/install/mobile_robot/share/mobile_robot/model/.venv/lib64/python3.12/site-packages/pip/_vendor/urllib3/packages/backports/__pycache__/makefile.cpython-312.pyc\n'}
[0.283566] (mobile_robot) StdoutLine: {'line': b'-- Up-to-date symlink: /home/hornet/Desktop/pathfollowingbot/install/mobile_robot/share/mobile_robot/model/.venv/lib64/python3.12/site-packages/pip/_vendor/urllib3/packages/backports/__pycache__/weakref_finalize.cpython-312.pyc\n'}
[0.283605] (mobile_robot) StdoutLine: {'line': b'-- Up-to-date symlink: /home/hornet/Desktop/pathfollowingbot/install/mobile_robot/share/mobile_robot/model/.venv/lib64/python3.12/site-packages/pip/_vendor/urllib3/packages/backports/makefile.py\n'}
[0.283669] (mobile_robot) StdoutLine: {'line': b'-- Up-to-date symlink: /home/hornet/Desktop/pathfollowingbot/install/mobile_robot/share/mobile_robot/model/.venv/lib64/python3.12/site-packages/pip/_vendor/urllib3/packages/backports/weakref_finalize.py\n'}
[0.283730] (mobile_robot) StdoutLine: {'line': b'-- Up-to-date symlink: /home/hornet/Desktop/pathfollowingbot/install/mobile_robot/share/mobile_robot/model/.venv/lib64/python3.12/site-packages/pip/_vendor/urllib3/packages/six.py\n'}
[0.283768] (mobile_robot) StdoutLine: {'line': b'-- Up-to-date symlink: /home/hornet/Desktop/pathfollowingbot/install/mobile_robot/share/mobile_robot/model/.venv/lib64/python3.12/site-packages/pip/_vendor/urllib3/poolmanager.py\n'}
[0.283806] (mobile_robot) StdoutLine: {'line': b'-- Up-to-date symlink: /home/hornet/Desktop/pathfollowingbot/install/mobile_robot/share/mobile_robot/model/.venv/lib64/python3.12/site-packages/pip/_vendor/urllib3/request.py\n'}
[0.283842] (mobile_robot) StdoutLine: {'line': b'-- Up-to-date symlink: /home/hornet/Desktop/pathfollowingbot/install/mobile_robot/share/mobile_robot/model/.venv/lib64/python3.12/site-packages/pip/_vendor/urllib3/response.py\n'}
[0.283876] (mobile_robot) StdoutLine: {'line': b'-- Up-to-date symlink: /home/hornet/Desktop/pathfollowingbot/install/mobile_robot/share/mobile_robot/model/.venv/lib64/python3.12/site-packages/pip/_vendor/urllib3/util/__init__.py\n'}
[0.283910] (mobile_robot) StdoutLine: {'line': b'-- Up-to-date symlink: /home/hornet/Desktop/pathfollowingbot/install/mobile_robot/share/mobile_robot/model/.venv/lib64/python3.12/site-packages/pip/_vendor/urllib3/util/__pycache__/__init__.cpython-312.pyc\n'}
[0.283943] (mobile_robot) StdoutLine: {'line': b'-- Up-to-date symlink: /home/hornet/Desktop/pathfollowingbot/install/mobile_robot/share/mobile_robot/model/.venv/lib64/python3.12/site-packages/pip/_vendor/urllib3/util/__pycache__/connection.cpython-312.pyc\n'}
[0.283977] (mobile_robot) StdoutLine: {'line': b'-- Up-to-date symlink: /home/hornet/Desktop/pathfollowingbot/install/mobile_robot/share/mobile_robot/model/.venv/lib64/python3.12/site-packages/pip/_vendor/urllib3/util/__pycache__/proxy.cpython-312.pyc\n'}
[0.284012] (mobile_robot) StdoutLine: {'line': b'-- Up-to-date symlink: /home/hornet/Desktop/pathfollowingbot/install/mobile_robot/share/mobile_robot/model/.venv/lib64/python3.12/site-packages/pip/_vendor/urllib3/util/__pycache__/queue.cpython-312.pyc\n'}
[0.284045] (mobile_robot) StdoutLine: {'line': b'-- Up-to-date symlink: /home/hornet/Desktop/pathfollowingbot/install/mobile_robot/share/mobile_robot/model/.venv/lib64/python3.12/site-packages/pip/_vendor/urllib3/util/__pycache__/request.cpython-312.pyc\n'}
[0.284088] (mobile_robot) StdoutLine: {'line': b'-- Up-to-date symlink: /home/hornet/Desktop/pathfollowingbot/install/mobile_robot/share/mobile_robot/model/.venv/lib64/python3.12/site-packages/pip/_vendor/urllib3/util/__pycache__/response.cpython-312.pyc\n'}
[0.284123] (mobile_robot) StdoutLine: {'line': b'-- Up-to-date symlink: /home/hornet/Desktop/pathfollowingbot/install/mobile_robot/share/mobile_robot/model/.venv/lib64/python3.12/site-packages/pip/_vendor/urllib3/util/__pycache__/retry.cpython-312.pyc\n'}
[0.284160] (mobile_robot) StdoutLine: {'line': b'-- Up-to-date symlink: /home/hornet/Desktop/pathfollowingbot/install/mobile_robot/share/mobile_robot/model/.venv/lib64/python3.12/site-packages/pip/_vendor/urllib3/util/__pycache__/ssl_.cpython-312.pyc\n'}
[0.284196] (mobile_robot) StdoutLine: {'line': b'-- Up-to-date symlink: /home/hornet/Desktop/pathfollowingbot/install/mobile_robot/share/mobile_robot/model/.venv/lib64/python3.12/site-packages/pip/_vendor/urllib3/util/__pycache__/ssl_match_hostname.cpython-312.pyc\n'}
[0.284232] (mobile_robot) StdoutLine: {'line': b'-- Up-to-date symlink: /home/hornet/Desktop/pathfollowingbot/install/mobile_robot/share/mobile_robot/model/.venv/lib64/python3.12/site-packages/pip/_vendor/urllib3/util/__pycache__/ssltransport.cpython-312.pyc\n'}
[0.284269] (mobile_robot) StdoutLine: {'line': b'-- Up-to-date symlink: /home/hornet/Desktop/pathfollowingbot/install/mobile_robot/share/mobile_robot/model/.venv/lib64/python3.12/site-packages/pip/_vendor/urllib3/util/__pycache__/timeout.cpython-312.pyc\n'}
[0.284317] (mobile_robot) StdoutLine: {'line': b'-- Up-to-date symlink: /home/hornet/Desktop/pathfollowingbot/install/mobile_robot/share/mobile_robot/model/.venv/lib64/python3.12/site-packages/pip/_vendor/urllib3/util/__pycache__/url.cpython-312.pyc\n'}
[0.284353] (mobile_robot) StdoutLine: {'line': b'-- Up-to-date symlink: /home/hornet/Desktop/pathfollowingbot/install/mobile_robot/share/mobile_robot/model/.venv/lib64/python3.12/site-packages/pip/_vendor/urllib3/util/__pycache__/wait.cpython-312.pyc\n'}
[0.284389] (mobile_robot) StdoutLine: {'line': b'-- Up-to-date symlink: /home/hornet/Desktop/pathfollowingbot/install/mobile_robot/share/mobile_robot/model/.venv/lib64/python3.12/site-packages/pip/_vendor/urllib3/util/connection.py\n'}
[0.284424] (mobile_robot) StdoutLine: {'line': b'-- Up-to-date symlink: /home/hornet/Desktop/pathfollowingbot/install/mobile_robot/share/mobile_robot/model/.venv/lib64/python3.12/site-packages/pip/_vendor/urllib3/util/proxy.py\n'}
[0.284459] (mobile_robot) StdoutLine: {'line': b'-- Up-to-date symlink: /home/hornet/Desktop/pathfollowingbot/install/mobile_robot/share/mobile_robot/model/.venv/lib64/python3.12/site-packages/pip/_vendor/urllib3/util/queue.py\n'}
[0.284518] (mobile_robot) StdoutLine: {'line': b'-- Up-to-date symlink: /home/hornet/Desktop/pathfollowingbot/install/mobile_robot/share/mobile_robot/model/.venv/lib64/python3.12/site-packages/pip/_vendor/urllib3/util/request.py\n'}
[0.284554] (mobile_robot) StdoutLine: {'line': b'-- Up-to-date symlink: /home/hornet/Desktop/pathfollowingbot/install/mobile_robot/share/mobile_robot/model/.venv/lib64/python3.12/site-packages/pip/_vendor/urllib3/util/response.py\n'}
[0.284588] (mobile_robot) StdoutLine: {'line': b'-- Up-to-date symlink: /home/hornet/Desktop/pathfollowingbot/install/mobile_robot/share/mobile_robot/model/.venv/lib64/python3.12/site-packages/pip/_vendor/urllib3/util/retry.py\n'}
[0.284622] (mobile_robot) StdoutLine: {'line': b'-- Up-to-date symlink: /home/hornet/Desktop/pathfollowingbot/install/mobile_robot/share/mobile_robot/model/.venv/lib64/python3.12/site-packages/pip/_vendor/urllib3/util/ssl_.py\n'}
[0.284657] (mobile_robot) StdoutLine: {'line': b'-- Up-to-date symlink: /home/hornet/Desktop/pathfollowingbot/install/mobile_robot/share/mobile_robot/model/.venv/lib64/python3.12/site-packages/pip/_vendor/urllib3/util/ssl_match_hostname.py\n'}
[0.284692] (mobile_robot) StdoutLine: {'line': b'-- Up-to-date symlink: /home/hornet/Desktop/pathfollowingbot/install/mobile_robot/share/mobile_robot/model/.venv/lib64/python3.12/site-packages/pip/_vendor/urllib3/util/ssltransport.py\n'}
[0.284727] (mobile_robot) StdoutLine: {'line': b'-- Up-to-date symlink: /home/hornet/Desktop/pathfollowingbot/install/mobile_robot/share/mobile_robot/model/.venv/lib64/python3.12/site-packages/pip/_vendor/urllib3/util/timeout.py\n'}
[0.284759] (mobile_robot) StdoutLine: {'line': b'-- Up-to-date symlink: /home/hornet/Desktop/pathfollowingbot/install/mobile_robot/share/mobile_robot/model/.venv/lib64/python3.12/site-packages/pip/_vendor/urllib3/util/url.py\n'}
[0.284795] (mobile_robot) StdoutLine: {'line': b'-- Up-to-date symlink: /home/hornet/Desktop/pathfollowingbot/install/mobile_robot/share/mobile_robot/model/.venv/lib64/python3.12/site-packages/pip/_vendor/urllib3/util/wait.py\n'}
[0.284828] (mobile_robot) StdoutLine: {'line': b'-- Up-to-date symlink: /home/hornet/Desktop/pathfollowingbot/install/mobile_robot/share/mobile_robot/model/.venv/lib64/python3.12/site-packages/pip/_vendor/vendor.txt\n'}
[0.284864] (mobile_robot) StdoutLine: {'line': b'-- Up-to-date symlink: /home/hornet/Desktop/pathfollowingbot/install/mobile_robot/share/mobile_robot/model/.venv/lib64/python3.12/site-packages/pip/py.typed\n'}
[0.284898] (mobile_robot) StdoutLine: {'line': b'-- Up-to-date symlink: /home/hornet/Desktop/pathfollowingbot/install/mobile_robot/share/mobile_robot/model/.venv/lib64/python3.12/site-packages/pyyaml-6.0.3.dist-info/INSTALLER\n'}
[0.284964] (mobile_robot) StdoutLine: {'line': b'-- Up-to-date symlink: /home/hornet/Desktop/pathfollowingbot/install/mobile_robot/share/mobile_robot/model/.venv/lib64/python3.12/site-packages/pyyaml-6.0.3.dist-info/METADATA\n'}
[0.285000] (mobile_robot) StdoutLine: {'line': b'-- Up-to-date symlink: /home/hornet/Desktop/pathfollowingbot/install/mobile_robot/share/mobile_robot/model/.venv/lib64/python3.12/site-packages/pyyaml-6.0.3.dist-info/RECORD\n'}
[0.285037] (mobile_robot) StdoutLine: {'line': b'-- Up-to-date symlink: /home/hornet/Desktop/pathfollowingbot/install/mobile_robot/share/mobile_robot/model/.venv/lib64/python3.12/site-packages/pyyaml-6.0.3.dist-info/WHEEL\n'}
[0.285071] (mobile_robot) StdoutLine: {'line': b'-- Up-to-date symlink: /home/hornet/Desktop/pathfollowingbot/install/mobile_robot/share/mobile_robot/model/.venv/lib64/python3.12/site-packages/pyyaml-6.0.3.dist-info/licenses/LICENSE\n'}
[0.285107] (mobile_robot) StdoutLine: {'line': b'-- Up-to-date symlink: /home/hornet/Desktop/pathfollowingbot/install/mobile_robot/share/mobile_robot/model/.venv/lib64/python3.12/site-packages/pyyaml-6.0.3.dist-info/top_level.txt\n'}
[0.285140] (mobile_robot) StdoutLine: {'line': b'-- Up-to-date symlink: /home/hornet/Desktop/pathfollowingbot/install/mobile_robot/share/mobile_robot/model/.venv/lib64/python3.12/site-packages/xacro-2.1.1.dist-info/INSTALLER\n'}
[0.285174] (mobile_robot) StdoutLine: {'line': b'-- Up-to-date symlink: /home/hornet/Desktop/pathfollowingbot/install/mobile_robot/share/mobile_robot/model/.venv/lib64/python3.12/site-packages/xacro-2.1.1.dist-info/METADATA\n'}
[0.285208] (mobile_robot) StdoutLine: {'line': b'-- Up-to-date symlink: /home/hornet/Desktop/pathfollowingbot/install/mobile_robot/share/mobile_robot/model/.venv/lib64/python3.12/site-packages/xacro-2.1.1.dist-info/RECORD\n'}
[0.285279] (mobile_robot) StdoutLine: {'line': b'-- Up-to-date symlink: /home/hornet/Desktop/pathfollowingbot/install/mobile_robot/share/mobile_robot/model/.venv/lib64/python3.12/site-packages/xacro-2.1.1.dist-info/REQUESTED\n'}
[0.285316] (mobile_robot) StdoutLine: {'line': b'-- Up-to-date symlink: /home/hornet/Desktop/pathfollowingbot/install/mobile_robot/share/mobile_robot/model/.venv/lib64/python3.12/site-packages/xacro-2.1.1.dist-info/WHEEL\n'}
[0.285352] (mobile_robot) StdoutLine: {'line': b'-- Up-to-date symlink: /home/hornet/Desktop/pathfollowingbot/install/mobile_robot/share/mobile_robot/model/.venv/lib64/python3.12/site-packages/xacro-2.1.1.dist-info/entry_points.txt\n'}
[0.285388] (mobile_robot) StdoutLine: {'line': b'-- Up-to-date symlink: /home/hornet/Desktop/pathfollowingbot/install/mobile_robot/share/mobile_robot/model/.venv/lib64/python3.12/site-packages/xacro-2.1.1.dist-info/licenses/LICENSE\n'}
[0.285423] (mobile_robot) StdoutLine: {'line': b'-- Up-to-date symlink: /home/hornet/Desktop/pathfollowingbot/install/mobile_robot/share/mobile_robot/model/.venv/lib64/python3.12/site-packages/xacro-2.1.1.dist-info/top_level.txt\n'}
[0.285457] (mobile_robot) StdoutLine: {'line': b'-- Up-to-date symlink: /home/hornet/Desktop/pathfollowingbot/install/mobile_robot/share/mobile_robot/model/.venv/lib64/python3.12/site-packages/xacro/__init__.py\n'}
[0.285491] (mobile_robot) StdoutLine: {'line': b'-- Up-to-date symlink: /home/hornet/Desktop/pathfollowingbot/install/mobile_robot/share/mobile_robot/model/.venv/lib64/python3.12/site-packages/xacro/__pycache__/__init__.cpython-312.pyc\n'}
[0.285525] (mobile_robot) StdoutLine: {'line': b'-- Up-to-date symlink: /home/hornet/Desktop/pathfollowingbot/install/mobile_robot/share/mobile_robot/model/.venv/lib64/python3.12/site-packages/xacro/__pycache__/cli.cpython-312.pyc\n'}
[0.285586] (mobile_robot) StdoutLine: {'line': b'-- Up-to-date symlink: /home/hornet/Desktop/pathfollowingbot/install/mobile_robot/share/mobile_robot/model/.venv/lib64/python3.12/site-packages/xacro/__pycache__/color.cpython-312.pyc\n'}
[0.285623] (mobile_robot) StdoutLine: {'line': b'-- Up-to-date symlink: /home/hornet/Desktop/pathfollowingbot/install/mobile_robot/share/mobile_robot/model/.venv/lib64/python3.12/site-packages/xacro/__pycache__/substitution_args.cpython-312.pyc\n'}
[0.285662] (mobile_robot) StdoutLine: {'line': b'-- Up-to-date symlink: /home/hornet/Desktop/pathfollowingbot/install/mobile_robot/share/mobile_robot/model/.venv/lib64/python3.12/site-packages/xacro/__pycache__/xmlutils.cpython-312.pyc\n'}
[0.285697] (mobile_robot) StdoutLine: {'line': b'-- Up-to-date symlink: /home/hornet/Desktop/pathfollowingbot/install/mobile_robot/share/mobile_robot/model/.venv/lib64/python3.12/site-packages/xacro/cli.py\n'}
[0.285732] (mobile_robot) StdoutLine: {'line': b'-- Up-to-date symlink: /home/hornet/Desktop/pathfollowingbot/install/mobile_robot/share/mobile_robot/model/.venv/lib64/python3.12/site-packages/xacro/color.py\n'}
[0.285766] (mobile_robot) StdoutLine: {'line': b'-- Up-to-date symlink: /home/hornet/Desktop/pathfollowingbot/install/mobile_robot/share/mobile_robot/model/.venv/lib64/python3.12/site-packages/xacro/substitution_args.py\n'}
[0.285802] (mobile_robot) StdoutLine: {'line': b'-- Up-to-date symlink: /home/hornet/Desktop/pathfollowingbot/install/mobile_robot/share/mobile_robot/model/.venv/lib64/python3.12/site-packages/xacro/xmlutils.py\n'}
[0.285859] (mobile_robot) StdoutLine: {'line': b'-- Up-to-date symlink: /home/hornet/Desktop/pathfollowingbot/install/mobile_robot/share/mobile_robot/model/.venv/lib64/python3.12/site-packages/yaml/__init__.py\n'}
[0.285898] (mobile_robot) StdoutLine: {'line': b'-- Up-to-date symlink: /home/hornet/Desktop/pathfollowingbot/install/mobile_robot/share/mobile_robot/model/.venv/lib64/python3.12/site-packages/yaml/__pycache__/__init__.cpython-312.pyc\n'}
[0.285932] (mobile_robot) StdoutLine: {'line': b'-- Up-to-date symlink: /home/hornet/Desktop/pathfollowingbot/install/mobile_robot/share/mobile_robot/model/.venv/lib64/python3.12/site-packages/yaml/__pycache__/composer.cpython-312.pyc\n'}
[0.285966] (mobile_robot) StdoutLine: {'line': b'-- Up-to-date symlink: /home/hornet/Desktop/pathfollowingbot/install/mobile_robot/share/mobile_robot/model/.venv/lib64/python3.12/site-packages/yaml/__pycache__/constructor.cpython-312.pyc\n'}
[0.286002] (mobile_robot) StdoutLine: {'line': b'-- Up-to-date symlink: /home/hornet/Desktop/pathfollowingbot/install/mobile_robot/share/mobile_robot/model/.venv/lib64/python3.12/site-packages/yaml/__pycache__/cyaml.cpython-312.pyc\n'}
[0.286059] (mobile_robot) StdoutLine: {'line': b'-- Up-to-date symlink: /home/hornet/Desktop/pathfollowingbot/install/mobile_robot/share/mobile_robot/model/.venv/lib64/python3.12/site-packages/yaml/__pycache__/dumper.cpython-312.pyc\n'}
[0.286096] (mobile_robot) StdoutLine: {'line': b'-- Up-to-date symlink: /home/hornet/Desktop/pathfollowingbot/install/mobile_robot/share/mobile_robot/model/.venv/lib64/python3.12/site-packages/yaml/__pycache__/emitter.cpython-312.pyc\n'}
[0.286131] (mobile_robot) StdoutLine: {'line': b'-- Up-to-date symlink: /home/hornet/Desktop/pathfollowingbot/install/mobile_robot/share/mobile_robot/model/.venv/lib64/python3.12/site-packages/yaml/__pycache__/error.cpython-312.pyc\n'}
[0.286165] (mobile_robot) StdoutLine: {'line': b'-- Up-to-date symlink: /home/hornet/Desktop/pathfollowingbot/install/mobile_robot/share/mobile_robot/model/.venv/lib64/python3.12/site-packages/yaml/__pycache__/events.cpython-312.pyc\n'}
[0.286198] (mobile_robot) StdoutLine: {'line': b'-- Up-to-date symlink: /home/hornet/Desktop/pathfollowingbot/install/mobile_robot/share/mobile_robot/model/.venv/lib64/python3.12/site-packages/yaml/__pycache__/loader.cpython-312.pyc\n'}
[0.286253] (mobile_robot) StdoutLine: {'line': b'-- Up-to-date symlink: /home/hornet/Desktop/pathfollowingbot/install/mobile_robot/share/mobile_robot/model/.venv/lib64/python3.12/site-packages/yaml/__pycache__/nodes.cpython-312.pyc\n'}
[0.286293] (mobile_robot) StdoutLine: {'line': b'-- Up-to-date symlink: /home/hornet/Desktop/pathfollowingbot/install/mobile_robot/share/mobile_robot/model/.venv/lib64/python3.12/site-packages/yaml/__pycache__/parser.cpython-312.pyc\n'}
[0.286327] (mobile_robot) StdoutLine: {'line': b'-- Up-to-date symlink: /home/hornet/Desktop/pathfollowingbot/install/mobile_robot/share/mobile_robot/model/.venv/lib64/python3.12/site-packages/yaml/__pycache__/reader.cpython-312.pyc\n'}
[0.286363] (mobile_robot) StdoutLine: {'line': b'-- Up-to-date symlink: /home/hornet/Desktop/pathfollowingbot/install/mobile_robot/share/mobile_robot/model/.venv/lib64/python3.12/site-packages/yaml/__pycache__/representer.cpython-312.pyc\n'}
[0.286421] (mobile_robot) StdoutLine: {'line': b'-- Up-to-date symlink: /home/hornet/Desktop/pathfollowingbot/install/mobile_robot/share/mobile_robot/model/.venv/lib64/python3.12/site-packages/yaml/__pycache__/resolver.cpython-312.pyc\n'}
[0.286457] (mobile_robot) StdoutLine: {'line': b'-- Up-to-date symlink: /home/hornet/Desktop/pathfollowingbot/install/mobile_robot/share/mobile_robot/model/.venv/lib64/python3.12/site-packages/yaml/__pycache__/scanner.cpython-312.pyc\n'}
[0.286493] (mobile_robot) StdoutLine: {'line': b'-- Up-to-date symlink: /home/hornet/Desktop/pathfollowingbot/install/mobile_robot/share/mobile_robot/model/.venv/lib64/python3.12/site-packages/yaml/__pycache__/serializer.cpython-312.pyc\n'}
[0.286528] (mobile_robot) StdoutLine: {'line': b'-- Up-to-date symlink: /home/hornet/Desktop/pathfollowingbot/install/mobile_robot/share/mobile_robot/model/.venv/lib64/python3.12/site-packages/yaml/__pycache__/tokens.cpython-312.pyc\n'}
[0.286584] (mobile_robot) StdoutLine: {'line': b'-- Up-to-date symlink: /home/hornet/Desktop/pathfollowingbot/install/mobile_robot/share/mobile_robot/model/.venv/lib64/python3.12/site-packages/yaml/_yaml.cpython-312-x86_64-linux-gnu.so\n'}
[0.286620] (mobile_robot) StdoutLine: {'line': b'-- Up-to-date symlink: /home/hornet/Desktop/pathfollowingbot/install/mobile_robot/share/mobile_robot/model/.venv/lib64/python3.12/site-packages/yaml/composer.py\n'}
[0.286660] (mobile_robot) StdoutLine: {'line': b'-- Up-to-date symlink: /home/hornet/Desktop/pathfollowingbot/install/mobile_robot/share/mobile_robot/model/.venv/lib64/python3.12/site-packages/yaml/constructor.py\n'}
[0.286714] (mobile_robot) StdoutLine: {'line': b'-- Up-to-date symlink: /home/hornet/Desktop/pathfollowingbot/install/mobile_robot/share/mobile_robot/model/.venv/lib64/python3.12/site-packages/yaml/cyaml.py\n'}
[0.286752] (mobile_robot) StdoutLine: {'line': b'-- Up-to-date symlink: /home/hornet/Desktop/pathfollowingbot/install/mobile_robot/share/mobile_robot/model/.venv/lib64/python3.12/site-packages/yaml/dumper.py\n'}
[0.286787] (mobile_robot) StdoutLine: {'line': b'-- Up-to-date symlink: /home/hornet/Desktop/pathfollowingbot/install/mobile_robot/share/mobile_robot/model/.venv/lib64/python3.12/site-packages/yaml/emitter.py\n'}
[0.286838] (mobile_robot) StdoutLine: {'line': b'-- Up-to-date symlink: /home/hornet/Desktop/pathfollowingbot/install/mobile_robot/share/mobile_robot/model/.venv/lib64/python3.12/site-packages/yaml/error.py\n'}
[0.286874] (mobile_robot) StdoutLine: {'line': b'-- Up-to-date symlink: /home/hornet/Desktop/pathfollowingbot/install/mobile_robot/share/mobile_robot/model/.venv/lib64/python3.12/site-packages/yaml/events.py\n'}
[0.286927] (mobile_robot) StdoutLine: {'line': b'-- Up-to-date symlink: /home/hornet/Desktop/pathfollowingbot/install/mobile_robot/share/mobile_robot/model/.venv/lib64/python3.12/site-packages/yaml/loader.py\n'}
[0.286964] (mobile_robot) StdoutLine: {'line': b'-- Up-to-date symlink: /home/hornet/Desktop/pathfollowingbot/install/mobile_robot/share/mobile_robot/model/.venv/lib64/python3.12/site-packages/yaml/nodes.py\n'}
[0.287019] (mobile_robot) StdoutLine: {'line': b'-- Up-to-date symlink: /home/hornet/Desktop/pathfollowingbot/install/mobile_robot/share/mobile_robot/model/.venv/lib64/python3.12/site-packages/yaml/parser.py\n'}
[0.287057] (mobile_robot) StdoutLine: {'line': b'-- Up-to-date symlink: /home/hornet/Desktop/pathfollowingbot/install/mobile_robot/share/mobile_robot/model/.venv/lib64/python3.12/site-packages/yaml/reader.py\n'}
[0.287094] (mobile_robot) StdoutLine: {'line': b'-- Up-to-date symlink: /home/hornet/Desktop/pathfollowingbot/install/mobile_robot/share/mobile_robot/model/.venv/lib64/python3.12/site-packages/yaml/representer.py\n'}
[0.287131] (mobile_robot) StdoutLine: {'line': b'-- Up-to-date symlink: /home/hornet/Desktop/pathfollowingbot/install/mobile_robot/share/mobile_robot/model/.venv/lib64/python3.12/site-packages/yaml/resolver.py\n'}
[0.287192] (mobile_robot) StdoutLine: {'line': b'-- Up-to-date symlink: /home/hornet/Desktop/pathfollowingbot/install/mobile_robot/share/mobile_robot/model/.venv/lib64/python3.12/site-packages/yaml/scanner.py\n'}
[0.287229] (mobile_robot) StdoutLine: {'line': b'-- Up-to-date symlink: /home/hornet/Desktop/pathfollowingbot/install/mobile_robot/share/mobile_robot/model/.venv/lib64/python3.12/site-packages/yaml/serializer.py\n'}
[0.287265] (mobile_robot) StdoutLine: {'line': b'-- Up-to-date symlink: /home/hornet/Desktop/pathfollowingbot/install/mobile_robot/share/mobile_robot/model/.venv/lib64/python3.12/site-packages/yaml/tokens.py\n'}
[0.287318] (mobile_robot) StdoutLine: {'line': b'-- Up-to-date symlink: /home/hornet/Desktop/pathfollowingbot/install/mobile_robot/share/mobile_robot/model/.venv/pip.pyz\n'}
[0.287354] (mobile_robot) StdoutLine: {'line': b'-- Up-to-date symlink: /home/hornet/Desktop/pathfollowingbot/install/mobile_robot/share/mobile_robot/model/.venv/pyvenv.cfg\n'}
[0.287390] (mobile_robot) StdoutLine: {'line': b'-- Up-to-date symlink: /home/hornet/Desktop/pathfollowingbot/install/mobile_robot/share/mobile_robot/model/build/.built_by\n'}
[0.287450] (mobile_robot) StdoutLine: {'line': b'-- Up-to-date symlink: /home/hornet/Desktop/pathfollowingbot/install/mobile_robot/share/mobile_robot/model/build/COLCON_IGNORE\n'}
[0.287487] (mobile_robot) StdoutLine: {'line': b'-- Up-to-date symlink: /home/hornet/Desktop/pathfollowingbot/install/mobile_robot/share/mobile_robot/model/install/.colcon_install_layout\n'}
[0.287523] (mobile_robot) StdoutLine: {'line': b'-- Up-to-date symlink: /home/hornet/Desktop/pathfollowingbot/install/mobile_robot/share/mobile_robot/model/install/COLCON_IGNORE\n'}
[0.287584] (mobile_robot) StdoutLine: {'line': b'-- Up-to-date symlink: /home/hornet/Desktop/pathfollowingbot/install/mobile_robot/share/mobile_robot/model/install/_local_setup_util_ps1.py\n'}
[0.287620] (mobile_robot) StdoutLine: {'line': b'-- Up-to-date symlink: /home/hornet/Desktop/pathfollowingbot/install/mobile_robot/share/mobile_robot/model/install/_local_setup_util_sh.py\n'}
[0.287658] (mobile_robot) StdoutLine: {'line': b'-- Up-to-date symlink: /home/hornet/Desktop/pathfollowingbot/install/mobile_robot/share/mobile_robot/model/install/local_setup.bash\n'}
[0.287708] (mobile_robot) StdoutLine: {'line': b'-- Up-to-date symlink: /home/hornet/Desktop/pathfollowingbot/install/mobile_robot/share/mobile_robot/model/install/local_setup.ps1\n'}
[0.287770] (mobile_robot) StdoutLine: {'line': b'-- Up-to-date symlink: /home/hornet/Desktop/pathfollowingbot/install/mobile_robot/share/mobile_robot/model/install/local_setup.sh\n'}
[0.287817] (mobile_robot) StdoutLine: {'line': b'-- Up-to-date symlink: /home/hornet/Desktop/pathfollowingbot/install/mobile_robot/share/mobile_robot/model/install/local_setup.zsh\n'}
[0.287852] (mobile_robot) StdoutLine: {'line': b'-- Up-to-date symlink: /home/hornet/Desktop/pathfollowingbot/install/mobile_robot/share/mobile_robot/model/install/setup.bash\n'}
[0.287887] (mobile_robot) StdoutLine: {'line': b'-- Up-to-date symlink: /home/hornet/Desktop/pathfollowingbot/install/mobile_robot/share/mobile_robot/model/install/setup.ps1\n'}
[0.287948] (mobile_robot) StdoutLine: {'line': b'-- Up-to-date symlink: /home/hornet/Desktop/pathfollowingbot/install/mobile_robot/share/mobile_robot/model/install/setup.sh\n'}
[0.287993] (mobile_robot) StdoutLine: {'line': b'-- Up-to-date symlink: /home/hornet/Desktop/pathfollowingbot/install/mobile_robot/share/mobile_robot/model/install/setup.zsh\n'}
[0.288028] (mobile_robot) StdoutLine: {'line': b'-- Up-to-date symlink: /home/hornet/Desktop/pathfollowingbot/install/mobile_robot/share/mobile_robot/model/log/COLCON_IGNORE\n'}
[0.288064] (mobile_robot) StdoutLine: {'line': b'-- Up-to-date symlink: /home/hornet/Desktop/pathfollowingbot/install/mobile_robot/share/mobile_robot/model/log/build_2025-12-28_23-05-32/events.log\n'}
[0.288117] (mobile_robot) StdoutLine: {'line': b'-- Up-to-date symlink: /home/hornet/Desktop/pathfollowingbot/install/mobile_robot/share/mobile_robot/model/log/build_2025-12-28_23-05-32/logger_all.log\n'}
[0.288173] (mobile_robot) StdoutLine: {'line': b'-- Up-to-date symlink: /home/hornet/Desktop/pathfollowingbot/install/mobile_robot/share/mobile_robot/model/log/latest/events.log\n'}
[0.288232] (mobile_robot) StdoutLine: {'line': b'-- Up-to-date symlink: /home/hornet/Desktop/pathfollowingbot/install/mobile_robot/share/mobile_robot/model/log/latest/logger_all.log\n'}
[0.288267] (mobile_robot) StdoutLine: {'line': b'-- Up-to-date symlink: /home/hornet/Desktop/pathfollowingbot/install/mobile_robot/share/mobile_robot/model/log/latest_build/events.log\n'}
[0.288314] (mobile_robot) StdoutLine: {'line': b'-- Up-to-date symlink: /home/hornet/Desktop/pathfollowingbot/install/mobile_robot/share/mobile_robot/model/log/latest_build/logger_all.log\n'}
[0.288349] (mobile_robot) StdoutLine: {'line': b'-- Up-to-date symlink: /home/hornet/Desktop/pathfollowingbot/install/mobile_robot/share/mobile_robot/model/robot.gazebo.xacro\n'}
[0.288399] (mobile_robot) StdoutLine: {'line': b'-- Up-to-date symlink: /home/hornet/Desktop/pathfollowingbot/install/mobile_robot/share/mobile_robot/model/robot.xacro\n'}
[0.288605] (mobile_robot) StdoutLine: {'line': b'-- Up-to-date symlink: /home/hornet/Desktop/pathfollowingbot/install/mobile_robot/share/mobile_robot/parameters/bridge_parameters.yaml\n'}
[0.288659] (mobile_robot) StdoutLine: {'line': b'-- Up-to-date symlink: /home/hornet/Desktop/pathfollowingbot/install/mobile_robot/share/mobile_robot/parameters/mapper_params_online_async.yaml\n'}
[0.288894] (mobile_robot) StderrLine: {'line': b'\x1b[33mCMake Warning (dev) at ament_cmake_symlink_install/ament_cmake_symlink_install.cmake:67 (file):\n'}
[0.288934] (mobile_robot) StderrLine: {'line': b'  Policy CMP0009 is not set: FILE GLOB_RECURSE calls should not follow\n'}
[0.288967] (mobile_robot) StderrLine: {'line': b'  symlinks by default.  Run "cmake --help-policy CMP0009" for policy details.\n'}
[0.289006] (mobile_robot) StderrLine: {'line': b'  Use the cmake_policy command to set the policy and suppress this warning.\n'}
[0.289041] (mobile_robot) StderrLine: {'line': b'Call Stack (most recent call first):\n'}
[0.289081] (mobile_robot) StderrLine: {'line': b'  ament_cmake_symlink_install/ament_cmake_symlink_install.cmake:325 (ament_cmake_symlink_install_directory)\n'}
[0.289117] (mobile_robot) StderrLine: {'line': b'  cmake_install.cmake:46 (include)\n'}
[0.289158] (mobile_robot) StderrLine: {'line': b'This warning is for project developers.  Use -Wno-dev to suppress it.\n'}
[0.289192] (mobile_robot) StderrLine: {'line': b'\x1b[0m\n'}
[0.289248] (mobile_robot) StderrLine: {'line': b'\x1b[33mCMake Warning (dev) at ament_cmake_symlink_install/ament_cmake_symlink_install.cmake:78 (file):\n'}
[0.289285] (mobile_robot) StderrLine: {'line': b'  Policy CMP0009 is not set: FILE GLOB_RECURSE calls should not follow\n'}
[0.289323] (mobile_robot) StderrLine: {'line': b'  symlinks by default.  Run "cmake --help-policy CMP0009" for policy details.\n'}
[0.289478] (mobile_robot) StderrLine: {'line': b'  Use the cmake_policy command to set the policy and suppress this warning.\n'}
[0.289517] (mobile_robot) StderrLine: {'line': b'Call Stack (most recent call first):\n'}
[0.289552] (mobile_robot) StderrLine: {'line': b'  ament_cmake_symlink_install/ament_cmake_symlink_install.cmake:325 (ament_cmake_symlink_install_directory)\n'}
[0.289588] (mobile_robot) StderrLine: {'line': b'  cmake_install.cmake:46 (include)\n'}
[0.289648] (mobile_robot) StderrLine: {'line': b'This warning is for project developers.  Use -Wno-dev to suppress it.\n'}
[0.289692] (mobile_robot) StderrLine: {'line': b'\x1b[0m\n'}
[0.289729] (mobile_robot) StderrLine: {'line': b'\x1b[33mCMake Warning (dev) at ament_cmake_symlink_install/ament_cmake_symlink_install.cmake:78 (file):\n'}
[0.289768] (mobile_robot) StderrLine: {'line': b'  Policy CMP0009 is not set: FILE GLOB_RECURSE calls should not follow\n'}
[0.289802] (mobile_robot) StderrLine: {'line': b'  symlinks by default.  Run "cmake --help-policy CMP0009" for policy details.\n'}
[0.289839] (mobile_robot) StderrLine: {'line': b'  Use the cmake_policy command to set the policy and suppress this warning.\n'}
[0.289877] (mobile_robot) StderrLine: {'line': b'Call Stack (most recent call first):\n'}
[0.289915] (mobile_robot) StderrLine: {'line': b'  ament_cmake_symlink_install/ament_cmake_symlink_install.cmake:325 (ament_cmake_symlink_install_directory)\n'}
[0.289953] (mobile_robot) StderrLine: {'line': b'  cmake_install.cmake:46 (include)\n'}
[0.289989] (mobile_robot) StderrLine: {'line': b'This warning is for project developers.  Use -Wno-dev to suppress it.\n'}
[0.290025] (mobile_robot) StderrLine: {'line': b'\x1b[0m\n'}
[0.290061] (mobile_robot) StderrLine: {'line': b'\x1b[33mCMake Warning (dev) at ament_cmake_symlink_install/ament_cmake_symlink_install.cmake:78 (file):\n'}
[0.290099] (mobile_robot) StderrLine: {'line': b'  Policy CMP0009 is not set: FILE GLOB_RECURSE calls should not follow\n'}
[0.290137] (mobile_robot) StderrLine: {'line': b'  symlinks by default.  Run "cmake --help-policy CMP0009" for policy details.\n'}
[0.290172] (mobile_robot) StderrLine: {'line': b'  Use the cmake_policy command to set the policy and suppress this warning.\n'}
[0.290207] (mobile_robot) StderrLine: {'line': b'Call Stack (most recent call first):\n'}
[0.290243] (mobile_robot) StderrLine: {'line': b'  ament_cmake_symlink_install/ament_cmake_symlink_install.cmake:325 (ament_cmake_symlink_install_directory)\n'}
[0.290278] (mobile_robot) StderrLine: {'line': b'  cmake_install.cmake:46 (include)\n'}
[0.290313] (mobile_robot) StderrLine: {'line': b'This warning is for project developers.  Use -Wno-dev to suppress it.\n'}
[0.290347] (mobile_robot) StderrLine: {'line': b'\x1b[0m\n'}
[0.290383] (mobile_robot) StderrLine: {'line': b'\x1b[33mCMake Warning (dev) at ament_cmake_symlink_install/ament_cmake_symlink_install.cmake:78 (file):\n'}
[0.290418] (mobile_robot) StderrLine: {'line': b'  Policy CMP0009 is not set: FILE GLOB_RECURSE calls should not follow\n'}
[0.290452] (mobile_robot) StderrLine: {'line': b'  symlinks by default.  Run "cmake --help-policy CMP0009" for policy details.\n'}
[0.290487] (mobile_robot) StderrLine: {'line': b'  Use the cmake_policy command to set the policy and suppress this warning.\n'}
[0.290522] (mobile_robot) StderrLine: {'line': b'Call Stack (most recent call first):\n'}
[0.290557] (mobile_robot) StderrLine: {'line': b'  ament_cmake_symlink_install/ament_cmake_symlink_install.cmake:325 (ament_cmake_symlink_install_directory)\n'}
[0.290592] (mobile_robot) StderrLine: {'line': b'  cmake_install.cmake:46 (include)\n'}
[0.290626] (mobile_robot) StderrLine: {'line': b'This warning is for project developers.  Use -Wno-dev to suppress it.\n'}
[0.290664] (mobile_robot) StderrLine: {'line': b'\x1b[0m\n'}
[0.290697] (mobile_robot) StdoutLine: {'line': b'-- Up-to-date symlink: /home/hornet/Desktop/pathfollowingbot/install/mobile_robot/share/mobile_robot/worlds/build/.built_by\n'}
[0.290734] (mobile_robot) StdoutLine: {'line': b'-- Up-to-date symlink: /home/hornet/Desktop/pathfollowingbot/install/mobile_robot/share/mobile_robot/worlds/build/COLCON_IGNORE\n'}
[0.290771] (mobile_robot) StdoutLine: {'line': b'-- Up-to-date symlink: /home/hornet/Desktop/pathfollowingbot/install/mobile_robot/share/mobile_robot/worlds/install/.colcon_install_layout\n'}
[0.290808] (mobile_robot) StdoutLine: {'line': b'-- Up-to-date symlink: /home/hornet/Desktop/pathfollowingbot/install/mobile_robot/share/mobile_robot/worlds/install/COLCON_IGNORE\n'}
[0.290874] (mobile_robot) StdoutLine: {'line': b'-- Up-to-date symlink: /home/hornet/Desktop/pathfollowingbot/install/mobile_robot/share/mobile_robot/worlds/install/_local_setup_util_ps1.py\n'}
[0.290913] (mobile_robot) StdoutLine: {'line': b'-- Up-to-date symlink: /home/hornet/Desktop/pathfollowingbot/install/mobile_robot/share/mobile_robot/worlds/install/_local_setup_util_sh.py\n'}
[0.290950] (mobile_robot) StdoutLine: {'line': b'-- Up-to-date symlink: /home/hornet/Desktop/pathfollowingbot/install/mobile_robot/share/mobile_robot/worlds/install/local_setup.bash\n'}
[0.291045] (mobile_robot) StdoutLine: {'line': b'-- Up-to-date symlink: /home/hornet/Desktop/pathfollowingbot/install/mobile_robot/share/mobile_robot/worlds/install/local_setup.ps1\n'}
[0.291092] (mobile_robot) StdoutLine: {'line': b'-- Up-to-date symlink: /home/hornet/Desktop/pathfollowingbot/install/mobile_robot/share/mobile_robot/worlds/install/local_setup.sh\n'}
[0.291129] (mobile_robot) StdoutLine: {'line': b'-- Up-to-date symlink: /home/hornet/Desktop/pathfollowingbot/install/mobile_robot/share/mobile_robot/worlds/install/local_setup.zsh\n'}
[0.291165] (mobile_robot) StdoutLine: {'line': b'-- Up-to-date symlink: /home/hornet/Desktop/pathfollowingbot/install/mobile_robot/share/mobile_robot/worlds/install/setup.bash\n'}
[0.291200] (mobile_robot) StdoutLine: {'line': b'-- Up-to-date symlink: /home/hornet/Desktop/pathfollowingbot/install/mobile_robot/share/mobile_robot/worlds/install/setup.ps1\n'}
[0.291239] (mobile_robot) StdoutLine: {'line': b'-- Up-to-date symlink: /home/hornet/Desktop/pathfollowingbot/install/mobile_robot/share/mobile_robot/worlds/install/setup.sh\n'}
[0.291295] (mobile_robot) StdoutLine: {'line': b'-- Up-to-date symlink: /home/hornet/Desktop/pathfollowingbot/install/mobile_robot/share/mobile_robot/worlds/install/setup.zsh\n'}
[0.291333] (mobile_robot) StdoutLine: {'line': b'-- Up-to-date symlink: /home/hornet/Desktop/pathfollowingbot/install/mobile_robot/share/mobile_robot/worlds/log/COLCON_IGNORE\n'}
[0.291370] (mobile_robot) StdoutLine: {'line': b'-- Up-to-date symlink: /home/hornet/Desktop/pathfollowingbot/install/mobile_robot/share/mobile_robot/worlds/log/build_2026-02-16_22-56-19/events.log\n'}
[0.291406] (mobile_robot) StdoutLine: {'line': b'-- Up-to-date symlink: /home/hornet/Desktop/pathfollowingbot/install/mobile_robot/share/mobile_robot/worlds/log/build_2026-02-16_22-56-19/logger_all.log\n'}
[0.291441] (mobile_robot) StdoutLine: {'line': b'-- Up-to-date symlink: /home/hornet/Desktop/pathfollowingbot/install/mobile_robot/share/mobile_robot/worlds/log/build_2026-02-17_04-18-17/events.log\n'}
[0.291480] (mobile_robot) StdoutLine: {'line': b'-- Up-to-date symlink: /home/hornet/Desktop/pathfollowingbot/install/mobile_robot/share/mobile_robot/worlds/log/build_2026-02-17_04-18-17/logger_all.log\n'}
[0.291516] (mobile_robot) StdoutLine: {'line': b'-- Up-to-date symlink: /home/hornet/Desktop/pathfollowingbot/install/mobile_robot/share/mobile_robot/worlds/log/build_2026-02-17_04-19-29/events.log\n'}
[0.291552] (mobile_robot) StdoutLine: {'line': b'-- Up-to-date symlink: /home/hornet/Desktop/pathfollowingbot/install/mobile_robot/share/mobile_robot/worlds/log/build_2026-02-17_04-19-29/logger_all.log\n'}
[0.291587] (mobile_robot) StdoutLine: {'line': b'-- Up-to-date symlink: /home/hornet/Desktop/pathfollowingbot/install/mobile_robot/share/mobile_robot/worlds/log/latest/events.log\n'}
[0.291626] (mobile_robot) StdoutLine: {'line': b'-- Up-to-date symlink: /home/hornet/Desktop/pathfollowingbot/install/mobile_robot/share/mobile_robot/worlds/log/latest/logger_all.log\n'}
[0.291664] (mobile_robot) StdoutLine: {'line': b'-- Up-to-date symlink: /home/hornet/Desktop/pathfollowingbot/install/mobile_robot/share/mobile_robot/worlds/log/latest_build/events.log\n'}
[0.291699] (mobile_robot) StdoutLine: {'line': b'-- Up-to-date symlink: /home/hornet/Desktop/pathfollowingbot/install/mobile_robot/share/mobile_robot/worlds/log/latest_build/logger_all.log\n'}
[0.291757] (mobile_robot) StdoutLine: {'line': b'-- Up-to-date symlink: /home/hornet/Desktop/pathfollowingbot/install/mobile_robot/share/mobile_robot/worlds/track.world\n'}
[0.291791] (mobile_robot) StdoutLine: {'line': b'-- Up-to-date symlink: /home/hornet/Desktop/pathfollowingbot/install/mobile_robot/share/mobile_robot/worlds/track_walls.sdf\n'}
[0.291837] (mobile_robot) StdoutLine: {'line': b'-- Up-to-date symlink: /home/hornet/Desktop/pathfollowingbot/install/mobile_robot/share/mobile_robot/models/track_walls/model.config\n'}
[0.291874] (mobile_robot) StdoutLine: {'line': b'-- Up-to-date symlink: /home/hornet/Desktop/pathfollowingbot/install/mobile_robot/share/mobile_robot/models/track_walls/model.sdf\n'}
[0.291918] (mobile_robot) StdoutLine: {'line': b'-- Up-to-date symlink: /home/hornet/Desktop/pathfollowingbot/install/mobile_robot/share/mobile_robot/config/nav2_map.rviz\n'}
[0.291954] (mobile_robot) StdoutLine: {'line': b'-- Up-to-date symlink: /home/hornet/Desktop/pathfollowingbot/install/mobile_robot/share/mobile_robot/config/nav2_params.yaml\n'}
[0.291994] (mobile_robot) StdoutLine: {'line': b'-- Up-to-date symlink: /home/hornet/Desktop/pathfollowingbot/install/mobile_robot/share/mobile_robot/config/slam_toolbox.yaml\n'}
[0.292031] (mobile_robot) StdoutLine: {'line': b'-- Up-to-date symlink: /home/hornet/Desktop/pathfollowingbot/install/mobile_robot/share/mobile_robot/maps/pasted_image.png\n'}
[0.292070] (mobile_robot) StdoutLine: {'line': b'-- Up-to-date symlink: /home/hornet/Desktop/pathfollowingbot/install/mobile_robot/share/mobile_robot/maps/test_track.png\n'}
[0.292108] (mobile_robot) StdoutLine: {'line': b'-- Up-to-date symlink: /home/hornet/Desktop/pathfollowingbot/install/mobile_robot/share/mobile_robot/maps/test_track.yaml\n'}
[0.292148] (mobile_robot) StdoutLine: {'line': b'-- Up-to-date symlink: /home/hornet/Desktop/pathfollowingbot/install/mobile_robot/share/mobile_robot/rviz/slam.rviz\n'}
[0.292184] (mobile_robot) StdoutLine: {'line': b'-- Up-to-date symlink: /home/hornet/Desktop/pathfollowingbot/install/mobile_robot/share/mobile_robot/docs/PURE_PURSUIT.md\n'}
[0.292233] (mobile_robot) StdoutLine: {'line': b'-- Up-to-date symlink: /home/hornet/Desktop/pathfollowingbot/install/mobile_robot/share/ament_index/resource_index/package_run_dependencies/mobile_robot\n'}
[0.292271] (mobile_robot) StdoutLine: {'line': b'-- Up-to-date symlink: /home/hornet/Desktop/pathfollowingbot/install/mobile_robot/share/ament_index/resource_index/parent_prefix_path/mobile_robot\n'}
[0.292308] (mobile_robot) StdoutLine: {'line': b'-- Up-to-date symlink: /home/hornet/Desktop/pathfollowingbot/install/mobile_robot/share/mobile_robot/environment/ament_prefix_path.sh\n'}
[0.292347] (mobile_robot) StdoutLine: {'line': b'-- Up-to-date symlink: /home/hornet/Desktop/pathfollowingbot/install/mobile_robot/share/mobile_robot/environment/ament_prefix_path.dsv\n'}
[0.292406] (mobile_robot) StdoutLine: {'line': b'-- Up-to-date symlink: /home/hornet/Desktop/pathfollowingbot/install/mobile_robot/share/mobile_robot/environment/path.sh\n'}
[0.292447] (mobile_robot) StdoutLine: {'line': b'-- Up-to-date symlink: /home/hornet/Desktop/pathfollowingbot/install/mobile_robot/share/mobile_robot/environment/path.dsv\n'}
[0.292486] (mobile_robot) StdoutLine: {'line': b'-- Up-to-date symlink: /home/hornet/Desktop/pathfollowingbot/install/mobile_robot/share/mobile_robot/local_setup.bash\n'}
[0.292543] (mobile_robot) StdoutLine: {'line': b'-- Up-to-date symlink: /home/hornet/Desktop/pathfollowingbot/install/mobile_robot/share/mobile_robot/local_setup.sh\n'}
[0.292579] (mobile_robot) StdoutLine: {'line': b'-- Up-to-date symlink: /home/hornet/Desktop/pathfollowingbot/install/mobile_robot/share/mobile_robot/local_setup.zsh\n'}
[0.292614] (mobile_robot) StdoutLine: {'line': b'-- Up-to-date symlink: /home/hornet/Desktop/pathfollowingbot/install/mobile_robot/share/mobile_robot/local_setup.dsv\n'}
[0.292648] (mobile_robot) StdoutLine: {'line': b'-- Symlinking: /home/hornet/Desktop/pathfollowingbot/install/mobile_robot/share/mobile_robot/package.dsv\n'}
[0.299794] (-) TimerEvent: {}
[0.308257] (mobile_robot) StdoutLine: {'line': b'-- Up-to-date symlink: /home/hornet/Desktop/pathfollowingbot/install/mobile_robot/share/ament_index/resource_index/packages/mobile_robot\n'}
[0.308423] (mobile_robot) StdoutLine: {'line': b'-- Up-to-date symlink: /home/hornet/Desktop/pathfollowingbot/install/mobile_robot/share/mobile_robot/cmake/mobile_robotConfig.cmake\n'}
[0.308473] (mobile_robot) StdoutLine: {'line': b'-- Up-to-date symlink: /home/hornet/Desktop/pathfollowingbot/install/mobile_robot/share/mobile_robot/cmake/mobile_robotConfig-version.cmake\n'}
[0.308510] (mobile_robot) StdoutLine: {'line': b'-- Up-to-date symlink: /home/hornet/Desktop/pathfollowingbot/install/mobile_robot/share/mobile_robot/package.xml\n'}
[0.309702] (mobile_robot) CommandEnded: {'returncode': 0}
[0.330073] (mobile_robot) JobEnded: {'identifier': 'mobile_robot', 'rc': 0}
[0.330468] (-) EventReactorShutdown: {}
