[0.068s] DEBUG:colcon:Command line arguments: ['/usr/bin/colcon', 'build', '--symlink-install']
[0.068s] DEBUG:colcon:Parsed command line arguments: Namespace(log_base=None, log_level=None, verb_name='build', build_base='build', install_base='install', merge_install=False, symlink_install=True, test_result_base=None, continue_on_error=False, executor='parallel', parallel_workers=16, event_handlers=None, ignore_user_meta=False, metas=['./colcon.meta'], base_paths=['.'], packages_ignore=None, packages_ignore_regex=None, paths=None, packages_up_to=None, packages_up_to_regex=None, packages_above=None, packages_above_and_dependencies=None, packages_above_depth=None, packages_select_by_dep=None, packages_skip_by_dep=None, packages_skip_up_to=None, packages_select_build_failed=False, packages_skip_build_finished=False, packages_select_test_failures=False, packages_skip_test_passed=False, packages_select=None, packages_skip=None, packages_select_regex=None, packages_skip_regex=None, packages_start=None, packages_end=None, allow_overriding=[], cmake_args=None, cmake_target=None, cmake_target_skip_unavailable=False, cmake_clean_cache=False, cmake_clean_first=False, cmake_force_configure=False, ament_cmake_args=None, catkin_cmake_args=None, catkin_skip_building_tests=False, mixin_files=None, mixin=None, verb_parser=<colcon_mixin.mixin.mixin_argument.MixinArgumentDecorator object at 0x7e91955a7bc0>, verb_extension=<colcon_core.verb.build.BuildVerb object at 0x7e91955a7860>, main=<bound method BuildVerb.main of <colcon_core.verb.build.BuildVerb object at 0x7e91955a7860>>, mixin_verb=('build',))
[0.092s] Level 1:colcon.colcon_core.package_discovery:discover_packages(colcon_meta) check parameters
[0.092s] Level 1:colcon.colcon_core.package_discovery:discover_packages(recursive) check parameters
[0.092s] Level 1:colcon.colcon_core.package_discovery:discover_packages(ignore) check parameters
[0.092s] Level 1:colcon.colcon_core.package_discovery:discover_packages(path) check parameters
[0.092s] Level 1:colcon.colcon_core.package_discovery:discover_packages(colcon_meta) discover
[0.093s] Level 1:colcon.colcon_core.package_discovery:discover_packages(recursive) discover
[0.093s] INFO:colcon.colcon_core.package_discovery:Crawling recursively for packages in '/home/hornet/Desktop/pathfollowingbot'
[0.093s] Level 1:colcon.colcon_core.package_identification:_identify(.) by extensions ['ignore', 'ignore_ament_install']
[0.093s] Level 1:colcon.colcon_core.package_identification:_identify(.) by extension 'ignore'
[0.093s] Level 1:colcon.colcon_core.package_identification:_identify(.) by extension 'ignore_ament_install'
[0.093s] Level 1:colcon.colcon_core.package_identification:_identify(.) by extensions ['colcon_pkg']
[0.093s] Level 1:colcon.colcon_core.package_identification:_identify(.) by extension 'colcon_pkg'
[0.093s] Level 1:colcon.colcon_core.package_identification:_identify(.) by extensions ['colcon_meta']
[0.093s] Level 1:colcon.colcon_core.package_identification:_identify(.) by extension 'colcon_meta'
[0.093s] Level 1:colcon.colcon_core.package_identification:_identify(.) by extensions ['ros']
[0.093s] Level 1:colcon.colcon_core.package_identification:_identify(.) by extension 'ros'
[0.110s] Level 1:colcon.colcon_core.package_identification:_identify(.) by extensions ['cmake', 'python']
[0.110s] Level 1:colcon.colcon_core.package_identification:_identify(.) by extension 'cmake'
[0.110s] Level 1:colcon.colcon_core.package_identification:_identify(.) by extension 'python'
[0.110s] Level 1:colcon.colcon_core.package_identification:_identify(.) by extensions ['python_setup_py']
[0.110s] Level 1:colcon.colcon_core.package_identification:_identify(.) by extension 'python_setup_py'
[0.110s] Level 1:colcon.colcon_core.package_identification:_identify(build) by extensions ['ignore', 'ignore_ament_install']
[0.110s] Level 1:colcon.colcon_core.package_identification:_identify(build) by extension 'ignore'
[0.110s] Level 1:colcon.colcon_core.package_identification:_identify(build) ignored
[0.110s] Level 1:colcon.colcon_core.package_identification:_identify(install) by extensions ['ignore', 'ignore_ament_install']
[0.110s] Level 1:colcon.colcon_core.package_identification:_identify(install) by extension 'ignore'
[0.110s] Level 1:colcon.colcon_core.package_identification:_identify(install) ignored
[0.110s] Level 1:colcon.colcon_core.package_identification:_identify(log) by extensions ['ignore', 'ignore_ament_install']
[0.110s] Level 1:colcon.colcon_core.package_identification:_identify(log) by extension 'ignore'
[0.110s] Level 1:colcon.colcon_core.package_identification:_identify(log) ignored
[0.110s] Level 1:colcon.colcon_core.package_identification:_identify(src) by extensions ['ignore', 'ignore_ament_install']
[0.110s] Level 1:colcon.colcon_core.package_identification:_identify(src) by extension 'ignore'
[0.110s] Level 1:colcon.colcon_core.package_identification:_identify(src) by extension 'ignore_ament_install'
[0.110s] Level 1:colcon.colcon_core.package_identification:_identify(src) by extensions ['colcon_pkg']
[0.110s] Level 1:colcon.colcon_core.package_identification:_identify(src) by extension 'colcon_pkg'
[0.110s] Level 1:colcon.colcon_core.package_identification:_identify(src) by extensions ['colcon_meta']
[0.110s] Level 1:colcon.colcon_core.package_identification:_identify(src) by extension 'colcon_meta'
[0.110s] Level 1:colcon.colcon_core.package_identification:_identify(src) by extensions ['ros']
[0.110s] Level 1:colcon.colcon_core.package_identification:_identify(src) by extension 'ros'
[0.110s] Level 1:colcon.colcon_core.package_identification:_identify(src) by extensions ['cmake', 'python']
[0.110s] Level 1:colcon.colcon_core.package_identification:_identify(src) by extension 'cmake'
[0.110s] Level 1:colcon.colcon_core.package_identification:_identify(src) by extension 'python'
[0.111s] Level 1:colcon.colcon_core.package_identification:_identify(src) by extensions ['python_setup_py']
[0.111s] Level 1:colcon.colcon_core.package_identification:_identify(src) by extension 'python_setup_py'
[0.111s] Level 1:colcon.colcon_core.package_identification:_identify(src/pathbot_bringup) by extensions ['ignore', 'ignore_ament_install']
[0.111s] Level 1:colcon.colcon_core.package_identification:_identify(src/pathbot_bringup) by extension 'ignore'
[0.111s] Level 1:colcon.colcon_core.package_identification:_identify(src/pathbot_bringup) by extension 'ignore_ament_install'
[0.111s] Level 1:colcon.colcon_core.package_identification:_identify(src/pathbot_bringup) by extensions ['colcon_pkg']
[0.111s] Level 1:colcon.colcon_core.package_identification:_identify(src/pathbot_bringup) by extension 'colcon_pkg'
[0.111s] Level 1:colcon.colcon_core.package_identification:_identify(src/pathbot_bringup) by extensions ['colcon_meta']
[0.111s] Level 1:colcon.colcon_core.package_identification:_identify(src/pathbot_bringup) by extension 'colcon_meta'
[0.111s] Level 1:colcon.colcon_core.package_identification:_identify(src/pathbot_bringup) by extensions ['ros']
[0.111s] Level 1:colcon.colcon_core.package_identification:_identify(src/pathbot_bringup) by extension 'ros'
[0.112s] DEBUG:colcon.colcon_core.package_identification:Package 'src/pathbot_bringup' with type 'ros.ament_cmake' and name 'pathbot_bringup'
[0.112s] Level 1:colcon.colcon_core.package_identification:_identify(src/pathbot_control) by extensions ['ignore', 'ignore_ament_install']
[0.113s] Level 1:colcon.colcon_core.package_identification:_identify(src/pathbot_control) by extension 'ignore'
[0.113s] Level 1:colcon.colcon_core.package_identification:_identify(src/pathbot_control) by extension 'ignore_ament_install'
[0.113s] Level 1:colcon.colcon_core.package_identification:_identify(src/pathbot_control) by extensions ['colcon_pkg']
[0.113s] Level 1:colcon.colcon_core.package_identification:_identify(src/pathbot_control) by extension 'colcon_pkg'
[0.113s] Level 1:colcon.colcon_core.package_identification:_identify(src/pathbot_control) by extensions ['colcon_meta']
[0.113s] Level 1:colcon.colcon_core.package_identification:_identify(src/pathbot_control) by extension 'colcon_meta'
[0.113s] Level 1:colcon.colcon_core.package_identification:_identify(src/pathbot_control) by extensions ['ros']
[0.113s] Level 1:colcon.colcon_core.package_identification:_identify(src/pathbot_control) by extension 'ros'
[0.113s] DEBUG:colcon.colcon_core.package_identification:Package 'src/pathbot_control' with type 'ros.ament_cmake' and name 'pathbot_control'
[0.113s] Level 1:colcon.colcon_core.package_identification:_identify(src/pathbot_description) by extensions ['ignore', 'ignore_ament_install']
[0.113s] Level 1:colcon.colcon_core.package_identification:_identify(src/pathbot_description) by extension 'ignore'
[0.113s] Level 1:colcon.colcon_core.package_identification:_identify(src/pathbot_description) by extension 'ignore_ament_install'
[0.113s] Level 1:colcon.colcon_core.package_identification:_identify(src/pathbot_description) by extensions ['colcon_pkg']
[0.113s] Level 1:colcon.colcon_core.package_identification:_identify(src/pathbot_description) by extension 'colcon_pkg'
[0.113s] Level 1:colcon.colcon_core.package_identification:_identify(src/pathbot_description) by extensions ['colcon_meta']
[0.113s] Level 1:colcon.colcon_core.package_identification:_identify(src/pathbot_description) by extension 'colcon_meta'
[0.113s] Level 1:colcon.colcon_core.package_identification:_identify(src/pathbot_description) by extensions ['ros']
[0.113s] Level 1:colcon.colcon_core.package_identification:_identify(src/pathbot_description) by extension 'ros'
[0.114s] DEBUG:colcon.colcon_core.package_identification:Package 'src/pathbot_description' with type 'ros.ament_cmake' and name 'pathbot_description'
[0.114s] Level 1:colcon.colcon_core.package_identification:_identify(src/pathbot_navigation) by extensions ['ignore', 'ignore_ament_install']
[0.114s] Level 1:colcon.colcon_core.package_identification:_identify(src/pathbot_navigation) by extension 'ignore'
[0.114s] Level 1:colcon.colcon_core.package_identification:_identify(src/pathbot_navigation) by extension 'ignore_ament_install'
[0.114s] Level 1:colcon.colcon_core.package_identification:_identify(src/pathbot_navigation) by extensions ['colcon_pkg']
[0.114s] Level 1:colcon.colcon_core.package_identification:_identify(src/pathbot_navigation) by extension 'colcon_pkg'
[0.114s] Level 1:colcon.colcon_core.package_identification:_identify(src/pathbot_navigation) by extensions ['colcon_meta']
[0.114s] Level 1:colcon.colcon_core.package_identification:_identify(src/pathbot_navigation) by extension 'colcon_meta'
[0.114s] Level 1:colcon.colcon_core.package_identification:_identify(src/pathbot_navigation) by extensions ['ros']
[0.114s] Level 1:colcon.colcon_core.package_identification:_identify(src/pathbot_navigation) by extension 'ros'
[0.114s] DEBUG:colcon.colcon_core.package_identification:Package 'src/pathbot_navigation' with type 'ros.ament_cmake' and name 'pathbot_navigation'
[0.114s] Level 1:colcon.colcon_core.package_identification:_identify(src/pathbot_nodes) by extensions ['ignore', 'ignore_ament_install']
[0.114s] Level 1:colcon.colcon_core.package_identification:_identify(src/pathbot_nodes) by extension 'ignore'
[0.114s] Level 1:colcon.colcon_core.package_identification:_identify(src/pathbot_nodes) by extension 'ignore_ament_install'
[0.114s] Level 1:colcon.colcon_core.package_identification:_identify(src/pathbot_nodes) by extensions ['colcon_pkg']
[0.114s] Level 1:colcon.colcon_core.package_identification:_identify(src/pathbot_nodes) by extension 'colcon_pkg'
[0.114s] Level 1:colcon.colcon_core.package_identification:_identify(src/pathbot_nodes) by extensions ['colcon_meta']
[0.114s] Level 1:colcon.colcon_core.package_identification:_identify(src/pathbot_nodes) by extension 'colcon_meta'
[0.114s] Level 1:colcon.colcon_core.package_identification:_identify(src/pathbot_nodes) by extensions ['ros']
[0.114s] Level 1:colcon.colcon_core.package_identification:_identify(src/pathbot_nodes) by extension 'ros'
[0.115s] DEBUG:colcon.colcon_core.package_identification:Package 'src/pathbot_nodes' with type 'ros.ament_cmake' and name 'pathbot_nodes'
[0.115s] Level 1:colcon.colcon_core.package_identification:_identify(src/pathbot_simulation) by extensions ['ignore', 'ignore_ament_install']
[0.115s] Level 1:colcon.colcon_core.package_identification:_identify(src/pathbot_simulation) by extension 'ignore'
[0.115s] Level 1:colcon.colcon_core.package_identification:_identify(src/pathbot_simulation) by extension 'ignore_ament_install'
[0.115s] Level 1:colcon.colcon_core.package_identification:_identify(src/pathbot_simulation) by extensions ['colcon_pkg']
[0.115s] Level 1:colcon.colcon_core.package_identification:_identify(src/pathbot_simulation) by extension 'colcon_pkg'
[0.115s] Level 1:colcon.colcon_core.package_identification:_identify(src/pathbot_simulation) by extensions ['colcon_meta']
[0.115s] Level 1:colcon.colcon_core.package_identification:_identify(src/pathbot_simulation) by extension 'colcon_meta'
[0.115s] Level 1:colcon.colcon_core.package_identification:_identify(src/pathbot_simulation) by extensions ['ros']
[0.115s] Level 1:colcon.colcon_core.package_identification:_identify(src/pathbot_simulation) by extension 'ros'
[0.115s] DEBUG:colcon.colcon_core.package_identification:Package 'src/pathbot_simulation' with type 'ros.ament_cmake' and name 'pathbot_simulation'
[0.115s] Level 1:colcon.colcon_core.package_discovery:discover_packages(recursive) using defaults
[0.115s] Level 1:colcon.colcon_core.package_discovery:discover_packages(ignore) discover
[0.115s] Level 1:colcon.colcon_core.package_discovery:discover_packages(ignore) using defaults
[0.115s] Level 1:colcon.colcon_core.package_discovery:discover_packages(path) discover
[0.115s] Level 1:colcon.colcon_core.package_discovery:discover_packages(path) using defaults
[0.129s] Level 1:colcon.colcon_core.package_discovery:discover_packages(prefix_path) check parameters
[0.129s] Level 1:colcon.colcon_core.package_discovery:discover_packages(prefix_path) discover
[0.129s] WARNING:colcon.colcon_ros.prefix_path.ament:The path '/home/hornet/Desktop/pathfollowingbot/install/mobile_robot' in the environment variable AMENT_PREFIX_PATH doesn't exist
[0.130s] WARNING:colcon.colcon_ros.prefix_path.catkin:The path '/home/hornet/Desktop/pathfollowingbot/install/mobile_robot' in the environment variable CMAKE_PREFIX_PATH doesn't exist
[0.130s] DEBUG:colcon.colcon_installed_package_information.package_discovery:Found 6 installed packages in /home/hornet/Desktop/pathfollowingbot/install
[0.130s] DEBUG:colcon.colcon_installed_package_information.package_discovery:Found 8 installed packages in /home/hornet/Desktop/Agribot/install
[0.131s] DEBUG:colcon.colcon_installed_package_information.package_discovery:Found 431 installed packages in /opt/ros/jazzy
[0.132s] Level 1:colcon.colcon_core.package_discovery:discover_packages(prefix_path) using defaults
[0.164s] Level 5:colcon.colcon_core.verb:set package 'pathbot_control' build argument 'cmake_args' from command line to 'None'
[0.164s] Level 5:colcon.colcon_core.verb:set package 'pathbot_control' build argument 'cmake_target' from command line to 'None'
[0.164s] Level 5:colcon.colcon_core.verb:set package 'pathbot_control' build argument 'cmake_target_skip_unavailable' from command line to 'False'
[0.164s] Level 5:colcon.colcon_core.verb:set package 'pathbot_control' build argument 'cmake_clean_cache' from command line to 'False'
[0.164s] Level 5:colcon.colcon_core.verb:set package 'pathbot_control' build argument 'cmake_clean_first' from command line to 'False'
[0.164s] Level 5:colcon.colcon_core.verb:set package 'pathbot_control' build argument 'cmake_force_configure' from command line to 'False'
[0.164s] Level 5:colcon.colcon_core.verb:set package 'pathbot_control' build argument 'ament_cmake_args' from command line to 'None'
[0.164s] Level 5:colcon.colcon_core.verb:set package 'pathbot_control' build argument 'catkin_cmake_args' from command line to 'None'
[0.164s] Level 5:colcon.colcon_core.verb:set package 'pathbot_control' build argument 'catkin_skip_building_tests' from command line to 'False'
[0.164s] DEBUG:colcon.colcon_core.verb:Building package 'pathbot_control' with the following arguments: {'ament_cmake_args': None, 'build_base': '/home/hornet/Desktop/pathfollowingbot/build/pathbot_control', 'catkin_cmake_args': None, 'catkin_skip_building_tests': False, 'cmake_args': None, 'cmake_clean_cache': False, 'cmake_clean_first': False, 'cmake_force_configure': False, 'cmake_target': None, 'cmake_target_skip_unavailable': False, 'install_base': '/home/hornet/Desktop/pathfollowingbot/install/pathbot_control', 'merge_install': False, 'path': '/home/hornet/Desktop/pathfollowingbot/src/pathbot_control', 'symlink_install': True, 'test_result_base': None}
[0.165s] Level 5:colcon.colcon_core.verb:set package 'pathbot_description' build argument 'cmake_args' from command line to 'None'
[0.165s] Level 5:colcon.colcon_core.verb:set package 'pathbot_description' build argument 'cmake_target' from command line to 'None'
[0.165s] Level 5:colcon.colcon_core.verb:set package 'pathbot_description' build argument 'cmake_target_skip_unavailable' from command line to 'False'
[0.165s] Level 5:colcon.colcon_core.verb:set package 'pathbot_description' build argument 'cmake_clean_cache' from command line to 'False'
[0.165s] Level 5:colcon.colcon_core.verb:set package 'pathbot_description' build argument 'cmake_clean_first' from command line to 'False'
[0.165s] Level 5:colcon.colcon_core.verb:set package 'pathbot_description' build argument 'cmake_force_configure' from command line to 'False'
[0.165s] Level 5:colcon.colcon_core.verb:set package 'pathbot_description' build argument 'ament_cmake_args' from command line to 'None'
[0.165s] Level 5:colcon.colcon_core.verb:set package 'pathbot_description' build argument 'catkin_cmake_args' from command line to 'None'
[0.165s] Level 5:colcon.colcon_core.verb:set package 'pathbot_description' build argument 'catkin_skip_building_tests' from command line to 'False'
[0.165s] DEBUG:colcon.colcon_core.verb:Building package 'pathbot_description' with the following arguments: {'ament_cmake_args': None, 'build_base': '/home/hornet/Desktop/pathfollowingbot/build/pathbot_description', 'catkin_cmake_args': None, 'catkin_skip_building_tests': False, 'cmake_args': None, 'cmake_clean_cache': False, 'cmake_clean_first': False, 'cmake_force_configure': False, 'cmake_target': None, 'cmake_target_skip_unavailable': False, 'install_base': '/home/hornet/Desktop/pathfollowingbot/install/pathbot_description', 'merge_install': False, 'path': '/home/hornet/Desktop/pathfollowingbot/src/pathbot_description', 'symlink_install': True, 'test_result_base': None}
[0.165s] Level 5:colcon.colcon_core.verb:set package 'pathbot_nodes' build argument 'cmake_args' from command line to 'None'
[0.165s] Level 5:colcon.colcon_core.verb:set package 'pathbot_nodes' build argument 'cmake_target' from command line to 'None'
[0.165s] Level 5:colcon.colcon_core.verb:set package 'pathbot_nodes' build argument 'cmake_target_skip_unavailable' from command line to 'False'
[0.165s] Level 5:colcon.colcon_core.verb:set package 'pathbot_nodes' build argument 'cmake_clean_cache' from command line to 'False'
[0.165s] Level 5:colcon.colcon_core.verb:set package 'pathbot_nodes' build argument 'cmake_clean_first' from command line to 'False'
[0.165s] Level 5:colcon.colcon_core.verb:set package 'pathbot_nodes' build argument 'cmake_force_configure' from command line to 'False'
[0.165s] Level 5:colcon.colcon_core.verb:set package 'pathbot_nodes' build argument 'ament_cmake_args' from command line to 'None'
[0.165s] Level 5:colcon.colcon_core.verb:set package 'pathbot_nodes' build argument 'catkin_cmake_args' from command line to 'None'
[0.165s] Level 5:colcon.colcon_core.verb:set package 'pathbot_nodes' build argument 'catkin_skip_building_tests' from command line to 'False'
[0.165s] DEBUG:colcon.colcon_core.verb:Building package 'pathbot_nodes' with the following arguments: {'ament_cmake_args': None, 'build_base': '/home/hornet/Desktop/pathfollowingbot/build/pathbot_nodes', 'catkin_cmake_args': None, 'catkin_skip_building_tests': False, 'cmake_args': None, 'cmake_clean_cache': False, 'cmake_clean_first': False, 'cmake_force_configure': False, 'cmake_target': None, 'cmake_target_skip_unavailable': False, 'install_base': '/home/hornet/Desktop/pathfollowingbot/install/pathbot_nodes', 'merge_install': False, 'path': '/home/hornet/Desktop/pathfollowingbot/src/pathbot_nodes', 'symlink_install': True, 'test_result_base': None}
[0.165s] Level 5:colcon.colcon_core.verb:set package 'pathbot_navigation' build argument 'cmake_args' from command line to 'None'
[0.165s] Level 5:colcon.colcon_core.verb:set package 'pathbot_navigation' build argument 'cmake_target' from command line to 'None'
[0.165s] Level 5:colcon.colcon_core.verb:set package 'pathbot_navigation' build argument 'cmake_target_skip_unavailable' from command line to 'False'
[0.165s] Level 5:colcon.colcon_core.verb:set package 'pathbot_navigation' build argument 'cmake_clean_cache' from command line to 'False'
[0.165s] Level 5:colcon.colcon_core.verb:set package 'pathbot_navigation' build argument 'cmake_clean_first' from command line to 'False'
[0.165s] Level 5:colcon.colcon_core.verb:set package 'pathbot_navigation' build argument 'cmake_force_configure' from command line to 'False'
[0.165s] Level 5:colcon.colcon_core.verb:set package 'pathbot_navigation' build argument 'ament_cmake_args' from command line to 'None'
[0.165s] Level 5:colcon.colcon_core.verb:set package 'pathbot_navigation' build argument 'catkin_cmake_args' from command line to 'None'
[0.165s] Level 5:colcon.colcon_core.verb:set package 'pathbot_navigation' build argument 'catkin_skip_building_tests' from command line to 'False'
[0.165s] DEBUG:colcon.colcon_core.verb:Building package 'pathbot_navigation' with the following arguments: {'ament_cmake_args': None, 'build_base': '/home/hornet/Desktop/pathfollowingbot/build/pathbot_navigation', 'catkin_cmake_args': None, 'catkin_skip_building_tests': False, 'cmake_args': None, 'cmake_clean_cache': False, 'cmake_clean_first': False, 'cmake_force_configure': False, 'cmake_target': None, 'cmake_target_skip_unavailable': False, 'install_base': '/home/hornet/Desktop/pathfollowingbot/install/pathbot_navigation', 'merge_install': False, 'path': '/home/hornet/Desktop/pathfollowingbot/src/pathbot_navigation', 'symlink_install': True, 'test_result_base': None}
[0.165s] Level 5:colcon.colcon_core.verb:set package 'pathbot_simulation' build argument 'cmake_args' from command line to 'None'
[0.165s] Level 5:colcon.colcon_core.verb:set package 'pathbot_simulation' build argument 'cmake_target' from command line to 'None'
[0.165s] Level 5:colcon.colcon_core.verb:set package 'pathbot_simulation' build argument 'cmake_target_skip_unavailable' from command line to 'False'
[0.165s] Level 5:colcon.colcon_core.verb:set package 'pathbot_simulation' build argument 'cmake_clean_cache' from command line to 'False'
[0.165s] Level 5:colcon.colcon_core.verb:set package 'pathbot_simulation' build argument 'cmake_clean_first' from command line to 'False'
[0.165s] Level 5:colcon.colcon_core.verb:set package 'pathbot_simulation' build argument 'cmake_force_configure' from command line to 'False'
[0.165s] Level 5:colcon.colcon_core.verb:set package 'pathbot_simulation' build argument 'ament_cmake_args' from command line to 'None'
[0.165s] Level 5:colcon.colcon_core.verb:set package 'pathbot_simulation' build argument 'catkin_cmake_args' from command line to 'None'
[0.165s] Level 5:colcon.colcon_core.verb:set package 'pathbot_simulation' build argument 'catkin_skip_building_tests' from command line to 'False'
[0.165s] DEBUG:colcon.colcon_core.verb:Building package 'pathbot_simulation' with the following arguments: {'ament_cmake_args': None, 'build_base': '/home/hornet/Desktop/pathfollowingbot/build/pathbot_simulation', 'catkin_cmake_args': None, 'catkin_skip_building_tests': False, 'cmake_args': None, 'cmake_clean_cache': False, 'cmake_clean_first': False, 'cmake_force_configure': False, 'cmake_target': None, 'cmake_target_skip_unavailable': False, 'install_base': '/home/hornet/Desktop/pathfollowingbot/install/pathbot_simulation', 'merge_install': False, 'path': '/home/hornet/Desktop/pathfollowingbot/src/pathbot_simulation', 'symlink_install': True, 'test_result_base': None}
[0.166s] Level 5:colcon.colcon_core.verb:set package 'pathbot_bringup' build argument 'cmake_args' from command line to 'None'
[0.166s] Level 5:colcon.colcon_core.verb:set package 'pathbot_bringup' build argument 'cmake_target' from command line to 'None'
[0.166s] Level 5:colcon.colcon_core.verb:set package 'pathbot_bringup' build argument 'cmake_target_skip_unavailable' from command line to 'False'
[0.166s] Level 5:colcon.colcon_core.verb:set package 'pathbot_bringup' build argument 'cmake_clean_cache' from command line to 'False'
[0.166s] Level 5:colcon.colcon_core.verb:set package 'pathbot_bringup' build argument 'cmake_clean_first' from command line to 'False'
[0.166s] Level 5:colcon.colcon_core.verb:set package 'pathbot_bringup' build argument 'cmake_force_configure' from command line to 'False'
[0.166s] Level 5:colcon.colcon_core.verb:set package 'pathbot_bringup' build argument 'ament_cmake_args' from command line to 'None'
[0.166s] Level 5:colcon.colcon_core.verb:set package 'pathbot_bringup' build argument 'catkin_cmake_args' from command line to 'None'
[0.166s] Level 5:colcon.colcon_core.verb:set package 'pathbot_bringup' build argument 'catkin_skip_building_tests' from command line to 'False'
[0.166s] DEBUG:colcon.colcon_core.verb:Building package 'pathbot_bringup' with the following arguments: {'ament_cmake_args': None, 'build_base': '/home/hornet/Desktop/pathfollowingbot/build/pathbot_bringup', 'catkin_cmake_args': None, 'catkin_skip_building_tests': False, 'cmake_args': None, 'cmake_clean_cache': False, 'cmake_clean_first': False, 'cmake_force_configure': False, 'cmake_target': None, 'cmake_target_skip_unavailable': False, 'install_base': '/home/hornet/Desktop/pathfollowingbot/install/pathbot_bringup', 'merge_install': False, 'path': '/home/hornet/Desktop/pathfollowingbot/src/pathbot_bringup', 'symlink_install': True, 'test_result_base': None}
[0.166s] INFO:colcon.colcon_core.executor:Executing jobs using 'parallel' executor
[0.167s] DEBUG:colcon.colcon_parallel_executor.executor.parallel:run_until_complete
[0.167s] INFO:colcon.colcon_ros.task.ament_cmake.build:Building ROS package in '/home/hornet/Desktop/pathfollowingbot/src/pathbot_description' with build type 'ament_cmake'
[0.167s] INFO:colcon.colcon_cmake.task.cmake.build:Building CMake package in '/home/hornet/Desktop/pathfollowingbot/src/pathbot_description'
[0.169s] INFO:colcon.colcon_core.plugin_system:Skipping extension 'colcon_core.shell.bat': Not used on non-Windows systems
[0.169s] INFO:colcon.colcon_core.shell:Skip shell extension 'powershell' for command environment: Not usable outside of PowerShell
[0.169s] DEBUG:colcon.colcon_core.shell:Skip shell extension 'dsv' for command environment
[0.173s] INFO:colcon.colcon_ros.task.ament_cmake.build:Building ROS package in '/home/hornet/Desktop/pathfollowingbot/src/pathbot_nodes' with build type 'ament_cmake'
[0.173s] INFO:colcon.colcon_cmake.task.cmake.build:Building CMake package in '/home/hornet/Desktop/pathfollowingbot/src/pathbot_nodes'
[0.173s] INFO:colcon.colcon_core.shell:Skip shell extension 'powershell' for command environment: Not usable outside of PowerShell
[0.173s] DEBUG:colcon.colcon_core.shell:Skip shell extension 'dsv' for command environment
[0.177s] INFO:colcon.colcon_ros.task.ament_cmake.build:Building ROS package in '/home/hornet/Desktop/pathfollowingbot/src/pathbot_control' with build type 'ament_cmake'
[0.177s] INFO:colcon.colcon_cmake.task.cmake.build:Building CMake package in '/home/hornet/Desktop/pathfollowingbot/src/pathbot_control'
[0.177s] INFO:colcon.colcon_core.shell:Skip shell extension 'powershell' for command environment: Not usable outside of PowerShell
[0.177s] DEBUG:colcon.colcon_core.shell:Skip shell extension 'dsv' for command environment
[0.184s] DEBUG:colcon.colcon_core.event_handler.log_command:Invoking command in '/home/hornet/Desktop/pathfollowingbot/build/pathbot_description': CMAKE_PREFIX_PATH=${CMAKE_PREFIX_PATH}:/home/hornet/Desktop/Agribot/install/agribot_perception:/home/hornet/Desktop/Agribot/install/agribot_nodes:/home/hornet/Desktop/Agribot/install/agribot_navigation:/home/hornet/Desktop/Agribot/install/agribot_control:/opt/ros/jazzy DEBUGINFOD_URLS=https://debuginfod.ubuntu.com /usr/bin/cmake /home/hornet/Desktop/pathfollowingbot/src/pathbot_description -DAMENT_CMAKE_SYMLINK_INSTALL=1 -DCMAKE_INSTALL_PREFIX=/home/hornet/Desktop/pathfollowingbot/install/pathbot_description
[0.186s] DEBUG:colcon.colcon_core.event_handler.log_command:Invoking command in '/home/hornet/Desktop/pathfollowingbot/build/pathbot_nodes': CMAKE_PREFIX_PATH=${CMAKE_PREFIX_PATH}:/home/hornet/Desktop/Agribot/install/agribot_perception:/home/hornet/Desktop/Agribot/install/agribot_nodes:/home/hornet/Desktop/Agribot/install/agribot_navigation:/home/hornet/Desktop/Agribot/install/agribot_control:/opt/ros/jazzy DEBUGINFOD_URLS=https://debuginfod.ubuntu.com /usr/bin/cmake /home/hornet/Desktop/pathfollowingbot/src/pathbot_nodes -DAMENT_CMAKE_SYMLINK_INSTALL=1 -DCMAKE_INSTALL_PREFIX=/home/hornet/Desktop/pathfollowingbot/install/pathbot_nodes
[0.190s] DEBUG:colcon.colcon_core.event_handler.log_command:Invoking command in '/home/hornet/Desktop/pathfollowingbot/build/pathbot_control': CMAKE_PREFIX_PATH=${CMAKE_PREFIX_PATH}:/home/hornet/Desktop/Agribot/install/agribot_perception:/home/hornet/Desktop/Agribot/install/agribot_nodes:/home/hornet/Desktop/Agribot/install/agribot_navigation:/home/hornet/Desktop/Agribot/install/agribot_control:/opt/ros/jazzy DEBUGINFOD_URLS=https://debuginfod.ubuntu.com /usr/bin/cmake /home/hornet/Desktop/pathfollowingbot/src/pathbot_control -DAMENT_CMAKE_SYMLINK_INSTALL=1 -DCMAKE_INSTALL_PREFIX=/home/hornet/Desktop/pathfollowingbot/install/pathbot_control
[0.478s] DEBUG:colcon.colcon_core.event_handler.log_command:Invoked command in '/home/hornet/Desktop/pathfollowingbot/build/pathbot_description' returned '0': CMAKE_PREFIX_PATH=${CMAKE_PREFIX_PATH}:/home/hornet/Desktop/Agribot/install/agribot_perception:/home/hornet/Desktop/Agribot/install/agribot_nodes:/home/hornet/Desktop/Agribot/install/agribot_navigation:/home/hornet/Desktop/Agribot/install/agribot_control:/opt/ros/jazzy DEBUGINFOD_URLS=https://debuginfod.ubuntu.com /usr/bin/cmake /home/hornet/Desktop/pathfollowingbot/src/pathbot_description -DAMENT_CMAKE_SYMLINK_INSTALL=1 -DCMAKE_INSTALL_PREFIX=/home/hornet/Desktop/pathfollowingbot/install/pathbot_description
[0.479s] DEBUG:colcon.colcon_core.event_handler.log_command:Invoking command in '/home/hornet/Desktop/pathfollowingbot/build/pathbot_description': CMAKE_PREFIX_PATH=${CMAKE_PREFIX_PATH}:/home/hornet/Desktop/Agribot/install/agribot_perception:/home/hornet/Desktop/Agribot/install/agribot_nodes:/home/hornet/Desktop/Agribot/install/agribot_navigation:/home/hornet/Desktop/Agribot/install/agribot_control:/opt/ros/jazzy DEBUGINFOD_URLS=https://debuginfod.ubuntu.com /usr/bin/cmake --build /home/hornet/Desktop/pathfollowingbot/build/pathbot_description -- -j16 -l16
[0.488s] DEBUG:colcon.colcon_core.event_handler.log_command:Invoked command in '/home/hornet/Desktop/pathfollowingbot/build/pathbot_control' returned '0': CMAKE_PREFIX_PATH=${CMAKE_PREFIX_PATH}:/home/hornet/Desktop/Agribot/install/agribot_perception:/home/hornet/Desktop/Agribot/install/agribot_nodes:/home/hornet/Desktop/Agribot/install/agribot_navigation:/home/hornet/Desktop/Agribot/install/agribot_control:/opt/ros/jazzy DEBUGINFOD_URLS=https://debuginfod.ubuntu.com /usr/bin/cmake /home/hornet/Desktop/pathfollowingbot/src/pathbot_control -DAMENT_CMAKE_SYMLINK_INSTALL=1 -DCMAKE_INSTALL_PREFIX=/home/hornet/Desktop/pathfollowingbot/install/pathbot_control
[0.488s] DEBUG:colcon.colcon_core.event_handler.log_command:Invoking command in '/home/hornet/Desktop/pathfollowingbot/build/pathbot_control': CMAKE_PREFIX_PATH=${CMAKE_PREFIX_PATH}:/home/hornet/Desktop/Agribot/install/agribot_perception:/home/hornet/Desktop/Agribot/install/agribot_nodes:/home/hornet/Desktop/Agribot/install/agribot_navigation:/home/hornet/Desktop/Agribot/install/agribot_control:/opt/ros/jazzy DEBUGINFOD_URLS=https://debuginfod.ubuntu.com /usr/bin/cmake --build /home/hornet/Desktop/pathfollowingbot/build/pathbot_control -- -j16 -l16
[0.514s] DEBUG:colcon.colcon_core.event_handler.log_command:Invoked command in '/home/hornet/Desktop/pathfollowingbot/build/pathbot_description' returned '0': CMAKE_PREFIX_PATH=${CMAKE_PREFIX_PATH}:/home/hornet/Desktop/Agribot/install/agribot_perception:/home/hornet/Desktop/Agribot/install/agribot_nodes:/home/hornet/Desktop/Agribot/install/agribot_navigation:/home/hornet/Desktop/Agribot/install/agribot_control:/opt/ros/jazzy DEBUGINFOD_URLS=https://debuginfod.ubuntu.com /usr/bin/cmake --build /home/hornet/Desktop/pathfollowingbot/build/pathbot_description -- -j16 -l16
[0.521s] DEBUG:colcon.colcon_core.event_handler.log_command:Invoking command in '/home/hornet/Desktop/pathfollowingbot/build/pathbot_description': CMAKE_PREFIX_PATH=${CMAKE_PREFIX_PATH}:/home/hornet/Desktop/Agribot/install/agribot_perception:/home/hornet/Desktop/Agribot/install/agribot_nodes:/home/hornet/Desktop/Agribot/install/agribot_navigation:/home/hornet/Desktop/Agribot/install/agribot_control:/opt/ros/jazzy DEBUGINFOD_URLS=https://debuginfod.ubuntu.com /usr/bin/cmake --install /home/hornet/Desktop/pathfollowingbot/build/pathbot_description
[0.522s] DEBUG:colcon.colcon_core.event_handler.log_command:Invoked command in '/home/hornet/Desktop/pathfollowingbot/build/pathbot_control' returned '0': CMAKE_PREFIX_PATH=${CMAKE_PREFIX_PATH}:/home/hornet/Desktop/Agribot/install/agribot_perception:/home/hornet/Desktop/Agribot/install/agribot_nodes:/home/hornet/Desktop/Agribot/install/agribot_navigation:/home/hornet/Desktop/Agribot/install/agribot_control:/opt/ros/jazzy DEBUGINFOD_URLS=https://debuginfod.ubuntu.com /usr/bin/cmake --build /home/hornet/Desktop/pathfollowingbot/build/pathbot_control -- -j16 -l16
[0.523s] DEBUG:colcon.colcon_core.event_handler.log_command:Invoking command in '/home/hornet/Desktop/pathfollowingbot/build/pathbot_control': CMAKE_PREFIX_PATH=${CMAKE_PREFIX_PATH}:/home/hornet/Desktop/Agribot/install/agribot_perception:/home/hornet/Desktop/Agribot/install/agribot_nodes:/home/hornet/Desktop/Agribot/install/agribot_navigation:/home/hornet/Desktop/Agribot/install/agribot_control:/opt/ros/jazzy DEBUGINFOD_URLS=https://debuginfod.ubuntu.com /usr/bin/cmake --install /home/hornet/Desktop/pathfollowingbot/build/pathbot_control
[0.677s] Level 1:colcon.colcon_core.environment:create_environment_scripts_only(pathbot_description)
[0.678s] DEBUG:colcon.colcon_core.event_handler.log_command:Invoked command in '/home/hornet/Desktop/pathfollowingbot/build/pathbot_description' returned '0': CMAKE_PREFIX_PATH=${CMAKE_PREFIX_PATH}:/home/hornet/Desktop/Agribot/install/agribot_perception:/home/hornet/Desktop/Agribot/install/agribot_nodes:/home/hornet/Desktop/Agribot/install/agribot_navigation:/home/hornet/Desktop/Agribot/install/agribot_control:/opt/ros/jazzy DEBUGINFOD_URLS=https://debuginfod.ubuntu.com /usr/bin/cmake --install /home/hornet/Desktop/pathfollowingbot/build/pathbot_description
[0.679s] Level 1:colcon.colcon_core.environment:checking '/home/hornet/Desktop/pathfollowingbot/install/pathbot_description' for CMake module files
[0.680s] Level 1:colcon.colcon_core.environment:checking '/home/hornet/Desktop/pathfollowingbot/install/pathbot_description' for CMake config files
[0.680s] Level 1:colcon.colcon_core.shell:create_environment_hook('pathbot_description', 'cmake_prefix_path')
[0.680s] INFO:colcon.colcon_core.shell:Creating environment hook '/home/hornet/Desktop/pathfollowingbot/install/pathbot_description/share/pathbot_description/hook/cmake_prefix_path.ps1'
[0.681s] INFO:colcon.colcon_core.shell:Creating environment descriptor '/home/hornet/Desktop/pathfollowingbot/install/pathbot_description/share/pathbot_description/hook/cmake_prefix_path.dsv'
[0.682s] INFO:colcon.colcon_core.shell:Creating environment hook '/home/hornet/Desktop/pathfollowingbot/install/pathbot_description/share/pathbot_description/hook/cmake_prefix_path.sh'
[0.682s] Level 1:colcon.colcon_core.environment:checking '/home/hornet/Desktop/pathfollowingbot/install/pathbot_description/bin'
[0.682s] Level 1:colcon.colcon_core.environment:checking '/home/hornet/Desktop/pathfollowingbot/install/pathbot_description/lib/pkgconfig/pathbot_description.pc'
[0.683s] Level 1:colcon.colcon_core.environment:checking '/home/hornet/Desktop/pathfollowingbot/install/pathbot_description/lib/python3.12/site-packages'
[0.683s] Level 1:colcon.colcon_core.environment:checking '/home/hornet/Desktop/pathfollowingbot/install/pathbot_description/bin'
[0.683s] INFO:colcon.colcon_core.shell:Creating package script '/home/hornet/Desktop/pathfollowingbot/install/pathbot_description/share/pathbot_description/package.ps1'
[0.684s] INFO:colcon.colcon_core.shell:Creating package descriptor '/home/hornet/Desktop/pathfollowingbot/install/pathbot_description/share/pathbot_description/package.dsv'
[0.685s] INFO:colcon.colcon_core.shell:Creating package script '/home/hornet/Desktop/pathfollowingbot/install/pathbot_description/share/pathbot_description/package.sh'
[0.685s] INFO:colcon.colcon_core.shell:Creating package script '/home/hornet/Desktop/pathfollowingbot/install/pathbot_description/share/pathbot_description/package.bash'
[0.685s] INFO:colcon.colcon_core.shell:Creating package script '/home/hornet/Desktop/pathfollowingbot/install/pathbot_description/share/pathbot_description/package.zsh'
[0.686s] Level 1:colcon.colcon_core.environment:create_file_with_runtime_dependencies(/home/hornet/Desktop/pathfollowingbot/install/pathbot_description/share/colcon-core/packages/pathbot_description)
[0.686s] Level 1:colcon.colcon_core.environment:create_environment_scripts_only(pathbot_description)
[0.687s] Level 1:colcon.colcon_core.environment:checking '/home/hornet/Desktop/pathfollowingbot/install/pathbot_description' for CMake module files
[0.687s] Level 1:colcon.colcon_core.environment:checking '/home/hornet/Desktop/pathfollowingbot/install/pathbot_description' for CMake config files
[0.687s] Level 1:colcon.colcon_core.shell:create_environment_hook('pathbot_description', 'cmake_prefix_path')
[0.687s] INFO:colcon.colcon_core.shell:Creating environment hook '/home/hornet/Desktop/pathfollowingbot/install/pathbot_description/share/pathbot_description/hook/cmake_prefix_path.ps1'
[0.690s] INFO:colcon.colcon_core.shell:Creating environment descriptor '/home/hornet/Desktop/pathfollowingbot/install/pathbot_description/share/pathbot_description/hook/cmake_prefix_path.dsv'
[0.690s] INFO:colcon.colcon_core.shell:Creating environment hook '/home/hornet/Desktop/pathfollowingbot/install/pathbot_description/share/pathbot_description/hook/cmake_prefix_path.sh'
[0.691s] Level 1:colcon.colcon_core.environment:checking '/home/hornet/Desktop/pathfollowingbot/install/pathbot_description/bin'
[0.691s] Level 1:colcon.colcon_core.environment:checking '/home/hornet/Desktop/pathfollowingbot/install/pathbot_description/lib/pkgconfig/pathbot_description.pc'
[0.691s] Level 1:colcon.colcon_core.environment:checking '/home/hornet/Desktop/pathfollowingbot/install/pathbot_description/lib/python3.12/site-packages'
[0.691s] Level 1:colcon.colcon_core.environment:checking '/home/hornet/Desktop/pathfollowingbot/install/pathbot_description/bin'
[0.692s] INFO:colcon.colcon_core.shell:Creating package script '/home/hornet/Desktop/pathfollowingbot/install/pathbot_description/share/pathbot_description/package.ps1'
[0.692s] INFO:colcon.colcon_core.shell:Creating package descriptor '/home/hornet/Desktop/pathfollowingbot/install/pathbot_description/share/pathbot_description/package.dsv'
[0.692s] INFO:colcon.colcon_core.shell:Creating package script '/home/hornet/Desktop/pathfollowingbot/install/pathbot_description/share/pathbot_description/package.sh'
[0.693s] INFO:colcon.colcon_core.shell:Creating package script '/home/hornet/Desktop/pathfollowingbot/install/pathbot_description/share/pathbot_description/package.bash'
[0.693s] INFO:colcon.colcon_core.shell:Creating package script '/home/hornet/Desktop/pathfollowingbot/install/pathbot_description/share/pathbot_description/package.zsh'
[0.693s] Level 1:colcon.colcon_core.environment:create_file_with_runtime_dependencies(/home/hornet/Desktop/pathfollowingbot/install/pathbot_description/share/colcon-core/packages/pathbot_description)
[0.693s] INFO:colcon.colcon_ros.task.ament_cmake.build:Building ROS package in '/home/hornet/Desktop/pathfollowingbot/src/pathbot_simulation' with build type 'ament_cmake'
[0.694s] INFO:colcon.colcon_cmake.task.cmake.build:Building CMake package in '/home/hornet/Desktop/pathfollowingbot/src/pathbot_simulation'
[0.694s] INFO:colcon.colcon_core.shell:Skip shell extension 'powershell' for command environment: Not usable outside of PowerShell
[0.694s] DEBUG:colcon.colcon_core.shell:Skip shell extension 'dsv' for command environment
[0.713s] Level 1:colcon.colcon_core.environment:create_environment_scripts_only(pathbot_control)
[0.713s] Level 1:colcon.colcon_core.environment:checking '/home/hornet/Desktop/pathfollowingbot/install/pathbot_control' for CMake module files
[0.713s] DEBUG:colcon.colcon_core.event_handler.log_command:Invoked command in '/home/hornet/Desktop/pathfollowingbot/build/pathbot_control' returned '0': CMAKE_PREFIX_PATH=${CMAKE_PREFIX_PATH}:/home/hornet/Desktop/Agribot/install/agribot_perception:/home/hornet/Desktop/Agribot/install/agribot_nodes:/home/hornet/Desktop/Agribot/install/agribot_navigation:/home/hornet/Desktop/Agribot/install/agribot_control:/opt/ros/jazzy DEBUGINFOD_URLS=https://debuginfod.ubuntu.com /usr/bin/cmake --install /home/hornet/Desktop/pathfollowingbot/build/pathbot_control
[0.713s] Level 1:colcon.colcon_core.environment:checking '/home/hornet/Desktop/pathfollowingbot/install/pathbot_control' for CMake config files
[0.713s] Level 1:colcon.colcon_core.shell:create_environment_hook('pathbot_control', 'cmake_prefix_path')
[0.714s] INFO:colcon.colcon_core.shell:Creating environment hook '/home/hornet/Desktop/pathfollowingbot/install/pathbot_control/share/pathbot_control/hook/cmake_prefix_path.ps1'
[0.714s] INFO:colcon.colcon_core.shell:Creating environment descriptor '/home/hornet/Desktop/pathfollowingbot/install/pathbot_control/share/pathbot_control/hook/cmake_prefix_path.dsv'
[0.714s] INFO:colcon.colcon_core.shell:Creating environment hook '/home/hornet/Desktop/pathfollowingbot/install/pathbot_control/share/pathbot_control/hook/cmake_prefix_path.sh'
[0.714s] Level 1:colcon.colcon_core.environment:checking '/home/hornet/Desktop/pathfollowingbot/install/pathbot_control/lib'
[0.715s] Level 1:colcon.colcon_core.environment:checking '/home/hornet/Desktop/pathfollowingbot/install/pathbot_control/bin'
[0.715s] Level 1:colcon.colcon_core.environment:checking '/home/hornet/Desktop/pathfollowingbot/install/pathbot_control/lib/pkgconfig/pathbot_control.pc'
[0.715s] Level 1:colcon.colcon_core.environment:checking '/home/hornet/Desktop/pathfollowingbot/install/pathbot_control/lib/python3.12/site-packages'
[0.715s] Level 1:colcon.colcon_core.environment:checking '/home/hornet/Desktop/pathfollowingbot/install/pathbot_control/bin'
[0.715s] INFO:colcon.colcon_core.shell:Creating package script '/home/hornet/Desktop/pathfollowingbot/install/pathbot_control/share/pathbot_control/package.ps1'
[0.715s] INFO:colcon.colcon_core.shell:Creating package descriptor '/home/hornet/Desktop/pathfollowingbot/install/pathbot_control/share/pathbot_control/package.dsv'
[0.716s] INFO:colcon.colcon_core.shell:Creating package script '/home/hornet/Desktop/pathfollowingbot/install/pathbot_control/share/pathbot_control/package.sh'
[0.716s] INFO:colcon.colcon_core.shell:Creating package script '/home/hornet/Desktop/pathfollowingbot/install/pathbot_control/share/pathbot_control/package.bash'
[0.716s] INFO:colcon.colcon_core.shell:Creating package script '/home/hornet/Desktop/pathfollowingbot/install/pathbot_control/share/pathbot_control/package.zsh'
[0.716s] Level 1:colcon.colcon_core.environment:create_file_with_runtime_dependencies(/home/hornet/Desktop/pathfollowingbot/install/pathbot_control/share/colcon-core/packages/pathbot_control)
[0.716s] Level 1:colcon.colcon_core.environment:create_environment_scripts_only(pathbot_control)
[0.717s] Level 1:colcon.colcon_core.environment:checking '/home/hornet/Desktop/pathfollowingbot/install/pathbot_control' for CMake module files
[0.717s] Level 1:colcon.colcon_core.environment:checking '/home/hornet/Desktop/pathfollowingbot/install/pathbot_control' for CMake config files
[0.717s] Level 1:colcon.colcon_core.shell:create_environment_hook('pathbot_control', 'cmake_prefix_path')
[0.717s] INFO:colcon.colcon_core.shell:Creating environment hook '/home/hornet/Desktop/pathfollowingbot/install/pathbot_control/share/pathbot_control/hook/cmake_prefix_path.ps1'
[0.717s] INFO:colcon.colcon_core.shell:Creating environment descriptor '/home/hornet/Desktop/pathfollowingbot/install/pathbot_control/share/pathbot_control/hook/cmake_prefix_path.dsv'
[0.718s] INFO:colcon.colcon_core.shell:Creating environment hook '/home/hornet/Desktop/pathfollowingbot/install/pathbot_control/share/pathbot_control/hook/cmake_prefix_path.sh'
[0.718s] Level 1:colcon.colcon_core.environment:checking '/home/hornet/Desktop/pathfollowingbot/install/pathbot_control/lib'
[0.718s] Level 1:colcon.colcon_core.environment:checking '/home/hornet/Desktop/pathfollowingbot/install/pathbot_control/bin'
[0.718s] Level 1:colcon.colcon_core.environment:checking '/home/hornet/Desktop/pathfollowingbot/install/pathbot_control/lib/pkgconfig/pathbot_control.pc'
[0.718s] Level 1:colcon.colcon_core.environment:checking '/home/hornet/Desktop/pathfollowingbot/install/pathbot_control/lib/python3.12/site-packages'
[0.718s] Level 1:colcon.colcon_core.environment:checking '/home/hornet/Desktop/pathfollowingbot/install/pathbot_control/bin'
[0.718s] INFO:colcon.colcon_core.shell:Creating package script '/home/hornet/Desktop/pathfollowingbot/install/pathbot_control/share/pathbot_control/package.ps1'
[0.719s] INFO:colcon.colcon_core.shell:Creating package descriptor '/home/hornet/Desktop/pathfollowingbot/install/pathbot_control/share/pathbot_control/package.dsv'
[0.719s] INFO:colcon.colcon_core.shell:Creating package script '/home/hornet/Desktop/pathfollowingbot/install/pathbot_control/share/pathbot_control/package.sh'
[0.719s] INFO:colcon.colcon_core.shell:Creating package script '/home/hornet/Desktop/pathfollowingbot/install/pathbot_control/share/pathbot_control/package.bash'
[0.719s] INFO:colcon.colcon_core.shell:Creating package script '/home/hornet/Desktop/pathfollowingbot/install/pathbot_control/share/pathbot_control/package.zsh'
[0.720s] Level 1:colcon.colcon_core.environment:create_file_with_runtime_dependencies(/home/hornet/Desktop/pathfollowingbot/install/pathbot_control/share/colcon-core/packages/pathbot_control)
[0.721s] DEBUG:colcon.colcon_core.event_handler.log_command:Invoking command in '/home/hornet/Desktop/pathfollowingbot/build/pathbot_simulation': AMENT_PREFIX_PATH=/home/hornet/Desktop/pathfollowingbot/install/pathbot_description:${AMENT_PREFIX_PATH} CMAKE_PREFIX_PATH=/home/hornet/Desktop/pathfollowingbot/install/pathbot_description:/home/hornet/Desktop/pathfollowingbot/install/mobile_robot:/home/hornet/Desktop/Agribot/install/agribot_bringup:/home/hornet/Desktop/Agribot/install/agribot_simulator:/home/hornet/Desktop/Agribot/install/agribot_description:/opt/ros/jazzy/opt/gz_sim_vendor:/opt/ros/jazzy/opt/gz_sensors_vendor:/opt/ros/jazzy/opt/gz_physics_vendor:/opt/ros/jazzy/opt/sdformat_vendor:/opt/ros/jazzy/opt/gz_gui_vendor:/opt/ros/jazzy/opt/gz_transport_vendor:/opt/ros/jazzy/opt/gz_rendering_vendor:/opt/ros/jazzy/opt/gz_plugin_vendor:/opt/ros/jazzy/opt/gz_fuel_tools_vendor:/opt/ros/jazzy/opt/gz_msgs_vendor:/opt/ros/jazzy/opt/gz_common_vendor:/opt/ros/jazzy/opt/gz_math_vendor:/opt/ros/jazzy/opt/gz_utils_vendor:/opt/ros/jazzy/opt/gz_tools_vendor:/opt/ros/jazzy/opt/gz_ogre_next_vendor:/opt/ros/jazzy/opt/gz_dartsim_vendor:/opt/ros/jazzy/opt/gz_cmake_vendor:/home/hornet/Desktop/Agribot/install/agribot_perception:/home/hornet/Desktop/Agribot/install/agribot_nodes:/home/hornet/Desktop/Agribot/install/agribot_navigation:/home/hornet/Desktop/Agribot/install/agribot_control:/opt/ros/jazzy DEBUGINFOD_URLS=https://debuginfod.ubuntu.com /usr/bin/cmake /home/hornet/Desktop/pathfollowingbot/src/pathbot_simulation -DAMENT_CMAKE_SYMLINK_INSTALL=1 -DCMAKE_INSTALL_PREFIX=/home/hornet/Desktop/pathfollowingbot/install/pathbot_simulation
[0.756s] DEBUG:colcon.colcon_core.event_handler.log_command:Invoked command in '/home/hornet/Desktop/pathfollowingbot/build/pathbot_nodes' returned '0': CMAKE_PREFIX_PATH=${CMAKE_PREFIX_PATH}:/home/hornet/Desktop/Agribot/install/agribot_perception:/home/hornet/Desktop/Agribot/install/agribot_nodes:/home/hornet/Desktop/Agribot/install/agribot_navigation:/home/hornet/Desktop/Agribot/install/agribot_control:/opt/ros/jazzy DEBUGINFOD_URLS=https://debuginfod.ubuntu.com /usr/bin/cmake /home/hornet/Desktop/pathfollowingbot/src/pathbot_nodes -DAMENT_CMAKE_SYMLINK_INSTALL=1 -DCMAKE_INSTALL_PREFIX=/home/hornet/Desktop/pathfollowingbot/install/pathbot_nodes
[0.756s] DEBUG:colcon.colcon_core.event_handler.log_command:Invoking command in '/home/hornet/Desktop/pathfollowingbot/build/pathbot_nodes': CMAKE_PREFIX_PATH=${CMAKE_PREFIX_PATH}:/home/hornet/Desktop/Agribot/install/agribot_perception:/home/hornet/Desktop/Agribot/install/agribot_nodes:/home/hornet/Desktop/Agribot/install/agribot_navigation:/home/hornet/Desktop/Agribot/install/agribot_control:/opt/ros/jazzy DEBUGINFOD_URLS=https://debuginfod.ubuntu.com /usr/bin/cmake --build /home/hornet/Desktop/pathfollowingbot/build/pathbot_nodes -- -j16 -l16
[1.005s] DEBUG:colcon.colcon_core.event_handler.log_command:Invoked command in '/home/hornet/Desktop/pathfollowingbot/build/pathbot_simulation' returned '0': AMENT_PREFIX_PATH=/home/hornet/Desktop/pathfollowingbot/install/pathbot_description:${AMENT_PREFIX_PATH} CMAKE_PREFIX_PATH=/home/hornet/Desktop/pathfollowingbot/install/pathbot_description:/home/hornet/Desktop/pathfollowingbot/install/mobile_robot:/home/hornet/Desktop/Agribot/install/agribot_bringup:/home/hornet/Desktop/Agribot/install/agribot_simulator:/home/hornet/Desktop/Agribot/install/agribot_description:/opt/ros/jazzy/opt/gz_sim_vendor:/opt/ros/jazzy/opt/gz_sensors_vendor:/opt/ros/jazzy/opt/gz_physics_vendor:/opt/ros/jazzy/opt/sdformat_vendor:/opt/ros/jazzy/opt/gz_gui_vendor:/opt/ros/jazzy/opt/gz_transport_vendor:/opt/ros/jazzy/opt/gz_rendering_vendor:/opt/ros/jazzy/opt/gz_plugin_vendor:/opt/ros/jazzy/opt/gz_fuel_tools_vendor:/opt/ros/jazzy/opt/gz_msgs_vendor:/opt/ros/jazzy/opt/gz_common_vendor:/opt/ros/jazzy/opt/gz_math_vendor:/opt/ros/jazzy/opt/gz_utils_vendor:/opt/ros/jazzy/opt/gz_tools_vendor:/opt/ros/jazzy/opt/gz_ogre_next_vendor:/opt/ros/jazzy/opt/gz_dartsim_vendor:/opt/ros/jazzy/opt/gz_cmake_vendor:/home/hornet/Desktop/Agribot/install/agribot_perception:/home/hornet/Desktop/Agribot/install/agribot_nodes:/home/hornet/Desktop/Agribot/install/agribot_navigation:/home/hornet/Desktop/Agribot/install/agribot_control:/opt/ros/jazzy DEBUGINFOD_URLS=https://debuginfod.ubuntu.com /usr/bin/cmake /home/hornet/Desktop/pathfollowingbot/src/pathbot_simulation -DAMENT_CMAKE_SYMLINK_INSTALL=1 -DCMAKE_INSTALL_PREFIX=/home/hornet/Desktop/pathfollowingbot/install/pathbot_simulation
[1.006s] DEBUG:colcon.colcon_core.event_handler.log_command:Invoking command in '/home/hornet/Desktop/pathfollowingbot/build/pathbot_simulation': AMENT_PREFIX_PATH=/home/hornet/Desktop/pathfollowingbot/install/pathbot_description:${AMENT_PREFIX_PATH} CMAKE_PREFIX_PATH=/home/hornet/Desktop/pathfollowingbot/install/pathbot_description:/home/hornet/Desktop/pathfollowingbot/install/mobile_robot:/home/hornet/Desktop/Agribot/install/agribot_bringup:/home/hornet/Desktop/Agribot/install/agribot_simulator:/home/hornet/Desktop/Agribot/install/agribot_description:/opt/ros/jazzy/opt/gz_sim_vendor:/opt/ros/jazzy/opt/gz_sensors_vendor:/opt/ros/jazzy/opt/gz_physics_vendor:/opt/ros/jazzy/opt/sdformat_vendor:/opt/ros/jazzy/opt/gz_gui_vendor:/opt/ros/jazzy/opt/gz_transport_vendor:/opt/ros/jazzy/opt/gz_rendering_vendor:/opt/ros/jazzy/opt/gz_plugin_vendor:/opt/ros/jazzy/opt/gz_fuel_tools_vendor:/opt/ros/jazzy/opt/gz_msgs_vendor:/opt/ros/jazzy/opt/gz_common_vendor:/opt/ros/jazzy/opt/gz_math_vendor:/opt/ros/jazzy/opt/gz_utils_vendor:/opt/ros/jazzy/opt/gz_tools_vendor:/opt/ros/jazzy/opt/gz_ogre_next_vendor:/opt/ros/jazzy/opt/gz_dartsim_vendor:/opt/ros/jazzy/opt/gz_cmake_vendor:/home/hornet/Desktop/Agribot/install/agribot_perception:/home/hornet/Desktop/Agribot/install/agribot_nodes:/home/hornet/Desktop/Agribot/install/agribot_navigation:/home/hornet/Desktop/Agribot/install/agribot_control:/opt/ros/jazzy DEBUGINFOD_URLS=https://debuginfod.ubuntu.com /usr/bin/cmake --build /home/hornet/Desktop/pathfollowingbot/build/pathbot_simulation -- -j16 -l16
[1.040s] DEBUG:colcon.colcon_core.event_handler.log_command:Invoked command in '/home/hornet/Desktop/pathfollowingbot/build/pathbot_simulation' returned '0': AMENT_PREFIX_PATH=/home/hornet/Desktop/pathfollowingbot/install/pathbot_description:${AMENT_PREFIX_PATH} CMAKE_PREFIX_PATH=/home/hornet/Desktop/pathfollowingbot/install/pathbot_description:/home/hornet/Desktop/pathfollowingbot/install/mobile_robot:/home/hornet/Desktop/Agribot/install/agribot_bringup:/home/hornet/Desktop/Agribot/install/agribot_simulator:/home/hornet/Desktop/Agribot/install/agribot_description:/opt/ros/jazzy/opt/gz_sim_vendor:/opt/ros/jazzy/opt/gz_sensors_vendor:/opt/ros/jazzy/opt/gz_physics_vendor:/opt/ros/jazzy/opt/sdformat_vendor:/opt/ros/jazzy/opt/gz_gui_vendor:/opt/ros/jazzy/opt/gz_transport_vendor:/opt/ros/jazzy/opt/gz_rendering_vendor:/opt/ros/jazzy/opt/gz_plugin_vendor:/opt/ros/jazzy/opt/gz_fuel_tools_vendor:/opt/ros/jazzy/opt/gz_msgs_vendor:/opt/ros/jazzy/opt/gz_common_vendor:/opt/ros/jazzy/opt/gz_math_vendor:/opt/ros/jazzy/opt/gz_utils_vendor:/opt/ros/jazzy/opt/gz_tools_vendor:/opt/ros/jazzy/opt/gz_ogre_next_vendor:/opt/ros/jazzy/opt/gz_dartsim_vendor:/opt/ros/jazzy/opt/gz_cmake_vendor:/home/hornet/Desktop/Agribot/install/agribot_perception:/home/hornet/Desktop/Agribot/install/agribot_nodes:/home/hornet/Desktop/Agribot/install/agribot_navigation:/home/hornet/Desktop/Agribot/install/agribot_control:/opt/ros/jazzy DEBUGINFOD_URLS=https://debuginfod.ubuntu.com /usr/bin/cmake --build /home/hornet/Desktop/pathfollowingbot/build/pathbot_simulation -- -j16 -l16
[1.041s] DEBUG:colcon.colcon_core.event_handler.log_command:Invoking command in '/home/hornet/Desktop/pathfollowingbot/build/pathbot_simulation': AMENT_PREFIX_PATH=/home/hornet/Desktop/pathfollowingbot/install/pathbot_description:${AMENT_PREFIX_PATH} CMAKE_PREFIX_PATH=/home/hornet/Desktop/pathfollowingbot/install/pathbot_description:/home/hornet/Desktop/pathfollowingbot/install/mobile_robot:/home/hornet/Desktop/Agribot/install/agribot_bringup:/home/hornet/Desktop/Agribot/install/agribot_simulator:/home/hornet/Desktop/Agribot/install/agribot_description:/opt/ros/jazzy/opt/gz_sim_vendor:/opt/ros/jazzy/opt/gz_sensors_vendor:/opt/ros/jazzy/opt/gz_physics_vendor:/opt/ros/jazzy/opt/sdformat_vendor:/opt/ros/jazzy/opt/gz_gui_vendor:/opt/ros/jazzy/opt/gz_transport_vendor:/opt/ros/jazzy/opt/gz_rendering_vendor:/opt/ros/jazzy/opt/gz_plugin_vendor:/opt/ros/jazzy/opt/gz_fuel_tools_vendor:/opt/ros/jazzy/opt/gz_msgs_vendor:/opt/ros/jazzy/opt/gz_common_vendor:/opt/ros/jazzy/opt/gz_math_vendor:/opt/ros/jazzy/opt/gz_utils_vendor:/opt/ros/jazzy/opt/gz_tools_vendor:/opt/ros/jazzy/opt/gz_ogre_next_vendor:/opt/ros/jazzy/opt/gz_dartsim_vendor:/opt/ros/jazzy/opt/gz_cmake_vendor:/home/hornet/Desktop/Agribot/install/agribot_perception:/home/hornet/Desktop/Agribot/install/agribot_nodes:/home/hornet/Desktop/Agribot/install/agribot_navigation:/home/hornet/Desktop/Agribot/install/agribot_control:/opt/ros/jazzy DEBUGINFOD_URLS=https://debuginfod.ubuntu.com /usr/bin/cmake --install /home/hornet/Desktop/pathfollowingbot/build/pathbot_simulation
[1.042s] DEBUG:colcon.colcon_core.event_handler.log_command:Invoked command in '/home/hornet/Desktop/pathfollowingbot/build/pathbot_nodes' returned '0': CMAKE_PREFIX_PATH=${CMAKE_PREFIX_PATH}:/home/hornet/Desktop/Agribot/install/agribot_perception:/home/hornet/Desktop/Agribot/install/agribot_nodes:/home/hornet/Desktop/Agribot/install/agribot_navigation:/home/hornet/Desktop/Agribot/install/agribot_control:/opt/ros/jazzy DEBUGINFOD_URLS=https://debuginfod.ubuntu.com /usr/bin/cmake --build /home/hornet/Desktop/pathfollowingbot/build/pathbot_nodes -- -j16 -l16
[1.043s] DEBUG:colcon.colcon_core.event_handler.log_command:Invoking command in '/home/hornet/Desktop/pathfollowingbot/build/pathbot_nodes': CMAKE_PREFIX_PATH=${CMAKE_PREFIX_PATH}:/home/hornet/Desktop/Agribot/install/agribot_perception:/home/hornet/Desktop/Agribot/install/agribot_nodes:/home/hornet/Desktop/Agribot/install/agribot_navigation:/home/hornet/Desktop/Agribot/install/agribot_control:/opt/ros/jazzy DEBUGINFOD_URLS=https://debuginfod.ubuntu.com /usr/bin/cmake --install /home/hornet/Desktop/pathfollowingbot/build/pathbot_nodes
[1.166s] Level 1:colcon.colcon_core.environment:create_environment_scripts_only(pathbot_nodes)
[1.167s] Level 1:colcon.colcon_core.environment:checking '/home/hornet/Desktop/pathfollowingbot/install/pathbot_nodes' for CMake module files
[1.167s] DEBUG:colcon.colcon_core.event_handler.log_command:Invoked command in '/home/hornet/Desktop/pathfollowingbot/build/pathbot_nodes' returned '0': CMAKE_PREFIX_PATH=${CMAKE_PREFIX_PATH}:/home/hornet/Desktop/Agribot/install/agribot_perception:/home/hornet/Desktop/Agribot/install/agribot_nodes:/home/hornet/Desktop/Agribot/install/agribot_navigation:/home/hornet/Desktop/Agribot/install/agribot_control:/opt/ros/jazzy DEBUGINFOD_URLS=https://debuginfod.ubuntu.com /usr/bin/cmake --install /home/hornet/Desktop/pathfollowingbot/build/pathbot_nodes
[1.167s] Level 1:colcon.colcon_core.environment:checking '/home/hornet/Desktop/pathfollowingbot/install/pathbot_nodes' for CMake config files
[1.168s] Level 1:colcon.colcon_core.shell:create_environment_hook('pathbot_nodes', 'cmake_prefix_path')
[1.168s] INFO:colcon.colcon_core.shell:Creating environment hook '/home/hornet/Desktop/pathfollowingbot/install/pathbot_nodes/share/pathbot_nodes/hook/cmake_prefix_path.ps1'
[1.168s] INFO:colcon.colcon_core.shell:Creating environment descriptor '/home/hornet/Desktop/pathfollowingbot/install/pathbot_nodes/share/pathbot_nodes/hook/cmake_prefix_path.dsv'
[1.168s] INFO:colcon.colcon_core.shell:Creating environment hook '/home/hornet/Desktop/pathfollowingbot/install/pathbot_nodes/share/pathbot_nodes/hook/cmake_prefix_path.sh'
[1.169s] Level 1:colcon.colcon_core.environment:checking '/home/hornet/Desktop/pathfollowingbot/install/pathbot_nodes/lib'
[1.169s] Level 1:colcon.colcon_core.environment:checking '/home/hornet/Desktop/pathfollowingbot/install/pathbot_nodes/bin'
[1.169s] Level 1:colcon.colcon_core.environment:checking '/home/hornet/Desktop/pathfollowingbot/install/pathbot_nodes/lib/pkgconfig/pathbot_nodes.pc'
[1.169s] Level 1:colcon.colcon_core.environment:checking '/home/hornet/Desktop/pathfollowingbot/install/pathbot_nodes/lib/python3.12/site-packages'
[1.169s] Level 1:colcon.colcon_core.environment:checking '/home/hornet/Desktop/pathfollowingbot/install/pathbot_nodes/bin'
[1.169s] INFO:colcon.colcon_core.shell:Creating package script '/home/hornet/Desktop/pathfollowingbot/install/pathbot_nodes/share/pathbot_nodes/package.ps1'
[1.170s] INFO:colcon.colcon_core.shell:Creating package descriptor '/home/hornet/Desktop/pathfollowingbot/install/pathbot_nodes/share/pathbot_nodes/package.dsv'
[1.170s] INFO:colcon.colcon_core.shell:Creating package script '/home/hornet/Desktop/pathfollowingbot/install/pathbot_nodes/share/pathbot_nodes/package.sh'
[1.170s] INFO:colcon.colcon_core.shell:Creating package script '/home/hornet/Desktop/pathfollowingbot/install/pathbot_nodes/share/pathbot_nodes/package.bash'
[1.171s] INFO:colcon.colcon_core.shell:Creating package script '/home/hornet/Desktop/pathfollowingbot/install/pathbot_nodes/share/pathbot_nodes/package.zsh'
[1.171s] Level 1:colcon.colcon_core.environment:create_file_with_runtime_dependencies(/home/hornet/Desktop/pathfollowingbot/install/pathbot_nodes/share/colcon-core/packages/pathbot_nodes)
[1.171s] Level 1:colcon.colcon_core.environment:create_environment_scripts_only(pathbot_nodes)
[1.171s] Level 1:colcon.colcon_core.environment:checking '/home/hornet/Desktop/pathfollowingbot/install/pathbot_nodes' for CMake module files
[1.172s] Level 1:colcon.colcon_core.environment:checking '/home/hornet/Desktop/pathfollowingbot/install/pathbot_nodes' for CMake config files
[1.172s] Level 1:colcon.colcon_core.shell:create_environment_hook('pathbot_nodes', 'cmake_prefix_path')
[1.172s] INFO:colcon.colcon_core.shell:Creating environment hook '/home/hornet/Desktop/pathfollowingbot/install/pathbot_nodes/share/pathbot_nodes/hook/cmake_prefix_path.ps1'
[1.177s] INFO:colcon.colcon_core.shell:Creating environment descriptor '/home/hornet/Desktop/pathfollowingbot/install/pathbot_nodes/share/pathbot_nodes/hook/cmake_prefix_path.dsv'
[1.177s] INFO:colcon.colcon_core.shell:Creating environment hook '/home/hornet/Desktop/pathfollowingbot/install/pathbot_nodes/share/pathbot_nodes/hook/cmake_prefix_path.sh'
[1.178s] Level 1:colcon.colcon_core.environment:checking '/home/hornet/Desktop/pathfollowingbot/install/pathbot_nodes/lib'
[1.178s] Level 1:colcon.colcon_core.environment:checking '/home/hornet/Desktop/pathfollowingbot/install/pathbot_nodes/bin'
[1.178s] Level 1:colcon.colcon_core.environment:checking '/home/hornet/Desktop/pathfollowingbot/install/pathbot_nodes/lib/pkgconfig/pathbot_nodes.pc'
[1.178s] Level 1:colcon.colcon_core.environment:checking '/home/hornet/Desktop/pathfollowingbot/install/pathbot_nodes/lib/python3.12/site-packages'
[1.178s] Level 1:colcon.colcon_core.environment:checking '/home/hornet/Desktop/pathfollowingbot/install/pathbot_nodes/bin'
[1.178s] INFO:colcon.colcon_core.shell:Creating package script '/home/hornet/Desktop/pathfollowingbot/install/pathbot_nodes/share/pathbot_nodes/package.ps1'
[1.179s] INFO:colcon.colcon_core.shell:Creating package descriptor '/home/hornet/Desktop/pathfollowingbot/install/pathbot_nodes/share/pathbot_nodes/package.dsv'
[1.179s] INFO:colcon.colcon_core.shell:Creating package script '/home/hornet/Desktop/pathfollowingbot/install/pathbot_nodes/share/pathbot_nodes/package.sh'
[1.179s] INFO:colcon.colcon_core.shell:Creating package script '/home/hornet/Desktop/pathfollowingbot/install/pathbot_nodes/share/pathbot_nodes/package.bash'
[1.179s] INFO:colcon.colcon_core.shell:Creating package script '/home/hornet/Desktop/pathfollowingbot/install/pathbot_nodes/share/pathbot_nodes/package.zsh'
[1.180s] Level 1:colcon.colcon_core.environment:create_file_with_runtime_dependencies(/home/hornet/Desktop/pathfollowingbot/install/pathbot_nodes/share/colcon-core/packages/pathbot_nodes)
[1.180s] INFO:colcon.colcon_ros.task.ament_cmake.build:Building ROS package in '/home/hornet/Desktop/pathfollowingbot/src/pathbot_navigation' with build type 'ament_cmake'
[1.180s] INFO:colcon.colcon_cmake.task.cmake.build:Building CMake package in '/home/hornet/Desktop/pathfollowingbot/src/pathbot_navigation'
[1.180s] INFO:colcon.colcon_core.shell:Skip shell extension 'powershell' for command environment: Not usable outside of PowerShell
[1.180s] DEBUG:colcon.colcon_core.shell:Skip shell extension 'dsv' for command environment
[1.191s] DEBUG:colcon.colcon_core.event_handler.log_command:Invoking command in '/home/hornet/Desktop/pathfollowingbot/build/pathbot_navigation': AMENT_PREFIX_PATH=/home/hornet/Desktop/pathfollowingbot/install/pathbot_nodes:${AMENT_PREFIX_PATH} CMAKE_PREFIX_PATH=/home/hornet/Desktop/pathfollowingbot/install/pathbot_nodes:/home/hornet/Desktop/pathfollowingbot/install/mobile_robot:/home/hornet/Desktop/Agribot/install/agribot_bringup:/home/hornet/Desktop/Agribot/install/agribot_simulator:/home/hornet/Desktop/Agribot/install/agribot_description:/opt/ros/jazzy/opt/gz_sim_vendor:/opt/ros/jazzy/opt/gz_sensors_vendor:/opt/ros/jazzy/opt/gz_physics_vendor:/opt/ros/jazzy/opt/sdformat_vendor:/opt/ros/jazzy/opt/gz_gui_vendor:/opt/ros/jazzy/opt/gz_transport_vendor:/opt/ros/jazzy/opt/gz_rendering_vendor:/opt/ros/jazzy/opt/gz_plugin_vendor:/opt/ros/jazzy/opt/gz_fuel_tools_vendor:/opt/ros/jazzy/opt/gz_msgs_vendor:/opt/ros/jazzy/opt/gz_common_vendor:/opt/ros/jazzy/opt/gz_math_vendor:/opt/ros/jazzy/opt/gz_utils_vendor:/opt/ros/jazzy/opt/gz_tools_vendor:/opt/ros/jazzy/opt/gz_ogre_next_vendor:/opt/ros/jazzy/opt/gz_dartsim_vendor:/opt/ros/jazzy/opt/gz_cmake_vendor:/home/hornet/Desktop/Agribot/install/agribot_perception:/home/hornet/Desktop/Agribot/install/agribot_nodes:/home/hornet/Desktop/Agribot/install/agribot_navigation:/home/hornet/Desktop/Agribot/install/agribot_control:/opt/ros/jazzy DEBUGINFOD_URLS=https://debuginfod.ubuntu.com /usr/bin/cmake /home/hornet/Desktop/pathfollowingbot/src/pathbot_navigation -DAMENT_CMAKE_SYMLINK_INSTALL=1 -DCMAKE_INSTALL_PREFIX=/home/hornet/Desktop/pathfollowingbot/install/pathbot_navigation
[1.496s] DEBUG:colcon.colcon_core.event_handler.log_command:Invoked command in '/home/hornet/Desktop/pathfollowingbot/build/pathbot_navigation' returned '0': AMENT_PREFIX_PATH=/home/hornet/Desktop/pathfollowingbot/install/pathbot_nodes:${AMENT_PREFIX_PATH} CMAKE_PREFIX_PATH=/home/hornet/Desktop/pathfollowingbot/install/pathbot_nodes:/home/hornet/Desktop/pathfollowingbot/install/mobile_robot:/home/hornet/Desktop/Agribot/install/agribot_bringup:/home/hornet/Desktop/Agribot/install/agribot_simulator:/home/hornet/Desktop/Agribot/install/agribot_description:/opt/ros/jazzy/opt/gz_sim_vendor:/opt/ros/jazzy/opt/gz_sensors_vendor:/opt/ros/jazzy/opt/gz_physics_vendor:/opt/ros/jazzy/opt/sdformat_vendor:/opt/ros/jazzy/opt/gz_gui_vendor:/opt/ros/jazzy/opt/gz_transport_vendor:/opt/ros/jazzy/opt/gz_rendering_vendor:/opt/ros/jazzy/opt/gz_plugin_vendor:/opt/ros/jazzy/opt/gz_fuel_tools_vendor:/opt/ros/jazzy/opt/gz_msgs_vendor:/opt/ros/jazzy/opt/gz_common_vendor:/opt/ros/jazzy/opt/gz_math_vendor:/opt/ros/jazzy/opt/gz_utils_vendor:/opt/ros/jazzy/opt/gz_tools_vendor:/opt/ros/jazzy/opt/gz_ogre_next_vendor:/opt/ros/jazzy/opt/gz_dartsim_vendor:/opt/ros/jazzy/opt/gz_cmake_vendor:/home/hornet/Desktop/Agribot/install/agribot_perception:/home/hornet/Desktop/Agribot/install/agribot_nodes:/home/hornet/Desktop/Agribot/install/agribot_navigation:/home/hornet/Desktop/Agribot/install/agribot_control:/opt/ros/jazzy DEBUGINFOD_URLS=https://debuginfod.ubuntu.com /usr/bin/cmake /home/hornet/Desktop/pathfollowingbot/src/pathbot_navigation -DAMENT_CMAKE_SYMLINK_INSTALL=1 -DCMAKE_INSTALL_PREFIX=/home/hornet/Desktop/pathfollowingbot/install/pathbot_navigation
[1.497s] DEBUG:colcon.colcon_core.event_handler.log_command:Invoking command in '/home/hornet/Desktop/pathfollowingbot/build/pathbot_navigation': AMENT_PREFIX_PATH=/home/hornet/Desktop/pathfollowingbot/install/pathbot_nodes:${AMENT_PREFIX_PATH} CMAKE_PREFIX_PATH=/home/hornet/Desktop/pathfollowingbot/install/pathbot_nodes:/home/hornet/Desktop/pathfollowingbot/install/mobile_robot:/home/hornet/Desktop/Agribot/install/agribot_bringup:/home/hornet/Desktop/Agribot/install/agribot_simulator:/home/hornet/Desktop/Agribot/install/agribot_description:/opt/ros/jazzy/opt/gz_sim_vendor:/opt/ros/jazzy/opt/gz_sensors_vendor:/opt/ros/jazzy/opt/gz_physics_vendor:/opt/ros/jazzy/opt/sdformat_vendor:/opt/ros/jazzy/opt/gz_gui_vendor:/opt/ros/jazzy/opt/gz_transport_vendor:/opt/ros/jazzy/opt/gz_rendering_vendor:/opt/ros/jazzy/opt/gz_plugin_vendor:/opt/ros/jazzy/opt/gz_fuel_tools_vendor:/opt/ros/jazzy/opt/gz_msgs_vendor:/opt/ros/jazzy/opt/gz_common_vendor:/opt/ros/jazzy/opt/gz_math_vendor:/opt/ros/jazzy/opt/gz_utils_vendor:/opt/ros/jazzy/opt/gz_tools_vendor:/opt/ros/jazzy/opt/gz_ogre_next_vendor:/opt/ros/jazzy/opt/gz_dartsim_vendor:/opt/ros/jazzy/opt/gz_cmake_vendor:/home/hornet/Desktop/Agribot/install/agribot_perception:/home/hornet/Desktop/Agribot/install/agribot_nodes:/home/hornet/Desktop/Agribot/install/agribot_navigation:/home/hornet/Desktop/Agribot/install/agribot_control:/opt/ros/jazzy DEBUGINFOD_URLS=https://debuginfod.ubuntu.com /usr/bin/cmake --build /home/hornet/Desktop/pathfollowingbot/build/pathbot_navigation -- -j16 -l16
[1.527s] DEBUG:colcon.colcon_core.event_handler.log_command:Invoked command in '/home/hornet/Desktop/pathfollowingbot/build/pathbot_navigation' returned '0': AMENT_PREFIX_PATH=/home/hornet/Desktop/pathfollowingbot/install/pathbot_nodes:${AMENT_PREFIX_PATH} CMAKE_PREFIX_PATH=/home/hornet/Desktop/pathfollowingbot/install/pathbot_nodes:/home/hornet/Desktop/pathfollowingbot/install/mobile_robot:/home/hornet/Desktop/Agribot/install/agribot_bringup:/home/hornet/Desktop/Agribot/install/agribot_simulator:/home/hornet/Desktop/Agribot/install/agribot_description:/opt/ros/jazzy/opt/gz_sim_vendor:/opt/ros/jazzy/opt/gz_sensors_vendor:/opt/ros/jazzy/opt/gz_physics_vendor:/opt/ros/jazzy/opt/sdformat_vendor:/opt/ros/jazzy/opt/gz_gui_vendor:/opt/ros/jazzy/opt/gz_transport_vendor:/opt/ros/jazzy/opt/gz_rendering_vendor:/opt/ros/jazzy/opt/gz_plugin_vendor:/opt/ros/jazzy/opt/gz_fuel_tools_vendor:/opt/ros/jazzy/opt/gz_msgs_vendor:/opt/ros/jazzy/opt/gz_common_vendor:/opt/ros/jazzy/opt/gz_math_vendor:/opt/ros/jazzy/opt/gz_utils_vendor:/opt/ros/jazzy/opt/gz_tools_vendor:/opt/ros/jazzy/opt/gz_ogre_next_vendor:/opt/ros/jazzy/opt/gz_dartsim_vendor:/opt/ros/jazzy/opt/gz_cmake_vendor:/home/hornet/Desktop/Agribot/install/agribot_perception:/home/hornet/Desktop/Agribot/install/agribot_nodes:/home/hornet/Desktop/Agribot/install/agribot_navigation:/home/hornet/Desktop/Agribot/install/agribot_control:/opt/ros/jazzy DEBUGINFOD_URLS=https://debuginfod.ubuntu.com /usr/bin/cmake --build /home/hornet/Desktop/pathfollowingbot/build/pathbot_navigation -- -j16 -l16
[1.528s] DEBUG:colcon.colcon_core.event_handler.log_command:Invoking command in '/home/hornet/Desktop/pathfollowingbot/build/pathbot_navigation': AMENT_PREFIX_PATH=/home/hornet/Desktop/pathfollowingbot/install/pathbot_nodes:${AMENT_PREFIX_PATH} CMAKE_PREFIX_PATH=/home/hornet/Desktop/pathfollowingbot/install/pathbot_nodes:/home/hornet/Desktop/pathfollowingbot/install/mobile_robot:/home/hornet/Desktop/Agribot/install/agribot_bringup:/home/hornet/Desktop/Agribot/install/agribot_simulator:/home/hornet/Desktop/Agribot/install/agribot_description:/opt/ros/jazzy/opt/gz_sim_vendor:/opt/ros/jazzy/opt/gz_sensors_vendor:/opt/ros/jazzy/opt/gz_physics_vendor:/opt/ros/jazzy/opt/sdformat_vendor:/opt/ros/jazzy/opt/gz_gui_vendor:/opt/ros/jazzy/opt/gz_transport_vendor:/opt/ros/jazzy/opt/gz_rendering_vendor:/opt/ros/jazzy/opt/gz_plugin_vendor:/opt/ros/jazzy/opt/gz_fuel_tools_vendor:/opt/ros/jazzy/opt/gz_msgs_vendor:/opt/ros/jazzy/opt/gz_common_vendor:/opt/ros/jazzy/opt/gz_math_vendor:/opt/ros/jazzy/opt/gz_utils_vendor:/opt/ros/jazzy/opt/gz_tools_vendor:/opt/ros/jazzy/opt/gz_ogre_next_vendor:/opt/ros/jazzy/opt/gz_dartsim_vendor:/opt/ros/jazzy/opt/gz_cmake_vendor:/home/hornet/Desktop/Agribot/install/agribot_perception:/home/hornet/Desktop/Agribot/install/agribot_nodes:/home/hornet/Desktop/Agribot/install/agribot_navigation:/home/hornet/Desktop/Agribot/install/agribot_control:/opt/ros/jazzy DEBUGINFOD_URLS=https://debuginfod.ubuntu.com /usr/bin/cmake --install /home/hornet/Desktop/pathfollowingbot/build/pathbot_navigation
[1.694s] Level 1:colcon.colcon_core.environment:create_environment_scripts_only(pathbot_navigation)
[1.694s] Level 1:colcon.colcon_core.environment:checking '/home/hornet/Desktop/pathfollowingbot/install/pathbot_navigation' for CMake module files
[1.694s] DEBUG:colcon.colcon_core.event_handler.log_command:Invoked command in '/home/hornet/Desktop/pathfollowingbot/build/pathbot_navigation' returned '0': AMENT_PREFIX_PATH=/home/hornet/Desktop/pathfollowingbot/install/pathbot_nodes:${AMENT_PREFIX_PATH} CMAKE_PREFIX_PATH=/home/hornet/Desktop/pathfollowingbot/install/pathbot_nodes:/home/hornet/Desktop/pathfollowingbot/install/mobile_robot:/home/hornet/Desktop/Agribot/install/agribot_bringup:/home/hornet/Desktop/Agribot/install/agribot_simulator:/home/hornet/Desktop/Agribot/install/agribot_description:/opt/ros/jazzy/opt/gz_sim_vendor:/opt/ros/jazzy/opt/gz_sensors_vendor:/opt/ros/jazzy/opt/gz_physics_vendor:/opt/ros/jazzy/opt/sdformat_vendor:/opt/ros/jazzy/opt/gz_gui_vendor:/opt/ros/jazzy/opt/gz_transport_vendor:/opt/ros/jazzy/opt/gz_rendering_vendor:/opt/ros/jazzy/opt/gz_plugin_vendor:/opt/ros/jazzy/opt/gz_fuel_tools_vendor:/opt/ros/jazzy/opt/gz_msgs_vendor:/opt/ros/jazzy/opt/gz_common_vendor:/opt/ros/jazzy/opt/gz_math_vendor:/opt/ros/jazzy/opt/gz_utils_vendor:/opt/ros/jazzy/opt/gz_tools_vendor:/opt/ros/jazzy/opt/gz_ogre_next_vendor:/opt/ros/jazzy/opt/gz_dartsim_vendor:/opt/ros/jazzy/opt/gz_cmake_vendor:/home/hornet/Desktop/Agribot/install/agribot_perception:/home/hornet/Desktop/Agribot/install/agribot_nodes:/home/hornet/Desktop/Agribot/install/agribot_navigation:/home/hornet/Desktop/Agribot/install/agribot_control:/opt/ros/jazzy DEBUGINFOD_URLS=https://debuginfod.ubuntu.com /usr/bin/cmake --install /home/hornet/Desktop/pathfollowingbot/build/pathbot_navigation
[1.695s] Level 1:colcon.colcon_core.environment:checking '/home/hornet/Desktop/pathfollowingbot/install/pathbot_navigation' for CMake config files
[1.695s] Level 1:colcon.colcon_core.shell:create_environment_hook('pathbot_navigation', 'cmake_prefix_path')
[1.695s] INFO:colcon.colcon_core.shell:Creating environment hook '/home/hornet/Desktop/pathfollowingbot/install/pathbot_navigation/share/pathbot_navigation/hook/cmake_prefix_path.ps1'
[1.695s] INFO:colcon.colcon_core.shell:Creating environment descriptor '/home/hornet/Desktop/pathfollowingbot/install/pathbot_navigation/share/pathbot_navigation/hook/cmake_prefix_path.dsv'
[1.696s] INFO:colcon.colcon_core.shell:Creating environment hook '/home/hornet/Desktop/pathfollowingbot/install/pathbot_navigation/share/pathbot_navigation/hook/cmake_prefix_path.sh'
[1.696s] Level 1:colcon.colcon_core.environment:checking '/home/hornet/Desktop/pathfollowingbot/install/pathbot_navigation/bin'
[1.696s] Level 1:colcon.colcon_core.environment:checking '/home/hornet/Desktop/pathfollowingbot/install/pathbot_navigation/lib/pkgconfig/pathbot_navigation.pc'
[1.696s] Level 1:colcon.colcon_core.environment:checking '/home/hornet/Desktop/pathfollowingbot/install/pathbot_navigation/lib/python3.12/site-packages'
[1.696s] Level 1:colcon.colcon_core.environment:checking '/home/hornet/Desktop/pathfollowingbot/install/pathbot_navigation/bin'
[1.696s] INFO:colcon.colcon_core.shell:Creating package script '/home/hornet/Desktop/pathfollowingbot/install/pathbot_navigation/share/pathbot_navigation/package.ps1'
[1.697s] INFO:colcon.colcon_core.shell:Creating package descriptor '/home/hornet/Desktop/pathfollowingbot/install/pathbot_navigation/share/pathbot_navigation/package.dsv'
[1.697s] INFO:colcon.colcon_core.shell:Creating package script '/home/hornet/Desktop/pathfollowingbot/install/pathbot_navigation/share/pathbot_navigation/package.sh'
[1.697s] INFO:colcon.colcon_core.shell:Creating package script '/home/hornet/Desktop/pathfollowingbot/install/pathbot_navigation/share/pathbot_navigation/package.bash'
[1.697s] INFO:colcon.colcon_core.shell:Creating package script '/home/hornet/Desktop/pathfollowingbot/install/pathbot_navigation/share/pathbot_navigation/package.zsh'
[1.698s] Level 1:colcon.colcon_core.environment:create_file_with_runtime_dependencies(/home/hornet/Desktop/pathfollowingbot/install/pathbot_navigation/share/colcon-core/packages/pathbot_navigation)
[1.698s] Level 1:colcon.colcon_core.environment:create_environment_scripts_only(pathbot_navigation)
[1.698s] Level 1:colcon.colcon_core.environment:checking '/home/hornet/Desktop/pathfollowingbot/install/pathbot_navigation' for CMake module files
[1.698s] Level 1:colcon.colcon_core.environment:checking '/home/hornet/Desktop/pathfollowingbot/install/pathbot_navigation' for CMake config files
[1.698s] Level 1:colcon.colcon_core.shell:create_environment_hook('pathbot_navigation', 'cmake_prefix_path')
[1.698s] INFO:colcon.colcon_core.shell:Creating environment hook '/home/hornet/Desktop/pathfollowingbot/install/pathbot_navigation/share/pathbot_navigation/hook/cmake_prefix_path.ps1'
[1.704s] INFO:colcon.colcon_core.shell:Creating environment descriptor '/home/hornet/Desktop/pathfollowingbot/install/pathbot_navigation/share/pathbot_navigation/hook/cmake_prefix_path.dsv'
[1.704s] INFO:colcon.colcon_core.shell:Creating environment hook '/home/hornet/Desktop/pathfollowingbot/install/pathbot_navigation/share/pathbot_navigation/hook/cmake_prefix_path.sh'
[1.705s] Level 1:colcon.colcon_core.environment:checking '/home/hornet/Desktop/pathfollowingbot/install/pathbot_navigation/bin'
[1.705s] Level 1:colcon.colcon_core.environment:checking '/home/hornet/Desktop/pathfollowingbot/install/pathbot_navigation/lib/pkgconfig/pathbot_navigation.pc'
[1.705s] Level 1:colcon.colcon_core.environment:checking '/home/hornet/Desktop/pathfollowingbot/install/pathbot_navigation/lib/python3.12/site-packages'
[1.705s] Level 1:colcon.colcon_core.environment:checking '/home/hornet/Desktop/pathfollowingbot/install/pathbot_navigation/bin'
[1.705s] INFO:colcon.colcon_core.shell:Creating package script '/home/hornet/Desktop/pathfollowingbot/install/pathbot_navigation/share/pathbot_navigation/package.ps1'
[1.706s] INFO:colcon.colcon_core.shell:Creating package descriptor '/home/hornet/Desktop/pathfollowingbot/install/pathbot_navigation/share/pathbot_navigation/package.dsv'
[1.706s] INFO:colcon.colcon_core.shell:Creating package script '/home/hornet/Desktop/pathfollowingbot/install/pathbot_navigation/share/pathbot_navigation/package.sh'
[1.706s] INFO:colcon.colcon_core.shell:Creating package script '/home/hornet/Desktop/pathfollowingbot/install/pathbot_navigation/share/pathbot_navigation/package.bash'
[1.706s] INFO:colcon.colcon_core.shell:Creating package script '/home/hornet/Desktop/pathfollowingbot/install/pathbot_navigation/share/pathbot_navigation/package.zsh'
[1.706s] Level 1:colcon.colcon_core.environment:create_file_with_runtime_dependencies(/home/hornet/Desktop/pathfollowingbot/install/pathbot_navigation/share/colcon-core/packages/pathbot_navigation)
[1.874s] Level 1:colcon.colcon_core.environment:create_environment_scripts_only(pathbot_simulation)
[1.874s] Level 1:colcon.colcon_core.environment:checking '/home/hornet/Desktop/pathfollowingbot/install/pathbot_simulation' for CMake module files
[1.874s] DEBUG:colcon.colcon_core.event_handler.log_command:Invoked command in '/home/hornet/Desktop/pathfollowingbot/build/pathbot_simulation' returned '0': AMENT_PREFIX_PATH=/home/hornet/Desktop/pathfollowingbot/install/pathbot_description:${AMENT_PREFIX_PATH} CMAKE_PREFIX_PATH=/home/hornet/Desktop/pathfollowingbot/install/pathbot_description:/home/hornet/Desktop/pathfollowingbot/install/mobile_robot:/home/hornet/Desktop/Agribot/install/agribot_bringup:/home/hornet/Desktop/Agribot/install/agribot_simulator:/home/hornet/Desktop/Agribot/install/agribot_description:/opt/ros/jazzy/opt/gz_sim_vendor:/opt/ros/jazzy/opt/gz_sensors_vendor:/opt/ros/jazzy/opt/gz_physics_vendor:/opt/ros/jazzy/opt/sdformat_vendor:/opt/ros/jazzy/opt/gz_gui_vendor:/opt/ros/jazzy/opt/gz_transport_vendor:/opt/ros/jazzy/opt/gz_rendering_vendor:/opt/ros/jazzy/opt/gz_plugin_vendor:/opt/ros/jazzy/opt/gz_fuel_tools_vendor:/opt/ros/jazzy/opt/gz_msgs_vendor:/opt/ros/jazzy/opt/gz_common_vendor:/opt/ros/jazzy/opt/gz_math_vendor:/opt/ros/jazzy/opt/gz_utils_vendor:/opt/ros/jazzy/opt/gz_tools_vendor:/opt/ros/jazzy/opt/gz_ogre_next_vendor:/opt/ros/jazzy/opt/gz_dartsim_vendor:/opt/ros/jazzy/opt/gz_cmake_vendor:/home/hornet/Desktop/Agribot/install/agribot_perception:/home/hornet/Desktop/Agribot/install/agribot_nodes:/home/hornet/Desktop/Agribot/install/agribot_navigation:/home/hornet/Desktop/Agribot/install/agribot_control:/opt/ros/jazzy DEBUGINFOD_URLS=https://debuginfod.ubuntu.com /usr/bin/cmake --install /home/hornet/Desktop/pathfollowingbot/build/pathbot_simulation
[1.875s] Level 1:colcon.colcon_core.environment:checking '/home/hornet/Desktop/pathfollowingbot/install/pathbot_simulation' for CMake config files
[1.875s] Level 1:colcon.colcon_core.shell:create_environment_hook('pathbot_simulation', 'cmake_prefix_path')
[1.875s] INFO:colcon.colcon_core.shell:Creating environment hook '/home/hornet/Desktop/pathfollowingbot/install/pathbot_simulation/share/pathbot_simulation/hook/cmake_prefix_path.ps1'
[1.875s] INFO:colcon.colcon_core.shell:Creating environment descriptor '/home/hornet/Desktop/pathfollowingbot/install/pathbot_simulation/share/pathbot_simulation/hook/cmake_prefix_path.dsv'
[1.876s] INFO:colcon.colcon_core.shell:Creating environment hook '/home/hornet/Desktop/pathfollowingbot/install/pathbot_simulation/share/pathbot_simulation/hook/cmake_prefix_path.sh'
[1.876s] Level 1:colcon.colcon_core.environment:checking '/home/hornet/Desktop/pathfollowingbot/install/pathbot_simulation/bin'
[1.876s] Level 1:colcon.colcon_core.environment:checking '/home/hornet/Desktop/pathfollowingbot/install/pathbot_simulation/lib/pkgconfig/pathbot_simulation.pc'
[1.876s] Level 1:colcon.colcon_core.environment:checking '/home/hornet/Desktop/pathfollowingbot/install/pathbot_simulation/lib/python3.12/site-packages'
[1.876s] Level 1:colcon.colcon_core.environment:checking '/home/hornet/Desktop/pathfollowingbot/install/pathbot_simulation/bin'
[1.877s] INFO:colcon.colcon_core.shell:Creating package script '/home/hornet/Desktop/pathfollowingbot/install/pathbot_simulation/share/pathbot_simulation/package.ps1'
[1.877s] INFO:colcon.colcon_core.shell:Creating package descriptor '/home/hornet/Desktop/pathfollowingbot/install/pathbot_simulation/share/pathbot_simulation/package.dsv'
[1.877s] INFO:colcon.colcon_core.shell:Creating package script '/home/hornet/Desktop/pathfollowingbot/install/pathbot_simulation/share/pathbot_simulation/package.sh'
[1.877s] INFO:colcon.colcon_core.shell:Creating package script '/home/hornet/Desktop/pathfollowingbot/install/pathbot_simulation/share/pathbot_simulation/package.bash'
[1.877s] INFO:colcon.colcon_core.shell:Creating package script '/home/hornet/Desktop/pathfollowingbot/install/pathbot_simulation/share/pathbot_simulation/package.zsh'
[1.878s] Level 1:colcon.colcon_core.environment:create_file_with_runtime_dependencies(/home/hornet/Desktop/pathfollowingbot/install/pathbot_simulation/share/colcon-core/packages/pathbot_simulation)
[1.878s] Level 1:colcon.colcon_core.environment:create_environment_scripts_only(pathbot_simulation)
[1.878s] Level 1:colcon.colcon_core.environment:checking '/home/hornet/Desktop/pathfollowingbot/install/pathbot_simulation' for CMake module files
[1.878s] Level 1:colcon.colcon_core.environment:checking '/home/hornet/Desktop/pathfollowingbot/install/pathbot_simulation' for CMake config files
[1.878s] Level 1:colcon.colcon_core.shell:create_environment_hook('pathbot_simulation', 'cmake_prefix_path')
[1.878s] INFO:colcon.colcon_core.shell:Creating environment hook '/home/hornet/Desktop/pathfollowingbot/install/pathbot_simulation/share/pathbot_simulation/hook/cmake_prefix_path.ps1'
[1.884s] INFO:colcon.colcon_core.shell:Creating environment descriptor '/home/hornet/Desktop/pathfollowingbot/install/pathbot_simulation/share/pathbot_simulation/hook/cmake_prefix_path.dsv'
[1.884s] INFO:colcon.colcon_core.shell:Creating environment hook '/home/hornet/Desktop/pathfollowingbot/install/pathbot_simulation/share/pathbot_simulation/hook/cmake_prefix_path.sh'
[1.884s] Level 1:colcon.colcon_core.environment:checking '/home/hornet/Desktop/pathfollowingbot/install/pathbot_simulation/bin'
[1.884s] Level 1:colcon.colcon_core.environment:checking '/home/hornet/Desktop/pathfollowingbot/install/pathbot_simulation/lib/pkgconfig/pathbot_simulation.pc'
[1.885s] Level 1:colcon.colcon_core.environment:checking '/home/hornet/Desktop/pathfollowingbot/install/pathbot_simulation/lib/python3.12/site-packages'
[1.885s] Level 1:colcon.colcon_core.environment:checking '/home/hornet/Desktop/pathfollowingbot/install/pathbot_simulation/bin'
[1.885s] INFO:colcon.colcon_core.shell:Creating package script '/home/hornet/Desktop/pathfollowingbot/install/pathbot_simulation/share/pathbot_simulation/package.ps1'
[1.885s] INFO:colcon.colcon_core.shell:Creating package descriptor '/home/hornet/Desktop/pathfollowingbot/install/pathbot_simulation/share/pathbot_simulation/package.dsv'
[1.885s] INFO:colcon.colcon_core.shell:Creating package script '/home/hornet/Desktop/pathfollowingbot/install/pathbot_simulation/share/pathbot_simulation/package.sh'
[1.886s] INFO:colcon.colcon_core.shell:Creating package script '/home/hornet/Desktop/pathfollowingbot/install/pathbot_simulation/share/pathbot_simulation/package.bash'
[1.886s] INFO:colcon.colcon_core.shell:Creating package script '/home/hornet/Desktop/pathfollowingbot/install/pathbot_simulation/share/pathbot_simulation/package.zsh'
[1.886s] Level 1:colcon.colcon_core.environment:create_file_with_runtime_dependencies(/home/hornet/Desktop/pathfollowingbot/install/pathbot_simulation/share/colcon-core/packages/pathbot_simulation)
[1.886s] INFO:colcon.colcon_ros.task.ament_cmake.build:Building ROS package in '/home/hornet/Desktop/pathfollowingbot/src/pathbot_bringup' with build type 'ament_cmake'
[1.886s] INFO:colcon.colcon_cmake.task.cmake.build:Building CMake package in '/home/hornet/Desktop/pathfollowingbot/src/pathbot_bringup'
[1.886s] INFO:colcon.colcon_core.shell:Skip shell extension 'powershell' for command environment: Not usable outside of PowerShell
[1.886s] DEBUG:colcon.colcon_core.shell:Skip shell extension 'dsv' for command environment
[1.895s] DEBUG:colcon.colcon_core.event_handler.log_command:Invoking command in '/home/hornet/Desktop/pathfollowingbot/build/pathbot_bringup': AMENT_PREFIX_PATH=/home/hornet/Desktop/pathfollowingbot/install/pathbot_simulation:/home/hornet/Desktop/pathfollowingbot/install/pathbot_navigation:/home/hornet/Desktop/pathfollowingbot/install/pathbot_nodes:/home/hornet/Desktop/pathfollowingbot/install/pathbot_description:/home/hornet/Desktop/pathfollowingbot/install/pathbot_control:${AMENT_PREFIX_PATH} CMAKE_PREFIX_PATH=/home/hornet/Desktop/pathfollowingbot/install/pathbot_simulation:/home/hornet/Desktop/pathfollowingbot/install/pathbot_navigation:/home/hornet/Desktop/pathfollowingbot/install/pathbot_nodes:/home/hornet/Desktop/pathfollowingbot/install/pathbot_description:/home/hornet/Desktop/pathfollowingbot/install/pathbot_control:/home/hornet/Desktop/pathfollowingbot/install/mobile_robot:/home/hornet/Desktop/Agribot/install/agribot_bringup:/home/hornet/Desktop/Agribot/install/agribot_simulator:/home/hornet/Desktop/Agribot/install/agribot_description:/opt/ros/jazzy/opt/gz_sim_vendor:/opt/ros/jazzy/opt/gz_sensors_vendor:/opt/ros/jazzy/opt/gz_physics_vendor:/opt/ros/jazzy/opt/sdformat_vendor:/opt/ros/jazzy/opt/gz_gui_vendor:/opt/ros/jazzy/opt/gz_transport_vendor:/opt/ros/jazzy/opt/gz_rendering_vendor:/opt/ros/jazzy/opt/gz_plugin_vendor:/opt/ros/jazzy/opt/gz_fuel_tools_vendor:/opt/ros/jazzy/opt/gz_msgs_vendor:/opt/ros/jazzy/opt/gz_common_vendor:/opt/ros/jazzy/opt/gz_math_vendor:/opt/ros/jazzy/opt/gz_utils_vendor:/opt/ros/jazzy/opt/gz_tools_vendor:/opt/ros/jazzy/opt/gz_ogre_next_vendor:/opt/ros/jazzy/opt/gz_dartsim_vendor:/opt/ros/jazzy/opt/gz_cmake_vendor:/home/hornet/Desktop/Agribot/install/agribot_perception:/home/hornet/Desktop/Agribot/install/agribot_nodes:/home/hornet/Desktop/Agribot/install/agribot_navigation:/home/hornet/Desktop/Agribot/install/agribot_control:/opt/ros/jazzy DEBUGINFOD_URLS=https://debuginfod.ubuntu.com /usr/bin/cmake /home/hornet/Desktop/pathfollowingbot/src/pathbot_bringup -DAMENT_CMAKE_SYMLINK_INSTALL=1 -DCMAKE_INSTALL_PREFIX=/home/hornet/Desktop/pathfollowingbot/install/pathbot_bringup
[2.142s] DEBUG:colcon.colcon_core.event_handler.log_command:Invoked command in '/home/hornet/Desktop/pathfollowingbot/build/pathbot_bringup' returned '0': AMENT_PREFIX_PATH=/home/hornet/Desktop/pathfollowingbot/install/pathbot_simulation:/home/hornet/Desktop/pathfollowingbot/install/pathbot_navigation:/home/hornet/Desktop/pathfollowingbot/install/pathbot_nodes:/home/hornet/Desktop/pathfollowingbot/install/pathbot_description:/home/hornet/Desktop/pathfollowingbot/install/pathbot_control:${AMENT_PREFIX_PATH} CMAKE_PREFIX_PATH=/home/hornet/Desktop/pathfollowingbot/install/pathbot_simulation:/home/hornet/Desktop/pathfollowingbot/install/pathbot_navigation:/home/hornet/Desktop/pathfollowingbot/install/pathbot_nodes:/home/hornet/Desktop/pathfollowingbot/install/pathbot_description:/home/hornet/Desktop/pathfollowingbot/install/pathbot_control:/home/hornet/Desktop/pathfollowingbot/install/mobile_robot:/home/hornet/Desktop/Agribot/install/agribot_bringup:/home/hornet/Desktop/Agribot/install/agribot_simulator:/home/hornet/Desktop/Agribot/install/agribot_description:/opt/ros/jazzy/opt/gz_sim_vendor:/opt/ros/jazzy/opt/gz_sensors_vendor:/opt/ros/jazzy/opt/gz_physics_vendor:/opt/ros/jazzy/opt/sdformat_vendor:/opt/ros/jazzy/opt/gz_gui_vendor:/opt/ros/jazzy/opt/gz_transport_vendor:/opt/ros/jazzy/opt/gz_rendering_vendor:/opt/ros/jazzy/opt/gz_plugin_vendor:/opt/ros/jazzy/opt/gz_fuel_tools_vendor:/opt/ros/jazzy/opt/gz_msgs_vendor:/opt/ros/jazzy/opt/gz_common_vendor:/opt/ros/jazzy/opt/gz_math_vendor:/opt/ros/jazzy/opt/gz_utils_vendor:/opt/ros/jazzy/opt/gz_tools_vendor:/opt/ros/jazzy/opt/gz_ogre_next_vendor:/opt/ros/jazzy/opt/gz_dartsim_vendor:/opt/ros/jazzy/opt/gz_cmake_vendor:/home/hornet/Desktop/Agribot/install/agribot_perception:/home/hornet/Desktop/Agribot/install/agribot_nodes:/home/hornet/Desktop/Agribot/install/agribot_navigation:/home/hornet/Desktop/Agribot/install/agribot_control:/opt/ros/jazzy DEBUGINFOD_URLS=https://debuginfod.ubuntu.com /usr/bin/cmake /home/hornet/Desktop/pathfollowingbot/src/pathbot_bringup -DAMENT_CMAKE_SYMLINK_INSTALL=1 -DCMAKE_INSTALL_PREFIX=/home/hornet/Desktop/pathfollowingbot/install/pathbot_bringup
[2.142s] DEBUG:colcon.colcon_core.event_handler.log_command:Invoking command in '/home/hornet/Desktop/pathfollowingbot/build/pathbot_bringup': AMENT_PREFIX_PATH=/home/hornet/Desktop/pathfollowingbot/install/pathbot_simulation:/home/hornet/Desktop/pathfollowingbot/install/pathbot_navigation:/home/hornet/Desktop/pathfollowingbot/install/pathbot_nodes:/home/hornet/Desktop/pathfollowingbot/install/pathbot_description:/home/hornet/Desktop/pathfollowingbot/install/pathbot_control:${AMENT_PREFIX_PATH} CMAKE_PREFIX_PATH=/home/hornet/Desktop/pathfollowingbot/install/pathbot_simulation:/home/hornet/Desktop/pathfollowingbot/install/pathbot_navigation:/home/hornet/Desktop/pathfollowingbot/install/pathbot_nodes:/home/hornet/Desktop/pathfollowingbot/install/pathbot_description:/home/hornet/Desktop/pathfollowingbot/install/pathbot_control:/home/hornet/Desktop/pathfollowingbot/install/mobile_robot:/home/hornet/Desktop/Agribot/install/agribot_bringup:/home/hornet/Desktop/Agribot/install/agribot_simulator:/home/hornet/Desktop/Agribot/install/agribot_description:/opt/ros/jazzy/opt/gz_sim_vendor:/opt/ros/jazzy/opt/gz_sensors_vendor:/opt/ros/jazzy/opt/gz_physics_vendor:/opt/ros/jazzy/opt/sdformat_vendor:/opt/ros/jazzy/opt/gz_gui_vendor:/opt/ros/jazzy/opt/gz_transport_vendor:/opt/ros/jazzy/opt/gz_rendering_vendor:/opt/ros/jazzy/opt/gz_plugin_vendor:/opt/ros/jazzy/opt/gz_fuel_tools_vendor:/opt/ros/jazzy/opt/gz_msgs_vendor:/opt/ros/jazzy/opt/gz_common_vendor:/opt/ros/jazzy/opt/gz_math_vendor:/opt/ros/jazzy/opt/gz_utils_vendor:/opt/ros/jazzy/opt/gz_tools_vendor:/opt/ros/jazzy/opt/gz_ogre_next_vendor:/opt/ros/jazzy/opt/gz_dartsim_vendor:/opt/ros/jazzy/opt/gz_cmake_vendor:/home/hornet/Desktop/Agribot/install/agribot_perception:/home/hornet/Desktop/Agribot/install/agribot_nodes:/home/hornet/Desktop/Agribot/install/agribot_navigation:/home/hornet/Desktop/Agribot/install/agribot_control:/opt/ros/jazzy DEBUGINFOD_URLS=https://debuginfod.ubuntu.com /usr/bin/cmake --build /home/hornet/Desktop/pathfollowingbot/build/pathbot_bringup -- -j16 -l16
[2.177s] DEBUG:colcon.colcon_core.event_handler.log_command:Invoked command in '/home/hornet/Desktop/pathfollowingbot/build/pathbot_bringup' returned '0': AMENT_PREFIX_PATH=/home/hornet/Desktop/pathfollowingbot/install/pathbot_simulation:/home/hornet/Desktop/pathfollowingbot/install/pathbot_navigation:/home/hornet/Desktop/pathfollowingbot/install/pathbot_nodes:/home/hornet/Desktop/pathfollowingbot/install/pathbot_description:/home/hornet/Desktop/pathfollowingbot/install/pathbot_control:${AMENT_PREFIX_PATH} CMAKE_PREFIX_PATH=/home/hornet/Desktop/pathfollowingbot/install/pathbot_simulation:/home/hornet/Desktop/pathfollowingbot/install/pathbot_navigation:/home/hornet/Desktop/pathfollowingbot/install/pathbot_nodes:/home/hornet/Desktop/pathfollowingbot/install/pathbot_description:/home/hornet/Desktop/pathfollowingbot/install/pathbot_control:/home/hornet/Desktop/pathfollowingbot/install/mobile_robot:/home/hornet/Desktop/Agribot/install/agribot_bringup:/home/hornet/Desktop/Agribot/install/agribot_simulator:/home/hornet/Desktop/Agribot/install/agribot_description:/opt/ros/jazzy/opt/gz_sim_vendor:/opt/ros/jazzy/opt/gz_sensors_vendor:/opt/ros/jazzy/opt/gz_physics_vendor:/opt/ros/jazzy/opt/sdformat_vendor:/opt/ros/jazzy/opt/gz_gui_vendor:/opt/ros/jazzy/opt/gz_transport_vendor:/opt/ros/jazzy/opt/gz_rendering_vendor:/opt/ros/jazzy/opt/gz_plugin_vendor:/opt/ros/jazzy/opt/gz_fuel_tools_vendor:/opt/ros/jazzy/opt/gz_msgs_vendor:/opt/ros/jazzy/opt/gz_common_vendor:/opt/ros/jazzy/opt/gz_math_vendor:/opt/ros/jazzy/opt/gz_utils_vendor:/opt/ros/jazzy/opt/gz_tools_vendor:/opt/ros/jazzy/opt/gz_ogre_next_vendor:/opt/ros/jazzy/opt/gz_dartsim_vendor:/opt/ros/jazzy/opt/gz_cmake_vendor:/home/hornet/Desktop/Agribot/install/agribot_perception:/home/hornet/Desktop/Agribot/install/agribot_nodes:/home/hornet/Desktop/Agribot/install/agribot_navigation:/home/hornet/Desktop/Agribot/install/agribot_control:/opt/ros/jazzy DEBUGINFOD_URLS=https://debuginfod.ubuntu.com /usr/bin/cmake --build /home/hornet/Desktop/pathfollowingbot/build/pathbot_bringup -- -j16 -l16
[2.177s] DEBUG:colcon.colcon_core.event_handler.log_command:Invoking command in '/home/hornet/Desktop/pathfollowingbot/build/pathbot_bringup': AMENT_PREFIX_PATH=/home/hornet/Desktop/pathfollowingbot/install/pathbot_simulation:/home/hornet/Desktop/pathfollowingbot/install/pathbot_navigation:/home/hornet/Desktop/pathfollowingbot/install/pathbot_nodes:/home/hornet/Desktop/pathfollowingbot/install/pathbot_description:/home/hornet/Desktop/pathfollowingbot/install/pathbot_control:${AMENT_PREFIX_PATH} CMAKE_PREFIX_PATH=/home/hornet/Desktop/pathfollowingbot/install/pathbot_simulation:/home/hornet/Desktop/pathfollowingbot/install/pathbot_navigation:/home/hornet/Desktop/pathfollowingbot/install/pathbot_nodes:/home/hornet/Desktop/pathfollowingbot/install/pathbot_description:/home/hornet/Desktop/pathfollowingbot/install/pathbot_control:/home/hornet/Desktop/pathfollowingbot/install/mobile_robot:/home/hornet/Desktop/Agribot/install/agribot_bringup:/home/hornet/Desktop/Agribot/install/agribot_simulator:/home/hornet/Desktop/Agribot/install/agribot_description:/opt/ros/jazzy/opt/gz_sim_vendor:/opt/ros/jazzy/opt/gz_sensors_vendor:/opt/ros/jazzy/opt/gz_physics_vendor:/opt/ros/jazzy/opt/sdformat_vendor:/opt/ros/jazzy/opt/gz_gui_vendor:/opt/ros/jazzy/opt/gz_transport_vendor:/opt/ros/jazzy/opt/gz_rendering_vendor:/opt/ros/jazzy/opt/gz_plugin_vendor:/opt/ros/jazzy/opt/gz_fuel_tools_vendor:/opt/ros/jazzy/opt/gz_msgs_vendor:/opt/ros/jazzy/opt/gz_common_vendor:/opt/ros/jazzy/opt/gz_math_vendor:/opt/ros/jazzy/opt/gz_utils_vendor:/opt/ros/jazzy/opt/gz_tools_vendor:/opt/ros/jazzy/opt/gz_ogre_next_vendor:/opt/ros/jazzy/opt/gz_dartsim_vendor:/opt/ros/jazzy/opt/gz_cmake_vendor:/home/hornet/Desktop/Agribot/install/agribot_perception:/home/hornet/Desktop/Agribot/install/agribot_nodes:/home/hornet/Desktop/Agribot/install/agribot_navigation:/home/hornet/Desktop/Agribot/install/agribot_control:/opt/ros/jazzy DEBUGINFOD_URLS=https://debuginfod.ubuntu.com /usr/bin/cmake --install /home/hornet/Desktop/pathfollowingbot/build/pathbot_bringup
[2.304s] Level 1:colcon.colcon_core.environment:create_environment_scripts_only(pathbot_bringup)
[2.304s] Level 1:colcon.colcon_core.environment:checking '/home/hornet/Desktop/pathfollowingbot/install/pathbot_bringup' for CMake module files
[2.305s] DEBUG:colcon.colcon_core.event_handler.log_command:Invoked command in '/home/hornet/Desktop/pathfollowingbot/build/pathbot_bringup' returned '0': AMENT_PREFIX_PATH=/home/hornet/Desktop/pathfollowingbot/install/pathbot_simulation:/home/hornet/Desktop/pathfollowingbot/install/pathbot_navigation:/home/hornet/Desktop/pathfollowingbot/install/pathbot_nodes:/home/hornet/Desktop/pathfollowingbot/install/pathbot_description:/home/hornet/Desktop/pathfollowingbot/install/pathbot_control:${AMENT_PREFIX_PATH} CMAKE_PREFIX_PATH=/home/hornet/Desktop/pathfollowingbot/install/pathbot_simulation:/home/hornet/Desktop/pathfollowingbot/install/pathbot_navigation:/home/hornet/Desktop/pathfollowingbot/install/pathbot_nodes:/home/hornet/Desktop/pathfollowingbot/install/pathbot_description:/home/hornet/Desktop/pathfollowingbot/install/pathbot_control:/home/hornet/Desktop/pathfollowingbot/install/mobile_robot:/home/hornet/Desktop/Agribot/install/agribot_bringup:/home/hornet/Desktop/Agribot/install/agribot_simulator:/home/hornet/Desktop/Agribot/install/agribot_description:/opt/ros/jazzy/opt/gz_sim_vendor:/opt/ros/jazzy/opt/gz_sensors_vendor:/opt/ros/jazzy/opt/gz_physics_vendor:/opt/ros/jazzy/opt/sdformat_vendor:/opt/ros/jazzy/opt/gz_gui_vendor:/opt/ros/jazzy/opt/gz_transport_vendor:/opt/ros/jazzy/opt/gz_rendering_vendor:/opt/ros/jazzy/opt/gz_plugin_vendor:/opt/ros/jazzy/opt/gz_fuel_tools_vendor:/opt/ros/jazzy/opt/gz_msgs_vendor:/opt/ros/jazzy/opt/gz_common_vendor:/opt/ros/jazzy/opt/gz_math_vendor:/opt/ros/jazzy/opt/gz_utils_vendor:/opt/ros/jazzy/opt/gz_tools_vendor:/opt/ros/jazzy/opt/gz_ogre_next_vendor:/opt/ros/jazzy/opt/gz_dartsim_vendor:/opt/ros/jazzy/opt/gz_cmake_vendor:/home/hornet/Desktop/Agribot/install/agribot_perception:/home/hornet/Desktop/Agribot/install/agribot_nodes:/home/hornet/Desktop/Agribot/install/agribot_navigation:/home/hornet/Desktop/Agribot/install/agribot_control:/opt/ros/jazzy DEBUGINFOD_URLS=https://debuginfod.ubuntu.com /usr/bin/cmake --install /home/hornet/Desktop/pathfollowingbot/build/pathbot_bringup
[2.305s] Level 1:colcon.colcon_core.environment:checking '/home/hornet/Desktop/pathfollowingbot/install/pathbot_bringup' for CMake config files
[2.305s] Level 1:colcon.colcon_core.shell:create_environment_hook('pathbot_bringup', 'cmake_prefix_path')
[2.305s] INFO:colcon.colcon_core.shell:Creating environment hook '/home/hornet/Desktop/pathfollowingbot/install/pathbot_bringup/share/pathbot_bringup/hook/cmake_prefix_path.ps1'
[2.306s] INFO:colcon.colcon_core.shell:Creating environment descriptor '/home/hornet/Desktop/pathfollowingbot/install/pathbot_bringup/share/pathbot_bringup/hook/cmake_prefix_path.dsv'
[2.306s] INFO:colcon.colcon_core.shell:Creating environment hook '/home/hornet/Desktop/pathfollowingbot/install/pathbot_bringup/share/pathbot_bringup/hook/cmake_prefix_path.sh'
[2.307s] Level 1:colcon.colcon_core.environment:checking '/home/hornet/Desktop/pathfollowingbot/install/pathbot_bringup/bin'
[2.307s] Level 1:colcon.colcon_core.environment:checking '/home/hornet/Desktop/pathfollowingbot/install/pathbot_bringup/lib/pkgconfig/pathbot_bringup.pc'
[2.307s] Level 1:colcon.colcon_core.environment:checking '/home/hornet/Desktop/pathfollowingbot/install/pathbot_bringup/lib/python3.12/site-packages'
[2.308s] Level 1:colcon.colcon_core.environment:checking '/home/hornet/Desktop/pathfollowingbot/install/pathbot_bringup/bin'
[2.308s] INFO:colcon.colcon_core.shell:Creating package script '/home/hornet/Desktop/pathfollowingbot/install/pathbot_bringup/share/pathbot_bringup/package.ps1'
[2.308s] INFO:colcon.colcon_core.shell:Creating package descriptor '/home/hornet/Desktop/pathfollowingbot/install/pathbot_bringup/share/pathbot_bringup/package.dsv'
[2.309s] INFO:colcon.colcon_core.shell:Creating package script '/home/hornet/Desktop/pathfollowingbot/install/pathbot_bringup/share/pathbot_bringup/package.sh'
[2.309s] INFO:colcon.colcon_core.shell:Creating package script '/home/hornet/Desktop/pathfollowingbot/install/pathbot_bringup/share/pathbot_bringup/package.bash'
[2.309s] INFO:colcon.colcon_core.shell:Creating package script '/home/hornet/Desktop/pathfollowingbot/install/pathbot_bringup/share/pathbot_bringup/package.zsh'
[2.310s] Level 1:colcon.colcon_core.environment:create_file_with_runtime_dependencies(/home/hornet/Desktop/pathfollowingbot/install/pathbot_bringup/share/colcon-core/packages/pathbot_bringup)
[2.310s] Level 1:colcon.colcon_core.environment:create_environment_scripts_only(pathbot_bringup)
[2.310s] Level 1:colcon.colcon_core.environment:checking '/home/hornet/Desktop/pathfollowingbot/install/pathbot_bringup' for CMake module files
[2.311s] Level 1:colcon.colcon_core.environment:checking '/home/hornet/Desktop/pathfollowingbot/install/pathbot_bringup' for CMake config files
[2.311s] Level 1:colcon.colcon_core.shell:create_environment_hook('pathbot_bringup', 'cmake_prefix_path')
[2.311s] INFO:colcon.colcon_core.shell:Creating environment hook '/home/hornet/Desktop/pathfollowingbot/install/pathbot_bringup/share/pathbot_bringup/hook/cmake_prefix_path.ps1'
[2.315s] INFO:colcon.colcon_core.shell:Creating environment descriptor '/home/hornet/Desktop/pathfollowingbot/install/pathbot_bringup/share/pathbot_bringup/hook/cmake_prefix_path.dsv'
[2.315s] INFO:colcon.colcon_core.shell:Creating environment hook '/home/hornet/Desktop/pathfollowingbot/install/pathbot_bringup/share/pathbot_bringup/hook/cmake_prefix_path.sh'
[2.315s] Level 1:colcon.colcon_core.environment:checking '/home/hornet/Desktop/pathfollowingbot/install/pathbot_bringup/bin'
[2.315s] Level 1:colcon.colcon_core.environment:checking '/home/hornet/Desktop/pathfollowingbot/install/pathbot_bringup/lib/pkgconfig/pathbot_bringup.pc'
[2.315s] Level 1:colcon.colcon_core.environment:checking '/home/hornet/Desktop/pathfollowingbot/install/pathbot_bringup/lib/python3.12/site-packages'
[2.316s] Level 1:colcon.colcon_core.environment:checking '/home/hornet/Desktop/pathfollowingbot/install/pathbot_bringup/bin'
[2.316s] INFO:colcon.colcon_core.shell:Creating package script '/home/hornet/Desktop/pathfollowingbot/install/pathbot_bringup/share/pathbot_bringup/package.ps1'
[2.316s] INFO:colcon.colcon_core.shell:Creating package descriptor '/home/hornet/Desktop/pathfollowingbot/install/pathbot_bringup/share/pathbot_bringup/package.dsv'
[2.316s] INFO:colcon.colcon_core.shell:Creating package script '/home/hornet/Desktop/pathfollowingbot/install/pathbot_bringup/share/pathbot_bringup/package.sh'
[2.317s] INFO:colcon.colcon_core.shell:Creating package script '/home/hornet/Desktop/pathfollowingbot/install/pathbot_bringup/share/pathbot_bringup/package.bash'
[2.317s] INFO:colcon.colcon_core.shell:Creating package script '/home/hornet/Desktop/pathfollowingbot/install/pathbot_bringup/share/pathbot_bringup/package.zsh'
[2.317s] Level 1:colcon.colcon_core.environment:create_file_with_runtime_dependencies(/home/hornet/Desktop/pathfollowingbot/install/pathbot_bringup/share/colcon-core/packages/pathbot_bringup)
[2.317s] DEBUG:colcon.colcon_parallel_executor.executor.parallel:closing loop
[2.317s] DEBUG:colcon.colcon_parallel_executor.executor.parallel:loop closed
[2.317s] DEBUG:colcon.colcon_parallel_executor.executor.parallel:run_until_complete finished with '0'
[2.318s] DEBUG:colcon.colcon_core.event_reactor:joining thread
[2.323s] INFO:colcon.colcon_core.plugin_system:Skipping extension 'colcon_notification.desktop_notification.terminal_notifier': Not used on non-Darwin systems
[2.323s] INFO:colcon.colcon_core.plugin_system:Skipping extension 'colcon_notification.desktop_notification.win32': Not used on non-Windows systems
[2.323s] INFO:colcon.colcon_notification.desktop_notification:Sending desktop notification using 'notify2'
[2.333s] DEBUG:colcon.colcon_core.event_reactor:joined thread
[2.333s] INFO:colcon.colcon_core.shell:Creating prefix script '/home/hornet/Desktop/pathfollowingbot/install/local_setup.ps1'
[2.334s] INFO:colcon.colcon_core.shell:Creating prefix util module '/home/hornet/Desktop/pathfollowingbot/install/_local_setup_util_ps1.py'
[2.334s] INFO:colcon.colcon_core.shell:Creating prefix chain script '/home/hornet/Desktop/pathfollowingbot/install/setup.ps1'
[2.335s] INFO:colcon.colcon_core.shell:Creating prefix script '/home/hornet/Desktop/pathfollowingbot/install/local_setup.sh'
[2.335s] INFO:colcon.colcon_core.shell:Creating prefix util module '/home/hornet/Desktop/pathfollowingbot/install/_local_setup_util_sh.py'
[2.336s] INFO:colcon.colcon_core.shell:Creating prefix chain script '/home/hornet/Desktop/pathfollowingbot/install/setup.sh'
[2.336s] INFO:colcon.colcon_core.shell:Creating prefix script '/home/hornet/Desktop/pathfollowingbot/install/local_setup.bash'
[2.337s] INFO:colcon.colcon_core.shell:Creating prefix chain script '/home/hornet/Desktop/pathfollowingbot/install/setup.bash'
[2.337s] INFO:colcon.colcon_core.shell:Creating prefix script '/home/hornet/Desktop/pathfollowingbot/install/local_setup.zsh'
[2.338s] INFO:colcon.colcon_core.shell:Creating prefix chain script '/home/hornet/Desktop/pathfollowingbot/install/setup.zsh'
