[0.008s] Invoking command in '/home/hornet/Desktop/pathfollowingbot/build/mobile_robot': CMAKE_PREFIX_PATH=${CMAKE_PREFIX_PATH}:/opt/ros/jazzy DEBUGINFOD_URLS=https://debuginfod.ubuntu.com /usr/bin/cmake /home/hornet/Desktop/pathfollowingbot/src/mobile_robot -DCMAKE_INSTALL_PREFIX=/home/hornet/Desktop/pathfollowingbot/install/mobile_robot
[0.040s] -- Found ament_cmake: 2.5.6 (/opt/ros/jazzy/share/ament_cmake/cmake)
[0.293s] -- Override CMake install command with custom implementation using symlinks instead of copying resources
[0.332s] -- Found rclcpp: 28.1.21 (/opt/ros/jazzy/share/rclcpp/cmake)
[0.392s] -- Found rosidl_generator_c: 4.6.9 (/opt/ros/jazzy/share/rosidl_generator_c/cmake)
[0.409s] -- Found rosidl_generator_cpp: 4.6.9 (/opt/ros/jazzy/share/rosidl_generator_cpp/cmake)
[0.434s] -- Using all available rosidl_typesupport_c: rosidl_typesupport_fastrtps_c;rosidl_typesupport_introspection_c
[0.460s] -- Using all available rosidl_typesupport_cpp: rosidl_typesupport_fastrtps_cpp;rosidl_typesupport_introspection_cpp
[0.562s] -- Found rmw_implementation_cmake: 7.3.3 (/opt/ros/jazzy/share/rmw_implementation_cmake/cmake)
[0.565s] -- Found rmw_fastrtps_cpp: 8.4.4 (/opt/ros/jazzy/share/rmw_fastrtps_cpp/cmake)
[0.667s] -- Using RMW implementation 'rmw_fastrtps_cpp' as default
[0.782s] -- Found sensor_msgs: 5.3.8 (/opt/ros/jazzy/share/sensor_msgs/cmake)
[0.869s] -- Found ament_lint_auto: 0.17.5 (/opt/ros/jazzy/share/ament_lint_auto/cmake)
[1.215s] -- Added test 'cppcheck' to perform static code analysis on C / C++ code
[1.215s] -- Configured cppcheck include dirs: 
[1.215s] -- Configured cppcheck exclude dirs and/or files: 
[1.256s] -- Added test 'flake8' to check Python code syntax and style conventions
[1.256s] -- Configured 'flake8' exclude dirs and/or files: 
[1.314s] -- Added test 'lint_cmake' to check CMake code style
[1.342s] -- Added test 'pep257' to check Python code against some of the docstring style conventions in PEP 257
[1.555s] -- Added test 'uncrustify' to check C / C++ code style
[1.555s] -- Configured uncrustify additional arguments: 
[1.590s] -- Added test 'xmllint' to check XML markup files
[1.595s] -- Configuring done (1.6s)
[1.622s] -- Generating done (0.0s)
[1.626s] -- Build files have been written to: /home/hornet/Desktop/pathfollowingbot/build/mobile_robot
[1.637s] Invoked command in '/home/hornet/Desktop/pathfollowingbot/build/mobile_robot' returned '0': CMAKE_PREFIX_PATH=${CMAKE_PREFIX_PATH}:/opt/ros/jazzy DEBUGINFOD_URLS=https://debuginfod.ubuntu.com /usr/bin/cmake /home/hornet/Desktop/pathfollowingbot/src/mobile_robot -DCMAKE_INSTALL_PREFIX=/home/hornet/Desktop/pathfollowingbot/install/mobile_robot
[1.638s] Invoking command in '/home/hornet/Desktop/pathfollowingbot/build/mobile_robot': CMAKE_PREFIX_PATH=${CMAKE_PREFIX_PATH}:/opt/ros/jazzy DEBUGINFOD_URLS=https://debuginfod.ubuntu.com /usr/bin/cmake --build /home/hornet/Desktop/pathfollowingbot/build/mobile_robot -- -j16 -l16
[1.703s] [100%] Built target scan_frame_corrector
[1.714s] Invoked command in '/home/hornet/Desktop/pathfollowingbot/build/mobile_robot' returned '0': CMAKE_PREFIX_PATH=${CMAKE_PREFIX_PATH}:/opt/ros/jazzy DEBUGINFOD_URLS=https://debuginfod.ubuntu.com /usr/bin/cmake --build /home/hornet/Desktop/pathfollowingbot/build/mobile_robot -- -j16 -l16
[1.724s] Invoking command in '/home/hornet/Desktop/pathfollowingbot/build/mobile_robot': CMAKE_PREFIX_PATH=${CMAKE_PREFIX_PATH}:/opt/ros/jazzy DEBUGINFOD_URLS=https://debuginfod.ubuntu.com /usr/bin/cmake --install /home/hornet/Desktop/pathfollowingbot/build/mobile_robot
[1.734s] -- Install configuration: ""
[1.734s] -- Execute custom install script
[1.734s] -- Up-to-date symlink: /home/hornet/Desktop/pathfollowingbot/install/mobile_robot/lib/mobile_robot/scan_frame_corrector
[1.734s] -- Up-to-date symlink: /home/hornet/Desktop/pathfollowingbot/install/mobile_robot/lib/mobile_robot/path_planner.py
[1.734s] -- Up-to-date symlink: /home/hornet/Desktop/pathfollowingbot/install/mobile_robot/lib/mobile_robot/image_to_world.py
[1.735s] -- Up-to-date symlink: /home/hornet/Desktop/pathfollowingbot/install/mobile_robot/lib/mobile_robot/track_to_walls.py
[1.735s] -- Up-to-date symlink: /home/hornet/Desktop/pathfollowingbot/install/mobile_robot/lib/mobile_robot/pure_pursuit.py
[1.735s] -- Up-to-date symlink: /home/hornet/Desktop/pathfollowingbot/install/mobile_robot/lib/mobile_robot/publish_path.py
[1.735s] -- Up-to-date symlink: /home/hornet/Desktop/pathfollowingbot/install/mobile_robot/share/mobile_robot/launch/bringup.launch.py
[1.735s] -- Up-to-date symlink: /home/hornet/Desktop/pathfollowingbot/install/mobile_robot/share/mobile_robot/launch/frames_2026-07-08_23.11.33.gv
[1.735s] -- Up-to-date symlink: /home/hornet/Desktop/pathfollowingbot/install/mobile_robot/share/mobile_robot/launch/frames_2026-07-08_23.11.33.pdf
[1.735s] -- Up-to-date symlink: /home/hornet/Desktop/pathfollowingbot/install/mobile_robot/share/mobile_robot/launch/gazebo_model.launch.py
[1.735s] -- Up-to-date symlink: /home/hornet/Desktop/pathfollowingbot/install/mobile_robot/share/mobile_robot/launch/map_saver.launch.py
[1.735s] -- Up-to-date symlink: /home/hornet/Desktop/pathfollowingbot/install/mobile_robot/share/mobile_robot/launch/nav2.launch.py
[1.736s] -- Up-to-date symlink: /home/hornet/Desktop/pathfollowingbot/install/mobile_robot/share/mobile_robot/launch/os
[1.736s] -- Up-to-date symlink: /home/hornet/Desktop/pathfollowingbot/install/mobile_robot/share/mobile_robot/launch/path_follower.launch.py
[1.736s] -- Up-to-date symlink: /home/hornet/Desktop/pathfollowingbot/install/mobile_robot/share/mobile_robot/launch/rviz.launch.py
[1.736s] -- Up-to-date symlink: /home/hornet/Desktop/pathfollowingbot/install/mobile_robot/share/mobile_robot/launch/slam.launch.py
[1.736s] -- Up-to-date symlink: /home/hornet/Desktop/pathfollowingbot/install/mobile_robot/share/mobile_robot/launch/spawn_in_track.launch.py
[1.747s] CMake Warning (dev) at ament_cmake_symlink_install/ament_cmake_symlink_install.cmake:67 (file):
[1.747s]   Policy CMP0009 is not set: FILE GLOB_RECURSE calls should not follow
[1.747s]   symlinks by default.  Run "cmake --help-policy CMP0009" for policy details.
[1.747s]   Use the cmake_policy command to set the policy and suppress this warning.
[1.747s] Call Stack (most recent call first):
[1.747s]   ament_cmake_symlink_install/ament_cmake_symlink_install.cmake:325 (ament_cmake_symlink_install_directory)
[1.748s]   cmake_install.cmake:46 (include)
[1.748s] This warning is for project developers.  Use -Wno-dev to suppress it.
[1.748s] 
[1.753s] CMake Warning (dev) at ament_cmake_symlink_install/ament_cmake_symlink_install.cmake:78 (file):
[1.754s]   Policy CMP0009 is not set: FILE GLOB_RECURSE calls should not follow
[1.754s]   symlinks by default.  Run "cmake --help-policy CMP0009" for policy details.
[1.754s]   Use the cmake_policy command to set the policy and suppress this warning.
[1.754s] Call Stack (most recent call first):
[1.754s]   ament_cmake_symlink_install/ament_cmake_symlink_install.cmake:325 (ament_cmake_symlink_install_directory)
[1.754s]   cmake_install.cmake:46 (include)
[1.754s] This warning is for project developers.  Use -Wno-dev to suppress it.
[1.754s] 
[1.758s] CMake Warning (dev) at ament_cmake_symlink_install/ament_cmake_symlink_install.cmake:78 (file):
[1.758s]   Policy CMP0009 is not set: FILE GLOB_RECURSE calls should not follow
[1.759s]   symlinks by default.  Run "cmake --help-policy CMP0009" for policy details.
[1.759s]   Use the cmake_policy command to set the policy and suppress this warning.
[1.759s] Call Stack (most recent call first):
[1.759s]   ament_cmake_symlink_install/ament_cmake_symlink_install.cmake:325 (ament_cmake_symlink_install_directory)
[1.759s]   cmake_install.cmake:46 (include)
[1.759s] This warning is for project developers.  Use -Wno-dev to suppress it.
[1.759s] 
[1.763s] CMake Warning (dev) at ament_cmake_symlink_install/ament_cmake_symlink_install.cmake:78 (file):
[1.764s]   Policy CMP0009 is not set: FILE GLOB_RECURSE calls should not follow
[1.764s]   symlinks by default.  Run "cmake --help-policy CMP0009" for policy details.
[1.764s]   Use the cmake_policy command to set the policy and suppress this warning.
[1.764s] Call Stack (most recent call first):
[1.764s]   ament_cmake_symlink_install/ament_cmake_symlink_install.cmake:325 (ament_cmake_symlink_install_directory)
[1.764s]   cmake_install.cmake:46 (include)
[1.764s] This warning is for project developers.  Use -Wno-dev to suppress it.
[1.764s] 
[1.768s] CMake Warning (dev) at ament_cmake_symlink_install/ament_cmake_symlink_install.cmake:78 (file):
[1.769s]   Policy CMP0009 is not set: FILE GLOB_RECURSE calls should not follow
[1.769s]   symlinks by default.  Run "cmake --help-policy CMP0009" for policy details.
[1.769s]   Use the cmake_policy command to set the policy and suppress this warning.
[1.769s] Call Stack (most recent call first):
[1.769s]   ament_cmake_symlink_install/ament_cmake_symlink_install.cmake:325 (ament_cmake_symlink_install_directory)
[1.769s]   cmake_install.cmake:46 (include)
[1.769s] This warning is for project developers.  Use -Wno-dev to suppress it.
[1.769s] 
[1.770s] -- Up-to-date symlink: /home/hornet/Desktop/pathfollowingbot/install/mobile_robot/share/mobile_robot/model/.venv/.gitignore
[1.770s] -- Up-to-date symlink: /home/hornet/Desktop/pathfollowingbot/install/mobile_robot/share/mobile_robot/model/.venv/bin/Activate.ps1
[1.770s] -- Up-to-date symlink: /home/hornet/Desktop/pathfollowingbot/install/mobile_robot/share/mobile_robot/model/.venv/bin/activate
[1.770s] -- Up-to-date symlink: /home/hornet/Desktop/pathfollowingbot/install/mobile_robot/share/mobile_robot/model/.venv/bin/activate.csh
[1.770s] -- Up-to-date symlink: /home/hornet/Desktop/pathfollowingbot/install/mobile_robot/share/mobile_robot/model/.venv/bin/activate.fish
[1.770s] -- Up-to-date symlink: /home/hornet/Desktop/pathfollowingbot/install/mobile_robot/share/mobile_robot/model/.venv/bin/pip
[1.770s] -- Up-to-date symlink: /home/hornet/Desktop/pathfollowingbot/install/mobile_robot/share/mobile_robot/model/.venv/bin/pip3
[1.770s] -- Up-to-date symlink: /home/hornet/Desktop/pathfollowingbot/install/mobile_robot/share/mobile_robot/model/.venv/bin/pip3.12
[1.770s] -- Up-to-date symlink: /home/hornet/Desktop/pathfollowingbot/install/mobile_robot/share/mobile_robot/model/.venv/bin/python
[1.771s] -- Up-to-date symlink: /home/hornet/Desktop/pathfollowingbot/install/mobile_robot/share/mobile_robot/model/.venv/bin/python3
[1.771s] -- Up-to-date symlink: /home/hornet/Desktop/pathfollowingbot/install/mobile_robot/share/mobile_robot/model/.venv/bin/python3.12
[1.771s] -- Up-to-date symlink: /home/hornet/Desktop/pathfollowingbot/install/mobile_robot/share/mobile_robot/model/.venv/bin/xacro
[1.771s] -- Up-to-date symlink: /home/hornet/Desktop/pathfollowingbot/install/mobile_robot/share/mobile_robot/model/.venv/lib/python3.12/site-packages/_yaml/__init__.py
[1.771s] -- Up-to-date symlink: /home/hornet/Desktop/pathfollowingbot/install/mobile_robot/share/mobile_robot/model/.venv/lib/python3.12/site-packages/_yaml/__pycache__/__init__.cpython-312.pyc
[1.771s] -- Up-to-date symlink: /home/hornet/Desktop/pathfollowingbot/install/mobile_robot/share/mobile_robot/model/.venv/lib/python3.12/site-packages/pip-25.3.dist-info/INSTALLER
[1.771s] -- Up-to-date symlink: /home/hornet/Desktop/pathfollowingbot/install/mobile_robot/share/mobile_robot/model/.venv/lib/python3.12/site-packages/pip-25.3.dist-info/METADATA
[1.771s] -- Up-to-date symlink: /home/hornet/Desktop/pathfollowingbot/install/mobile_robot/share/mobile_robot/model/.venv/lib/python3.12/site-packages/pip-25.3.dist-info/RECORD
[1.771s] -- Up-to-date symlink: /home/hornet/Desktop/pathfollowingbot/install/mobile_robot/share/mobile_robot/model/.venv/lib/python3.12/site-packages/pip-25.3.dist-info/REQUESTED
[1.772s] -- Up-to-date symlink: /home/hornet/Desktop/pathfollowingbot/install/mobile_robot/share/mobile_robot/model/.venv/lib/python3.12/site-packages/pip-25.3.dist-info/WHEEL
[1.772s] -- Up-to-date symlink: /home/hornet/Desktop/pathfollowingbot/install/mobile_robot/share/mobile_robot/model/.venv/lib/python3.12/site-packages/pip-25.3.dist-info/entry_points.txt
[1.772s] -- Up-to-date symlink: /home/hornet/Desktop/pathfollowingbot/install/mobile_robot/share/mobile_robot/model/.venv/lib/python3.12/site-packages/pip-25.3.dist-info/licenses/AUTHORS.txt
[1.772s] -- Up-to-date symlink: /home/hornet/Desktop/pathfollowingbot/install/mobile_robot/share/mobile_robot/model/.venv/lib/python3.12/site-packages/pip-25.3.dist-info/licenses/LICENSE.txt
[1.772s] -- Up-to-date symlink: /home/hornet/Desktop/pathfollowingbot/install/mobile_robot/share/mobile_robot/model/.venv/lib/python3.12/site-packages/pip-25.3.dist-info/licenses/src/pip/_vendor/cachecontrol/LICENSE.txt
[1.772s] -- Up-to-date symlink: /home/hornet/Desktop/pathfollowingbot/install/mobile_robot/share/mobile_robot/model/.venv/lib/python3.12/site-packages/pip-25.3.dist-info/licenses/src/pip/_vendor/certifi/LICENSE
[1.772s] -- Up-to-date symlink: /home/hornet/Desktop/pathfollowingbot/install/mobile_robot/share/mobile_robot/model/.venv/lib/python3.12/site-packages/pip-25.3.dist-info/licenses/src/pip/_vendor/dependency_groups/LICENSE.txt
[1.772s] -- Up-to-date symlink: /home/hornet/Desktop/pathfollowingbot/install/mobile_robot/share/mobile_robot/model/.venv/lib/python3.12/site-packages/pip-25.3.dist-info/licenses/src/pip/_vendor/distlib/LICENSE.txt
[1.772s] -- Up-to-date symlink: /home/hornet/Desktop/pathfollowingbot/install/mobile_robot/share/mobile_robot/model/.venv/lib/python3.12/site-packages/pip-25.3.dist-info/licenses/src/pip/_vendor/distro/LICENSE
[1.773s] -- Up-to-date symlink: /home/hornet/Desktop/pathfollowingbot/install/mobile_robot/share/mobile_robot/model/.venv/lib/python3.12/site-packages/pip-25.3.dist-info/licenses/src/pip/_vendor/idna/LICENSE.md
[1.773s] -- Up-to-date symlink: /home/hornet/Desktop/pathfollowingbot/install/mobile_robot/share/mobile_robot/model/.venv/lib/python3.12/site-packages/pip-25.3.dist-info/licenses/src/pip/_vendor/msgpack/COPYING
[1.773s] -- Up-to-date symlink: /home/hornet/Desktop/pathfollowingbot/install/mobile_robot/share/mobile_robot/model/.venv/lib/python3.12/site-packages/pip-25.3.dist-info/licenses/src/pip/_vendor/packaging/LICENSE
[1.773s] -- Up-to-date symlink: /home/hornet/Desktop/pathfollowingbot/install/mobile_robot/share/mobile_robot/model/.venv/lib/python3.12/site-packages/pip-25.3.dist-info/licenses/src/pip/_vendor/packaging/LICENSE.APACHE
[1.773s] -- Up-to-date symlink: /home/hornet/Desktop/pathfollowingbot/install/mobile_robot/share/mobile_robot/model/.venv/lib/python3.12/site-packages/pip-25.3.dist-info/licenses/src/pip/_vendor/packaging/LICENSE.BSD
[1.774s] -- Up-to-date symlink: /home/hornet/Desktop/pathfollowingbot/install/mobile_robot/share/mobile_robot/model/.venv/lib/python3.12/site-packages/pip-25.3.dist-info/licenses/src/pip/_vendor/pkg_resources/LICENSE
[1.774s] -- Up-to-date symlink: /home/hornet/Desktop/pathfollowingbot/install/mobile_robot/share/mobile_robot/model/.venv/lib/python3.12/site-packages/pip-25.3.dist-info/licenses/src/pip/_vendor/platformdirs/LICENSE
[1.774s] -- Up-to-date symlink: /home/hornet/Desktop/pathfollowingbot/install/mobile_robot/share/mobile_robot/model/.venv/lib/python3.12/site-packages/pip-25.3.dist-info/licenses/src/pip/_vendor/pygments/LICENSE
[1.774s] -- Up-to-date symlink: /home/hornet/Desktop/pathfollowingbot/install/mobile_robot/share/mobile_robot/model/.venv/lib/python3.12/site-packages/pip-25.3.dist-info/licenses/src/pip/_vendor/pyproject_hooks/LICENSE
[1.774s] -- Up-to-date symlink: /home/hornet/Desktop/pathfollowingbot/install/mobile_robot/share/mobile_robot/model/.venv/lib/python3.12/site-packages/pip-25.3.dist-info/licenses/src/pip/_vendor/requests/LICENSE
[1.774s] -- Up-to-date symlink: /home/hornet/Desktop/pathfollowingbot/install/mobile_robot/share/mobile_robot/model/.venv/lib/python3.12/site-packages/pip-25.3.dist-info/licenses/src/pip/_vendor/resolvelib/LICENSE
[1.774s] -- Up-to-date symlink: /home/hornet/Desktop/pathfollowingbot/install/mobile_robot/share/mobile_robot/model/.venv/lib/python3.12/site-packages/pip-25.3.dist-info/licenses/src/pip/_vendor/rich/LICENSE
[1.774s] -- Up-to-date symlink: /home/hornet/Desktop/pathfollowingbot/install/mobile_robot/share/mobile_robot/model/.venv/lib/python3.12/site-packages/pip-25.3.dist-info/licenses/src/pip/_vendor/tomli/LICENSE
[1.774s] -- Up-to-date symlink: /home/hornet/Desktop/pathfollowingbot/install/mobile_robot/share/mobile_robot/model/.venv/lib/python3.12/site-packages/pip-25.3.dist-info/licenses/src/pip/_vendor/tomli_w/LICENSE
[1.774s] -- Up-to-date symlink: /home/hornet/Desktop/pathfollowingbot/install/mobile_robot/share/mobile_robot/model/.venv/lib/python3.12/site-packages/pip-25.3.dist-info/licenses/src/pip/_vendor/truststore/LICENSE
[1.774s] -- Up-to-date symlink: /home/hornet/Desktop/pathfollowingbot/install/mobile_robot/share/mobile_robot/model/.venv/lib/python3.12/site-packages/pip-25.3.dist-info/licenses/src/pip/_vendor/urllib3/LICENSE.txt
[1.774s] -- Up-to-date symlink: /home/hornet/Desktop/pathfollowingbot/install/mobile_robot/share/mobile_robot/model/.venv/lib/python3.12/site-packages/pip/__init__.py
[1.774s] -- Up-to-date symlink: /home/hornet/Desktop/pathfollowingbot/install/mobile_robot/share/mobile_robot/model/.venv/lib/python3.12/site-packages/pip/__main__.py
[1.774s] -- Up-to-date symlink: /home/hornet/Desktop/pathfollowingbot/install/mobile_robot/share/mobile_robot/model/.venv/lib/python3.12/site-packages/pip/__pip-runner__.py
[1.774s] -- Up-to-date symlink: /home/hornet/Desktop/pathfollowingbot/install/mobile_robot/share/mobile_robot/model/.venv/lib/python3.12/site-packages/pip/__pycache__/__init__.cpython-312.pyc
[1.774s] -- Up-to-date symlink: /home/hornet/Desktop/pathfollowingbot/install/mobile_robot/share/mobile_robot/model/.venv/lib/python3.12/site-packages/pip/__pycache__/__main__.cpython-312.pyc
[1.774s] -- Up-to-date symlink: /home/hornet/Desktop/pathfollowingbot/install/mobile_robot/share/mobile_robot/model/.venv/lib/python3.12/site-packages/pip/__pycache__/__pip-runner__.cpython-312.pyc
[1.775s] -- Up-to-date symlink: /home/hornet/Desktop/pathfollowingbot/install/mobile_robot/share/mobile_robot/model/.venv/lib/python3.12/site-packages/pip/_internal/__init__.py
[1.775s] -- Up-to-date symlink: /home/hornet/Desktop/pathfollowingbot/install/mobile_robot/share/mobile_robot/model/.venv/lib/python3.12/site-packages/pip/_internal/__pycache__/__init__.cpython-312.pyc
[1.775s] -- Up-to-date symlink: /home/hornet/Desktop/pathfollowingbot/install/mobile_robot/share/mobile_robot/model/.venv/lib/python3.12/site-packages/pip/_internal/__pycache__/build_env.cpython-312.pyc
[1.775s] -- Up-to-date symlink: /home/hornet/Desktop/pathfollowingbot/install/mobile_robot/share/mobile_robot/model/.venv/lib/python3.12/site-packages/pip/_internal/__pycache__/cache.cpython-312.pyc
[1.775s] -- Up-to-date symlink: /home/hornet/Desktop/pathfollowingbot/install/mobile_robot/share/mobile_robot/model/.venv/lib/python3.12/site-packages/pip/_internal/__pycache__/configuration.cpython-312.pyc
[1.775s] -- Up-to-date symlink: /home/hornet/Desktop/pathfollowingbot/install/mobile_robot/share/mobile_robot/model/.venv/lib/python3.12/site-packages/pip/_internal/__pycache__/exceptions.cpython-312.pyc
[1.775s] -- Up-to-date symlink: /home/hornet/Desktop/pathfollowingbot/install/mobile_robot/share/mobile_robot/model/.venv/lib/python3.12/site-packages/pip/_internal/__pycache__/main.cpython-312.pyc
[1.775s] -- Up-to-date symlink: /home/hornet/Desktop/pathfollowingbot/install/mobile_robot/share/mobile_robot/model/.venv/lib/python3.12/site-packages/pip/_internal/__pycache__/pyproject.cpython-312.pyc
[1.775s] -- Up-to-date symlink: /home/hornet/Desktop/pathfollowingbot/install/mobile_robot/share/mobile_robot/model/.venv/lib/python3.12/site-packages/pip/_internal/__pycache__/self_outdated_check.cpython-312.pyc
[1.775s] -- Up-to-date symlink: /home/hornet/Desktop/pathfollowingbot/install/mobile_robot/share/mobile_robot/model/.venv/lib/python3.12/site-packages/pip/_internal/__pycache__/wheel_builder.cpython-312.pyc
[1.775s] -- Up-to-date symlink: /home/hornet/Desktop/pathfollowingbot/install/mobile_robot/share/mobile_robot/model/.venv/lib/python3.12/site-packages/pip/_internal/build_env.py
[1.775s] -- Up-to-date symlink: /home/hornet/Desktop/pathfollowingbot/install/mobile_robot/share/mobile_robot/model/.venv/lib/python3.12/site-packages/pip/_internal/cache.py
[1.775s] -- Up-to-date symlink: /home/hornet/Desktop/pathfollowingbot/install/mobile_robot/share/mobile_robot/model/.venv/lib/python3.12/site-packages/pip/_internal/cli/__init__.py
[1.775s] -- Up-to-date symlink: /home/hornet/Desktop/pathfollowingbot/install/mobile_robot/share/mobile_robot/model/.venv/lib/python3.12/site-packages/pip/_internal/cli/__pycache__/__init__.cpython-312.pyc
[1.775s] -- Up-to-date symlink: /home/hornet/Desktop/pathfollowingbot/install/mobile_robot/share/mobile_robot/model/.venv/lib/python3.12/site-packages/pip/_internal/cli/__pycache__/autocompletion.cpython-312.pyc
[1.775s] -- Up-to-date symlink: /home/hornet/Desktop/pathfollowingbot/install/mobile_robot/share/mobile_robot/model/.venv/lib/python3.12/site-packages/pip/_internal/cli/__pycache__/base_command.cpython-312.pyc
[1.775s] -- Up-to-date symlink: /home/hornet/Desktop/pathfollowingbot/install/mobile_robot/share/mobile_robot/model/.venv/lib/python3.12/site-packages/pip/_internal/cli/__pycache__/cmdoptions.cpython-312.pyc
[1.775s] -- Up-to-date symlink: /home/hornet/Desktop/pathfollowingbot/install/mobile_robot/share/mobile_robot/model/.venv/lib/python3.12/site-packages/pip/_internal/cli/__pycache__/command_context.cpython-312.pyc
[1.775s] -- Up-to-date symlink: /home/hornet/Desktop/pathfollowingbot/install/mobile_robot/share/mobile_robot/model/.venv/lib/python3.12/site-packages/pip/_internal/cli/__pycache__/index_command.cpython-312.pyc
[1.775s] -- Up-to-date symlink: /home/hornet/Desktop/pathfollowingbot/install/mobile_robot/share/mobile_robot/model/.venv/lib/python3.12/site-packages/pip/_internal/cli/__pycache__/main.cpython-312.pyc
[1.775s] -- Up-to-date symlink: /home/hornet/Desktop/pathfollowingbot/install/mobile_robot/share/mobile_robot/model/.venv/lib/python3.12/site-packages/pip/_internal/cli/__pycache__/main_parser.cpython-312.pyc
[1.775s] -- Up-to-date symlink: /home/hornet/Desktop/pathfollowingbot/install/mobile_robot/share/mobile_robot/model/.venv/lib/python3.12/site-packages/pip/_internal/cli/__pycache__/parser.cpython-312.pyc
[1.775s] -- Up-to-date symlink: /home/hornet/Desktop/pathfollowingbot/install/mobile_robot/share/mobile_robot/model/.venv/lib/python3.12/site-packages/pip/_internal/cli/__pycache__/progress_bars.cpython-312.pyc
[1.775s] -- Up-to-date symlink: /home/hornet/Desktop/pathfollowingbot/install/mobile_robot/share/mobile_robot/model/.venv/lib/python3.12/site-packages/pip/_internal/cli/__pycache__/req_command.cpython-312.pyc
[1.776s] -- Up-to-date symlink: /home/hornet/Desktop/pathfollowingbot/install/mobile_robot/share/mobile_robot/model/.venv/lib/python3.12/site-packages/pip/_internal/cli/__pycache__/spinners.cpython-312.pyc
[1.776s] -- Up-to-date symlink: /home/hornet/Desktop/pathfollowingbot/install/mobile_robot/share/mobile_robot/model/.venv/lib/python3.12/site-packages/pip/_internal/cli/__pycache__/status_codes.cpython-312.pyc
[1.776s] -- Up-to-date symlink: /home/hornet/Desktop/pathfollowingbot/install/mobile_robot/share/mobile_robot/model/.venv/lib/python3.12/site-packages/pip/_internal/cli/autocompletion.py
[1.776s] -- Up-to-date symlink: /home/hornet/Desktop/pathfollowingbot/install/mobile_robot/share/mobile_robot/model/.venv/lib/python3.12/site-packages/pip/_internal/cli/base_command.py
[1.776s] -- Up-to-date symlink: /home/hornet/Desktop/pathfollowingbot/install/mobile_robot/share/mobile_robot/model/.venv/lib/python3.12/site-packages/pip/_internal/cli/cmdoptions.py
[1.776s] -- Up-to-date symlink: /home/hornet/Desktop/pathfollowingbot/install/mobile_robot/share/mobile_robot/model/.venv/lib/python3.12/site-packages/pip/_internal/cli/command_context.py
[1.776s] -- Up-to-date symlink: /home/hornet/Desktop/pathfollowingbot/install/mobile_robot/share/mobile_robot/model/.venv/lib/python3.12/site-packages/pip/_internal/cli/index_command.py
[1.776s] -- Up-to-date symlink: /home/hornet/Desktop/pathfollowingbot/install/mobile_robot/share/mobile_robot/model/.venv/lib/python3.12/site-packages/pip/_internal/cli/main.py
[1.776s] -- Up-to-date symlink: /home/hornet/Desktop/pathfollowingbot/install/mobile_robot/share/mobile_robot/model/.venv/lib/python3.12/site-packages/pip/_internal/cli/main_parser.py
[1.776s] -- Up-to-date symlink: /home/hornet/Desktop/pathfollowingbot/install/mobile_robot/share/mobile_robot/model/.venv/lib/python3.12/site-packages/pip/_internal/cli/parser.py
[1.776s] -- Up-to-date symlink: /home/hornet/Desktop/pathfollowingbot/install/mobile_robot/share/mobile_robot/model/.venv/lib/python3.12/site-packages/pip/_internal/cli/progress_bars.py
[1.776s] -- Up-to-date symlink: /home/hornet/Desktop/pathfollowingbot/install/mobile_robot/share/mobile_robot/model/.venv/lib/python3.12/site-packages/pip/_internal/cli/req_command.py
[1.776s] -- Up-to-date symlink: /home/hornet/Desktop/pathfollowingbot/install/mobile_robot/share/mobile_robot/model/.venv/lib/python3.12/site-packages/pip/_internal/cli/spinners.py
[1.776s] -- Up-to-date symlink: /home/hornet/Desktop/pathfollowingbot/install/mobile_robot/share/mobile_robot/model/.venv/lib/python3.12/site-packages/pip/_internal/cli/status_codes.py
[1.776s] -- Up-to-date symlink: /home/hornet/Desktop/pathfollowingbot/install/mobile_robot/share/mobile_robot/model/.venv/lib/python3.12/site-packages/pip/_internal/commands/__init__.py
[1.777s] -- Up-to-date symlink: /home/hornet/Desktop/pathfollowingbot/install/mobile_robot/share/mobile_robot/model/.venv/lib/python3.12/site-packages/pip/_internal/commands/__pycache__/__init__.cpython-312.pyc
[1.777s] -- Up-to-date symlink: /home/hornet/Desktop/pathfollowingbot/install/mobile_robot/share/mobile_robot/model/.venv/lib/python3.12/site-packages/pip/_internal/commands/__pycache__/cache.cpython-312.pyc
[1.777s] -- Up-to-date symlink: /home/hornet/Desktop/pathfollowingbot/install/mobile_robot/share/mobile_robot/model/.venv/lib/python3.12/site-packages/pip/_internal/commands/__pycache__/check.cpython-312.pyc
[1.777s] -- Up-to-date symlink: /home/hornet/Desktop/pathfollowingbot/install/mobile_robot/share/mobile_robot/model/.venv/lib/python3.12/site-packages/pip/_internal/commands/__pycache__/completion.cpython-312.pyc
[1.777s] -- Up-to-date symlink: /home/hornet/Desktop/pathfollowingbot/install/mobile_robot/share/mobile_robot/model/.venv/lib/python3.12/site-packages/pip/_internal/commands/__pycache__/configuration.cpython-312.pyc
[1.777s] -- Up-to-date symlink: /home/hornet/Desktop/pathfollowingbot/install/mobile_robot/share/mobile_robot/model/.venv/lib/python3.12/site-packages/pip/_internal/commands/__pycache__/debug.cpython-312.pyc
[1.777s] -- Up-to-date symlink: /home/hornet/Desktop/pathfollowingbot/install/mobile_robot/share/mobile_robot/model/.venv/lib/python3.12/site-packages/pip/_internal/commands/__pycache__/download.cpython-312.pyc
[1.777s] -- Up-to-date symlink: /home/hornet/Desktop/pathfollowingbot/install/mobile_robot/share/mobile_robot/model/.venv/lib/python3.12/site-packages/pip/_internal/commands/__pycache__/freeze.cpython-312.pyc
[1.777s] -- Up-to-date symlink: /home/hornet/Desktop/pathfollowingbot/install/mobile_robot/share/mobile_robot/model/.venv/lib/python3.12/site-packages/pip/_internal/commands/__pycache__/hash.cpython-312.pyc
[1.777s] -- Up-to-date symlink: /home/hornet/Desktop/pathfollowingbot/install/mobile_robot/share/mobile_robot/model/.venv/lib/python3.12/site-packages/pip/_internal/commands/__pycache__/help.cpython-312.pyc
[1.777s] -- Up-to-date symlink: /home/hornet/Desktop/pathfollowingbot/install/mobile_robot/share/mobile_robot/model/.venv/lib/python3.12/site-packages/pip/_internal/commands/__pycache__/index.cpython-312.pyc
[1.778s] -- Up-to-date symlink: /home/hornet/Desktop/pathfollowingbot/install/mobile_robot/share/mobile_robot/model/.venv/lib/python3.12/site-packages/pip/_internal/commands/__pycache__/inspect.cpython-312.pyc
[1.778s] -- Up-to-date symlink: /home/hornet/Desktop/pathfollowingbot/install/mobile_robot/share/mobile_robot/model/.venv/lib/python3.12/site-packages/pip/_internal/commands/__pycache__/install.cpython-312.pyc
[1.778s] -- Up-to-date symlink: /home/hornet/Desktop/pathfollowingbot/install/mobile_robot/share/mobile_robot/model/.venv/lib/python3.12/site-packages/pip/_internal/commands/__pycache__/list.cpython-312.pyc
[1.778s] -- Up-to-date symlink: /home/hornet/Desktop/pathfollowingbot/install/mobile_robot/share/mobile_robot/model/.venv/lib/python3.12/site-packages/pip/_internal/commands/__pycache__/lock.cpython-312.pyc
[1.778s] -- Up-to-date symlink: /home/hornet/Desktop/pathfollowingbot/install/mobile_robot/share/mobile_robot/model/.venv/lib/python3.12/site-packages/pip/_internal/commands/__pycache__/search.cpython-312.pyc
[1.778s] -- Up-to-date symlink: /home/hornet/Desktop/pathfollowingbot/install/mobile_robot/share/mobile_robot/model/.venv/lib/python3.12/site-packages/pip/_internal/commands/__pycache__/show.cpython-312.pyc
[1.778s] -- Up-to-date symlink: /home/hornet/Desktop/pathfollowingbot/install/mobile_robot/share/mobile_robot/model/.venv/lib/python3.12/site-packages/pip/_internal/commands/__pycache__/uninstall.cpython-312.pyc
[1.778s] -- Up-to-date symlink: /home/hornet/Desktop/pathfollowingbot/install/mobile_robot/share/mobile_robot/model/.venv/lib/python3.12/site-packages/pip/_internal/commands/__pycache__/wheel.cpython-312.pyc
[1.778s] -- Up-to-date symlink: /home/hornet/Desktop/pathfollowingbot/install/mobile_robot/share/mobile_robot/model/.venv/lib/python3.12/site-packages/pip/_internal/commands/cache.py
[1.778s] -- Up-to-date symlink: /home/hornet/Desktop/pathfollowingbot/install/mobile_robot/share/mobile_robot/model/.venv/lib/python3.12/site-packages/pip/_internal/commands/check.py
[1.778s] -- Up-to-date symlink: /home/hornet/Desktop/pathfollowingbot/install/mobile_robot/share/mobile_robot/model/.venv/lib/python3.12/site-packages/pip/_internal/commands/completion.py
[1.778s] -- Up-to-date symlink: /home/hornet/Desktop/pathfollowingbot/install/mobile_robot/share/mobile_robot/model/.venv/lib/python3.12/site-packages/pip/_internal/commands/configuration.py
[1.778s] -- Up-to-date symlink: /home/hornet/Desktop/pathfollowingbot/install/mobile_robot/share/mobile_robot/model/.venv/lib/python3.12/site-packages/pip/_internal/commands/debug.py
[1.779s] -- Up-to-date symlink: /home/hornet/Desktop/pathfollowingbot/install/mobile_robot/share/mobile_robot/model/.venv/lib/python3.12/site-packages/pip/_internal/commands/download.py
[1.779s] -- Up-to-date symlink: /home/hornet/Desktop/pathfollowingbot/install/mobile_robot/share/mobile_robot/model/.venv/lib/python3.12/site-packages/pip/_internal/commands/freeze.py
[1.779s] -- Up-to-date symlink: /home/hornet/Desktop/pathfollowingbot/install/mobile_robot/share/mobile_robot/model/.venv/lib/python3.12/site-packages/pip/_internal/commands/hash.py
[1.779s] -- Up-to-date symlink: /home/hornet/Desktop/pathfollowingbot/install/mobile_robot/share/mobile_robot/model/.venv/lib/python3.12/site-packages/pip/_internal/commands/help.py
[1.779s] -- Up-to-date symlink: /home/hornet/Desktop/pathfollowingbot/install/mobile_robot/share/mobile_robot/model/.venv/lib/python3.12/site-packages/pip/_internal/commands/index.py
[1.779s] -- Up-to-date symlink: /home/hornet/Desktop/pathfollowingbot/install/mobile_robot/share/mobile_robot/model/.venv/lib/python3.12/site-packages/pip/_internal/commands/inspect.py
[1.779s] -- Up-to-date symlink: /home/hornet/Desktop/pathfollowingbot/install/mobile_robot/share/mobile_robot/model/.venv/lib/python3.12/site-packages/pip/_internal/commands/install.py
[1.779s] -- Up-to-date symlink: /home/hornet/Desktop/pathfollowingbot/install/mobile_robot/share/mobile_robot/model/.venv/lib/python3.12/site-packages/pip/_internal/commands/list.py
[1.779s] -- Up-to-date symlink: /home/hornet/Desktop/pathfollowingbot/install/mobile_robot/share/mobile_robot/model/.venv/lib/python3.12/site-packages/pip/_internal/commands/lock.py
[1.779s] -- Up-to-date symlink: /home/hornet/Desktop/pathfollowingbot/install/mobile_robot/share/mobile_robot/model/.venv/lib/python3.12/site-packages/pip/_internal/commands/search.py
[1.779s] -- Up-to-date symlink: /home/hornet/Desktop/pathfollowingbot/install/mobile_robot/share/mobile_robot/model/.venv/lib/python3.12/site-packages/pip/_internal/commands/show.py
[1.779s] -- Up-to-date symlink: /home/hornet/Desktop/pathfollowingbot/install/mobile_robot/share/mobile_robot/model/.venv/lib/python3.12/site-packages/pip/_internal/commands/uninstall.py
[1.779s] -- Up-to-date symlink: /home/hornet/Desktop/pathfollowingbot/install/mobile_robot/share/mobile_robot/model/.venv/lib/python3.12/site-packages/pip/_internal/commands/wheel.py
[1.779s] -- Up-to-date symlink: /home/hornet/Desktop/pathfollowingbot/install/mobile_robot/share/mobile_robot/model/.venv/lib/python3.12/site-packages/pip/_internal/configuration.py
[1.779s] -- Up-to-date symlink: /home/hornet/Desktop/pathfollowingbot/install/mobile_robot/share/mobile_robot/model/.venv/lib/python3.12/site-packages/pip/_internal/distributions/__init__.py
[1.779s] -- Up-to-date symlink: /home/hornet/Desktop/pathfollowingbot/install/mobile_robot/share/mobile_robot/model/.venv/lib/python3.12/site-packages/pip/_internal/distributions/__pycache__/__init__.cpython-312.pyc
[1.780s] -- Up-to-date symlink: /home/hornet/Desktop/pathfollowingbot/install/mobile_robot/share/mobile_robot/model/.venv/lib/python3.12/site-packages/pip/_internal/distributions/__pycache__/base.cpython-312.pyc
[1.780s] -- Up-to-date symlink: /home/hornet/Desktop/pathfollowingbot/install/mobile_robot/share/mobile_robot/model/.venv/lib/python3.12/site-packages/pip/_internal/distributions/__pycache__/installed.cpython-312.pyc
[1.780s] -- Up-to-date symlink: /home/hornet/Desktop/pathfollowingbot/install/mobile_robot/share/mobile_robot/model/.venv/lib/python3.12/site-packages/pip/_internal/distributions/__pycache__/sdist.cpython-312.pyc
[1.780s] -- Up-to-date symlink: /home/hornet/Desktop/pathfollowingbot/install/mobile_robot/share/mobile_robot/model/.venv/lib/python3.12/site-packages/pip/_internal/distributions/__pycache__/wheel.cpython-312.pyc
[1.780s] -- Up-to-date symlink: /home/hornet/Desktop/pathfollowingbot/install/mobile_robot/share/mobile_robot/model/.venv/lib/python3.12/site-packages/pip/_internal/distributions/base.py
[1.780s] -- Up-to-date symlink: /home/hornet/Desktop/pathfollowingbot/install/mobile_robot/share/mobile_robot/model/.venv/lib/python3.12/site-packages/pip/_internal/distributions/installed.py
[1.780s] -- Up-to-date symlink: /home/hornet/Desktop/pathfollowingbot/install/mobile_robot/share/mobile_robot/model/.venv/lib/python3.12/site-packages/pip/_internal/distributions/sdist.py
[1.780s] -- Up-to-date symlink: /home/hornet/Desktop/pathfollowingbot/install/mobile_robot/share/mobile_robot/model/.venv/lib/python3.12/site-packages/pip/_internal/distributions/wheel.py
[1.780s] -- Up-to-date symlink: /home/hornet/Desktop/pathfollowingbot/install/mobile_robot/share/mobile_robot/model/.venv/lib/python3.12/site-packages/pip/_internal/exceptions.py
[1.780s] -- Up-to-date symlink: /home/hornet/Desktop/pathfollowingbot/install/mobile_robot/share/mobile_robot/model/.venv/lib/python3.12/site-packages/pip/_internal/index/__init__.py
[1.780s] -- Up-to-date symlink: /home/hornet/Desktop/pathfollowingbot/install/mobile_robot/share/mobile_robot/model/.venv/lib/python3.12/site-packages/pip/_internal/index/__pycache__/__init__.cpython-312.pyc
[1.780s] -- Up-to-date symlink: /home/hornet/Desktop/pathfollowingbot/install/mobile_robot/share/mobile_robot/model/.venv/lib/python3.12/site-packages/pip/_internal/index/__pycache__/collector.cpython-312.pyc
[1.780s] -- Up-to-date symlink: /home/hornet/Desktop/pathfollowingbot/install/mobile_robot/share/mobile_robot/model/.venv/lib/python3.12/site-packages/pip/_internal/index/__pycache__/package_finder.cpython-312.pyc
[1.780s] -- Up-to-date symlink: /home/hornet/Desktop/pathfollowingbot/install/mobile_robot/share/mobile_robot/model/.venv/lib/python3.12/site-packages/pip/_internal/index/__pycache__/sources.cpython-312.pyc
[1.780s] -- Up-to-date symlink: /home/hornet/Desktop/pathfollowingbot/install/mobile_robot/share/mobile_robot/model/.venv/lib/python3.12/site-packages/pip/_internal/index/collector.py
[1.780s] -- Up-to-date symlink: /home/hornet/Desktop/pathfollowingbot/install/mobile_robot/share/mobile_robot/model/.venv/lib/python3.12/site-packages/pip/_internal/index/package_finder.py
[1.781s] -- Up-to-date symlink: /home/hornet/Desktop/pathfollowingbot/install/mobile_robot/share/mobile_robot/model/.venv/lib/python3.12/site-packages/pip/_internal/index/sources.py
[1.781s] -- Up-to-date symlink: /home/hornet/Desktop/pathfollowingbot/install/mobile_robot/share/mobile_robot/model/.venv/lib/python3.12/site-packages/pip/_internal/locations/__init__.py
[1.781s] -- Up-to-date symlink: /home/hornet/Desktop/pathfollowingbot/install/mobile_robot/share/mobile_robot/model/.venv/lib/python3.12/site-packages/pip/_internal/locations/__pycache__/__init__.cpython-312.pyc
[1.781s] -- Up-to-date symlink: /home/hornet/Desktop/pathfollowingbot/install/mobile_robot/share/mobile_robot/model/.venv/lib/python3.12/site-packages/pip/_internal/locations/__pycache__/_distutils.cpython-312.pyc
[1.781s] -- Up-to-date symlink: /home/hornet/Desktop/pathfollowingbot/install/mobile_robot/share/mobile_robot/model/.venv/lib/python3.12/site-packages/pip/_internal/locations/__pycache__/_sysconfig.cpython-312.pyc
[1.782s] -- Up-to-date symlink: /home/hornet/Desktop/pathfollowingbot/install/mobile_robot/share/mobile_robot/model/.venv/lib/python3.12/site-packages/pip/_internal/locations/__pycache__/base.cpython-312.pyc
[1.782s] -- Up-to-date symlink: /home/hornet/Desktop/pathfollowingbot/install/mobile_robot/share/mobile_robot/model/.venv/lib/python3.12/site-packages/pip/_internal/locations/_distutils.py
[1.782s] -- Up-to-date symlink: /home/hornet/Desktop/pathfollowingbot/install/mobile_robot/share/mobile_robot/model/.venv/lib/python3.12/site-packages/pip/_internal/locations/_sysconfig.py
[1.782s] -- Up-to-date symlink: /home/hornet/Desktop/pathfollowingbot/install/mobile_robot/share/mobile_robot/model/.venv/lib/python3.12/site-packages/pip/_internal/locations/base.py
[1.782s] -- Up-to-date symlink: /home/hornet/Desktop/pathfollowingbot/install/mobile_robot/share/mobile_robot/model/.venv/lib/python3.12/site-packages/pip/_internal/main.py
[1.782s] -- Up-to-date symlink: /home/hornet/Desktop/pathfollowingbot/install/mobile_robot/share/mobile_robot/model/.venv/lib/python3.12/site-packages/pip/_internal/metadata/__init__.py
[1.782s] -- Up-to-date symlink: /home/hornet/Desktop/pathfollowingbot/install/mobile_robot/share/mobile_robot/model/.venv/lib/python3.12/site-packages/pip/_internal/metadata/__pycache__/__init__.cpython-312.pyc
[1.783s] -- Up-to-date symlink: /home/hornet/Desktop/pathfollowingbot/install/mobile_robot/share/mobile_robot/model/.venv/lib/python3.12/site-packages/pip/_internal/metadata/__pycache__/_json.cpython-312.pyc
[1.783s] -- Up-to-date symlink: /home/hornet/Desktop/pathfollowingbot/install/mobile_robot/share/mobile_robot/model/.venv/lib/python3.12/site-packages/pip/_internal/metadata/__pycache__/base.cpython-312.pyc
[1.783s] -- Up-to-date symlink: /home/hornet/Desktop/pathfollowingbot/install/mobile_robot/share/mobile_robot/model/.venv/lib/python3.12/site-packages/pip/_internal/metadata/__pycache__/pkg_resources.cpython-312.pyc
[1.783s] -- Up-to-date symlink: /home/hornet/Desktop/pathfollowingbot/install/mobile_robot/share/mobile_robot/model/.venv/lib/python3.12/site-packages/pip/_internal/metadata/_json.py
[1.783s] -- Up-to-date symlink: /home/hornet/Desktop/pathfollowingbot/install/mobile_robot/share/mobile_robot/model/.venv/lib/python3.12/site-packages/pip/_internal/metadata/base.py
[1.783s] -- Up-to-date symlink: /home/hornet/Desktop/pathfollowingbot/install/mobile_robot/share/mobile_robot/model/.venv/lib/python3.12/site-packages/pip/_internal/metadata/importlib/__init__.py
[1.783s] -- Up-to-date symlink: /home/hornet/Desktop/pathfollowingbot/install/mobile_robot/share/mobile_robot/model/.venv/lib/python3.12/site-packages/pip/_internal/metadata/importlib/__pycache__/__init__.cpython-312.pyc
[1.784s] -- Up-to-date symlink: /home/hornet/Desktop/pathfollowingbot/install/mobile_robot/share/mobile_robot/model/.venv/lib/python3.12/site-packages/pip/_internal/metadata/importlib/__pycache__/_compat.cpython-312.pyc
[1.784s] -- Up-to-date symlink: /home/hornet/Desktop/pathfollowingbot/install/mobile_robot/share/mobile_robot/model/.venv/lib/python3.12/site-packages/pip/_internal/metadata/importlib/__pycache__/_dists.cpython-312.pyc
[1.784s] -- Up-to-date symlink: /home/hornet/Desktop/pathfollowingbot/install/mobile_robot/share/mobile_robot/model/.venv/lib/python3.12/site-packages/pip/_internal/metadata/importlib/__pycache__/_envs.cpython-312.pyc
[1.784s] -- Up-to-date symlink: /home/hornet/Desktop/pathfollowingbot/install/mobile_robot/share/mobile_robot/model/.venv/lib/python3.12/site-packages/pip/_internal/metadata/importlib/_compat.py
[1.784s] -- Up-to-date symlink: /home/hornet/Desktop/pathfollowingbot/install/mobile_robot/share/mobile_robot/model/.venv/lib/python3.12/site-packages/pip/_internal/metadata/importlib/_dists.py
[1.785s] -- Up-to-date symlink: /home/hornet/Desktop/pathfollowingbot/install/mobile_robot/share/mobile_robot/model/.venv/lib/python3.12/site-packages/pip/_internal/metadata/importlib/_envs.py
[1.785s] -- Up-to-date symlink: /home/hornet/Desktop/pathfollowingbot/install/mobile_robot/share/mobile_robot/model/.venv/lib/python3.12/site-packages/pip/_internal/metadata/pkg_resources.py
[1.785s] -- Up-to-date symlink: /home/hornet/Desktop/pathfollowingbot/install/mobile_robot/share/mobile_robot/model/.venv/lib/python3.12/site-packages/pip/_internal/models/__init__.py
[1.785s] -- Up-to-date symlink: /home/hornet/Desktop/pathfollowingbot/install/mobile_robot/share/mobile_robot/model/.venv/lib/python3.12/site-packages/pip/_internal/models/__pycache__/__init__.cpython-312.pyc
[1.785s] -- Up-to-date symlink: /home/hornet/Desktop/pathfollowingbot/install/mobile_robot/share/mobile_robot/model/.venv/lib/python3.12/site-packages/pip/_internal/models/__pycache__/candidate.cpython-312.pyc
[1.786s] -- Up-to-date symlink: /home/hornet/Desktop/pathfollowingbot/install/mobile_robot/share/mobile_robot/model/.venv/lib/python3.12/site-packages/pip/_internal/models/__pycache__/direct_url.cpython-312.pyc
[1.786s] -- Up-to-date symlink: /home/hornet/Desktop/pathfollowingbot/install/mobile_robot/share/mobile_robot/model/.venv/lib/python3.12/site-packages/pip/_internal/models/__pycache__/format_control.cpython-312.pyc
[1.786s] -- Up-to-date symlink: /home/hornet/Desktop/pathfollowingbot/install/mobile_robot/share/mobile_robot/model/.venv/lib/python3.12/site-packages/pip/_internal/models/__pycache__/index.cpython-312.pyc
[1.786s] -- Up-to-date symlink: /home/hornet/Desktop/pathfollowingbot/install/mobile_robot/share/mobile_robot/model/.venv/lib/python3.12/site-packages/pip/_internal/models/__pycache__/installation_report.cpython-312.pyc
[1.787s] -- Up-to-date symlink: /home/hornet/Desktop/pathfollowingbot/install/mobile_robot/share/mobile_robot/model/.venv/lib/python3.12/site-packages/pip/_internal/models/__pycache__/link.cpython-312.pyc
[1.787s] -- Up-to-date symlink: /home/hornet/Desktop/pathfollowingbot/install/mobile_robot/share/mobile_robot/model/.venv/lib/python3.12/site-packages/pip/_internal/models/__pycache__/pylock.cpython-312.pyc
[1.787s] -- Up-to-date symlink: /home/hornet/Desktop/pathfollowingbot/install/mobile_robot/share/mobile_robot/model/.venv/lib/python3.12/site-packages/pip/_internal/models/__pycache__/scheme.cpython-312.pyc
[1.787s] -- Up-to-date symlink: /home/hornet/Desktop/pathfollowingbot/install/mobile_robot/share/mobile_robot/model/.venv/lib/python3.12/site-packages/pip/_internal/models/__pycache__/search_scope.cpython-312.pyc
[1.788s] -- Up-to-date symlink: /home/hornet/Desktop/pathfollowingbot/install/mobile_robot/share/mobile_robot/model/.venv/lib/python3.12/site-packages/pip/_internal/models/__pycache__/selection_prefs.cpython-312.pyc
[1.788s] -- Up-to-date symlink: /home/hornet/Desktop/pathfollowingbot/install/mobile_robot/share/mobile_robot/model/.venv/lib/python3.12/site-packages/pip/_internal/models/__pycache__/target_python.cpython-312.pyc
[1.788s] -- Up-to-date symlink: /home/hornet/Desktop/pathfollowingbot/install/mobile_robot/share/mobile_robot/model/.venv/lib/python3.12/site-packages/pip/_internal/models/__pycache__/wheel.cpython-312.pyc
[1.788s] -- Up-to-date symlink: /home/hornet/Desktop/pathfollowingbot/install/mobile_robot/share/mobile_robot/model/.venv/lib/python3.12/site-packages/pip/_internal/models/candidate.py
[1.789s] -- Up-to-date symlink: /home/hornet/Desktop/pathfollowingbot/install/mobile_robot/share/mobile_robot/model/.venv/lib/python3.12/site-packages/pip/_internal/models/direct_url.py
[1.789s] -- Up-to-date symlink: /home/hornet/Desktop/pathfollowingbot/install/mobile_robot/share/mobile_robot/model/.venv/lib/python3.12/site-packages/pip/_internal/models/format_control.py
[1.789s] -- Up-to-date symlink: /home/hornet/Desktop/pathfollowingbot/install/mobile_robot/share/mobile_robot/model/.venv/lib/python3.12/site-packages/pip/_internal/models/index.py
[1.789s] -- Up-to-date symlink: /home/hornet/Desktop/pathfollowingbot/install/mobile_robot/share/mobile_robot/model/.venv/lib/python3.12/site-packages/pip/_internal/models/installation_report.py
[1.790s] -- Up-to-date symlink: /home/hornet/Desktop/pathfollowingbot/install/mobile_robot/share/mobile_robot/model/.venv/lib/python3.12/site-packages/pip/_internal/models/link.py
[1.790s] -- Up-to-date symlink: /home/hornet/Desktop/pathfollowingbot/install/mobile_robot/share/mobile_robot/model/.venv/lib/python3.12/site-packages/pip/_internal/models/pylock.py
[1.790s] -- Up-to-date symlink: /home/hornet/Desktop/pathfollowingbot/install/mobile_robot/share/mobile_robot/model/.venv/lib/python3.12/site-packages/pip/_internal/models/scheme.py
[1.790s] -- Up-to-date symlink: /home/hornet/Desktop/pathfollowingbot/install/mobile_robot/share/mobile_robot/model/.venv/lib/python3.12/site-packages/pip/_internal/models/search_scope.py
[1.790s] -- Up-to-date symlink: /home/hornet/Desktop/pathfollowingbot/install/mobile_robot/share/mobile_robot/model/.venv/lib/python3.12/site-packages/pip/_internal/models/selection_prefs.py
[1.790s] -- Up-to-date symlink: /home/hornet/Desktop/pathfollowingbot/install/mobile_robot/share/mobile_robot/model/.venv/lib/python3.12/site-packages/pip/_internal/models/target_python.py
[1.791s] -- Up-to-date symlink: /home/hornet/Desktop/pathfollowingbot/install/mobile_robot/share/mobile_robot/model/.venv/lib/python3.12/site-packages/pip/_internal/models/wheel.py
[1.791s] -- Up-to-date symlink: /home/hornet/Desktop/pathfollowingbot/install/mobile_robot/share/mobile_robot/model/.venv/lib/python3.12/site-packages/pip/_internal/network/__init__.py
[1.791s] -- Up-to-date symlink: /home/hornet/Desktop/pathfollowingbot/install/mobile_robot/share/mobile_robot/model/.venv/lib/python3.12/site-packages/pip/_internal/network/__pycache__/__init__.cpython-312.pyc
[1.791s] -- Up-to-date symlink: /home/hornet/Desktop/pathfollowingbot/install/mobile_robot/share/mobile_robot/model/.venv/lib/python3.12/site-packages/pip/_internal/network/__pycache__/auth.cpython-312.pyc
[1.791s] -- Up-to-date symlink: /home/hornet/Desktop/pathfollowingbot/install/mobile_robot/share/mobile_robot/model/.venv/lib/python3.12/site-packages/pip/_internal/network/__pycache__/cache.cpython-312.pyc
[1.792s] -- Up-to-date symlink: /home/hornet/Desktop/pathfollowingbot/install/mobile_robot/share/mobile_robot/model/.venv/lib/python3.12/site-packages/pip/_internal/network/__pycache__/download.cpython-312.pyc
[1.792s] -- Up-to-date symlink: /home/hornet/Desktop/pathfollowingbot/install/mobile_robot/share/mobile_robot/model/.venv/lib/python3.12/site-packages/pip/_internal/network/__pycache__/lazy_wheel.cpython-312.pyc
[1.792s] -- Up-to-date symlink: /home/hornet/Desktop/pathfollowingbot/install/mobile_robot/share/mobile_robot/model/.venv/lib/python3.12/site-packages/pip/_internal/network/__pycache__/session.cpython-312.pyc
[1.792s] -- Up-to-date symlink: /home/hornet/Desktop/pathfollowingbot/install/mobile_robot/share/mobile_robot/model/.venv/lib/python3.12/site-packages/pip/_internal/network/__pycache__/utils.cpython-312.pyc
[1.792s] -- Up-to-date symlink: /home/hornet/Desktop/pathfollowingbot/install/mobile_robot/share/mobile_robot/model/.venv/lib/python3.12/site-packages/pip/_internal/network/__pycache__/xmlrpc.cpython-312.pyc
[1.792s] -- Up-to-date symlink: /home/hornet/Desktop/pathfollowingbot/install/mobile_robot/share/mobile_robot/model/.venv/lib/python3.12/site-packages/pip/_internal/network/auth.py
[1.793s] -- Up-to-date symlink: /home/hornet/Desktop/pathfollowingbot/install/mobile_robot/share/mobile_robot/model/.venv/lib/python3.12/site-packages/pip/_internal/network/cache.py
[1.793s] -- Up-to-date symlink: /home/hornet/Desktop/pathfollowingbot/install/mobile_robot/share/mobile_robot/model/.venv/lib/python3.12/site-packages/pip/_internal/network/download.py
[1.793s] -- Up-to-date symlink: /home/hornet/Desktop/pathfollowingbot/install/mobile_robot/share/mobile_robot/model/.venv/lib/python3.12/site-packages/pip/_internal/network/lazy_wheel.py
[1.793s] -- Up-to-date symlink: /home/hornet/Desktop/pathfollowingbot/install/mobile_robot/share/mobile_robot/model/.venv/lib/python3.12/site-packages/pip/_internal/network/session.py
[1.793s] -- Up-to-date symlink: /home/hornet/Desktop/pathfollowingbot/install/mobile_robot/share/mobile_robot/model/.venv/lib/python3.12/site-packages/pip/_internal/network/utils.py
[1.793s] -- Up-to-date symlink: /home/hornet/Desktop/pathfollowingbot/install/mobile_robot/share/mobile_robot/model/.venv/lib/python3.12/site-packages/pip/_internal/network/xmlrpc.py
[1.794s] -- Up-to-date symlink: /home/hornet/Desktop/pathfollowingbot/install/mobile_robot/share/mobile_robot/model/.venv/lib/python3.12/site-packages/pip/_internal/operations/__init__.py
[1.794s] -- Up-to-date symlink: /home/hornet/Desktop/pathfollowingbot/install/mobile_robot/share/mobile_robot/model/.venv/lib/python3.12/site-packages/pip/_internal/operations/__pycache__/__init__.cpython-312.pyc
[1.794s] -- Up-to-date symlink: /home/hornet/Desktop/pathfollowingbot/install/mobile_robot/share/mobile_robot/model/.venv/lib/python3.12/site-packages/pip/_internal/operations/__pycache__/check.cpython-312.pyc
[1.794s] -- Up-to-date symlink: /home/hornet/Desktop/pathfollowingbot/install/mobile_robot/share/mobile_robot/model/.venv/lib/python3.12/site-packages/pip/_internal/operations/__pycache__/freeze.cpython-312.pyc
[1.794s] -- Up-to-date symlink: /home/hornet/Desktop/pathfollowingbot/install/mobile_robot/share/mobile_robot/model/.venv/lib/python3.12/site-packages/pip/_internal/operations/__pycache__/prepare.cpython-312.pyc
[1.795s] -- Up-to-date symlink: /home/hornet/Desktop/pathfollowingbot/install/mobile_robot/share/mobile_robot/model/.venv/lib/python3.12/site-packages/pip/_internal/operations/build/__init__.py
[1.795s] -- Up-to-date symlink: /home/hornet/Desktop/pathfollowingbot/install/mobile_robot/share/mobile_robot/model/.venv/lib/python3.12/site-packages/pip/_internal/operations/build/__pycache__/__init__.cpython-312.pyc
[1.795s] -- Up-to-date symlink: /home/hornet/Desktop/pathfollowingbot/install/mobile_robot/share/mobile_robot/model/.venv/lib/python3.12/site-packages/pip/_internal/operations/build/__pycache__/build_tracker.cpython-312.pyc
[1.795s] -- Up-to-date symlink: /home/hornet/Desktop/pathfollowingbot/install/mobile_robot/share/mobile_robot/model/.venv/lib/python3.12/site-packages/pip/_internal/operations/build/__pycache__/metadata.cpython-312.pyc
[1.796s] -- Up-to-date symlink: /home/hornet/Desktop/pathfollowingbot/install/mobile_robot/share/mobile_robot/model/.venv/lib/python3.12/site-packages/pip/_internal/operations/build/__pycache__/metadata_editable.cpython-312.pyc
[1.796s] -- Up-to-date symlink: /home/hornet/Desktop/pathfollowingbot/install/mobile_robot/share/mobile_robot/model/.venv/lib/python3.12/site-packages/pip/_internal/operations/build/__pycache__/wheel.cpython-312.pyc
[1.796s] -- Up-to-date symlink: /home/hornet/Desktop/pathfollowingbot/install/mobile_robot/share/mobile_robot/model/.venv/lib/python3.12/site-packages/pip/_internal/operations/build/__pycache__/wheel_editable.cpython-312.pyc
[1.796s] -- Up-to-date symlink: /home/hornet/Desktop/pathfollowingbot/install/mobile_robot/share/mobile_robot/model/.venv/lib/python3.12/site-packages/pip/_internal/operations/build/build_tracker.py
[1.796s] -- Up-to-date symlink: /home/hornet/Desktop/pathfollowingbot/install/mobile_robot/share/mobile_robot/model/.venv/lib/python3.12/site-packages/pip/_internal/operations/build/metadata.py
[1.796s] -- Up-to-date symlink: /home/hornet/Desktop/pathfollowingbot/install/mobile_robot/share/mobile_robot/model/.venv/lib/python3.12/site-packages/pip/_internal/operations/build/metadata_editable.py
[1.797s] -- Up-to-date symlink: /home/hornet/Desktop/pathfollowingbot/install/mobile_robot/share/mobile_robot/model/.venv/lib/python3.12/site-packages/pip/_internal/operations/build/wheel.py
[1.797s] -- Up-to-date symlink: /home/hornet/Desktop/pathfollowingbot/install/mobile_robot/share/mobile_robot/model/.venv/lib/python3.12/site-packages/pip/_internal/operations/build/wheel_editable.py
[1.797s] -- Up-to-date symlink: /home/hornet/Desktop/pathfollowingbot/install/mobile_robot/share/mobile_robot/model/.venv/lib/python3.12/site-packages/pip/_internal/operations/check.py
[1.797s] -- Up-to-date symlink: /home/hornet/Desktop/pathfollowingbot/install/mobile_robot/share/mobile_robot/model/.venv/lib/python3.12/site-packages/pip/_internal/operations/freeze.py
[1.797s] -- Up-to-date symlink: /home/hornet/Desktop/pathfollowingbot/install/mobile_robot/share/mobile_robot/model/.venv/lib/python3.12/site-packages/pip/_internal/operations/install/__init__.py
[1.797s] -- Up-to-date symlink: /home/hornet/Desktop/pathfollowingbot/install/mobile_robot/share/mobile_robot/model/.venv/lib/python3.12/site-packages/pip/_internal/operations/install/__pycache__/__init__.cpython-312.pyc
[1.798s] -- Up-to-date symlink: /home/hornet/Desktop/pathfollowingbot/install/mobile_robot/share/mobile_robot/model/.venv/lib/python3.12/site-packages/pip/_internal/operations/install/__pycache__/wheel.cpython-312.pyc
[1.798s] -- Up-to-date symlink: /home/hornet/Desktop/pathfollowingbot/install/mobile_robot/share/mobile_robot/model/.venv/lib/python3.12/site-packages/pip/_internal/operations/install/wheel.py
[1.798s] -- Up-to-date symlink: /home/hornet/Desktop/pathfollowingbot/install/mobile_robot/share/mobile_robot/model/.venv/lib/python3.12/site-packages/pip/_internal/operations/prepare.py
[1.798s] -- Up-to-date symlink: /home/hornet/Desktop/pathfollowingbot/install/mobile_robot/share/mobile_robot/model/.venv/lib/python3.12/site-packages/pip/_internal/pyproject.py
[1.798s] -- Up-to-date symlink: /home/hornet/Desktop/pathfollowingbot/install/mobile_robot/share/mobile_robot/model/.venv/lib/python3.12/site-packages/pip/_internal/req/__init__.py
[1.798s] -- Up-to-date symlink: /home/hornet/Desktop/pathfollowingbot/install/mobile_robot/share/mobile_robot/model/.venv/lib/python3.12/site-packages/pip/_internal/req/__pycache__/__init__.cpython-312.pyc
[1.799s] -- Up-to-date symlink: /home/hornet/Desktop/pathfollowingbot/install/mobile_robot/share/mobile_robot/model/.venv/lib/python3.12/site-packages/pip/_internal/req/__pycache__/constructors.cpython-312.pyc
[1.799s] -- Up-to-date symlink: /home/hornet/Desktop/pathfollowingbot/install/mobile_robot/share/mobile_robot/model/.venv/lib/python3.12/site-packages/pip/_internal/req/__pycache__/req_dependency_group.cpython-312.pyc
[1.799s] -- Up-to-date symlink: /home/hornet/Desktop/pathfollowingbot/install/mobile_robot/share/mobile_robot/model/.venv/lib/python3.12/site-packages/pip/_internal/req/__pycache__/req_file.cpython-312.pyc
[1.799s] -- Up-to-date symlink: /home/hornet/Desktop/pathfollowingbot/install/mobile_robot/share/mobile_robot/model/.venv/lib/python3.12/site-packages/pip/_internal/req/__pycache__/req_install.cpython-312.pyc
[1.799s] -- Up-to-date symlink: /home/hornet/Desktop/pathfollowingbot/install/mobile_robot/share/mobile_robot/model/.venv/lib/python3.12/site-packages/pip/_internal/req/__pycache__/req_set.cpython-312.pyc
[1.800s] -- Up-to-date symlink: /home/hornet/Desktop/pathfollowingbot/install/mobile_robot/share/mobile_robot/model/.venv/lib/python3.12/site-packages/pip/_internal/req/__pycache__/req_uninstall.cpython-312.pyc
[1.800s] -- Up-to-date symlink: /home/hornet/Desktop/pathfollowingbot/install/mobile_robot/share/mobile_robot/model/.venv/lib/python3.12/site-packages/pip/_internal/req/constructors.py
[1.800s] -- Up-to-date symlink: /home/hornet/Desktop/pathfollowingbot/install/mobile_robot/share/mobile_robot/model/.venv/lib/python3.12/site-packages/pip/_internal/req/req_dependency_group.py
[1.800s] -- Up-to-date symlink: /home/hornet/Desktop/pathfollowingbot/install/mobile_robot/share/mobile_robot/model/.venv/lib/python3.12/site-packages/pip/_internal/req/req_file.py
[1.800s] -- Up-to-date symlink: /home/hornet/Desktop/pathfollowingbot/install/mobile_robot/share/mobile_robot/model/.venv/lib/python3.12/site-packages/pip/_internal/req/req_install.py
[1.801s] -- Up-to-date symlink: /home/hornet/Desktop/pathfollowingbot/install/mobile_robot/share/mobile_robot/model/.venv/lib/python3.12/site-packages/pip/_internal/req/req_set.py
[1.801s] -- Up-to-date symlink: /home/hornet/Desktop/pathfollowingbot/install/mobile_robot/share/mobile_robot/model/.venv/lib/python3.12/site-packages/pip/_internal/req/req_uninstall.py
[1.801s] -- Up-to-date symlink: /home/hornet/Desktop/pathfollowingbot/install/mobile_robot/share/mobile_robot/model/.venv/lib/python3.12/site-packages/pip/_internal/resolution/__init__.py
[1.801s] -- Up-to-date symlink: /home/hornet/Desktop/pathfollowingbot/install/mobile_robot/share/mobile_robot/model/.venv/lib/python3.12/site-packages/pip/_internal/resolution/__pycache__/__init__.cpython-312.pyc
[1.801s] -- Up-to-date symlink: /home/hornet/Desktop/pathfollowingbot/install/mobile_robot/share/mobile_robot/model/.venv/lib/python3.12/site-packages/pip/_internal/resolution/__pycache__/base.cpython-312.pyc
[1.801s] -- Up-to-date symlink: /home/hornet/Desktop/pathfollowingbot/install/mobile_robot/share/mobile_robot/model/.venv/lib/python3.12/site-packages/pip/_internal/resolution/base.py
[1.802s] -- Up-to-date symlink: /home/hornet/Desktop/pathfollowingbot/install/mobile_robot/share/mobile_robot/model/.venv/lib/python3.12/site-packages/pip/_internal/resolution/legacy/__init__.py
[1.802s] -- Up-to-date symlink: /home/hornet/Desktop/pathfollowingbot/install/mobile_robot/share/mobile_robot/model/.venv/lib/python3.12/site-packages/pip/_internal/resolution/legacy/__pycache__/__init__.cpython-312.pyc
[1.802s] -- Up-to-date symlink: /home/hornet/Desktop/pathfollowingbot/install/mobile_robot/share/mobile_robot/model/.venv/lib/python3.12/site-packages/pip/_internal/resolution/legacy/__pycache__/resolver.cpython-312.pyc
[1.802s] -- Up-to-date symlink: /home/hornet/Desktop/pathfollowingbot/install/mobile_robot/share/mobile_robot/model/.venv/lib/python3.12/site-packages/pip/_internal/resolution/legacy/resolver.py
[1.803s] -- Up-to-date symlink: /home/hornet/Desktop/pathfollowingbot/install/mobile_robot/share/mobile_robot/model/.venv/lib/python3.12/site-packages/pip/_internal/resolution/resolvelib/__init__.py
[1.803s] -- Up-to-date symlink: /home/hornet/Desktop/pathfollowingbot/install/mobile_robot/share/mobile_robot/model/.venv/lib/python3.12/site-packages/pip/_internal/resolution/resolvelib/__pycache__/__init__.cpython-312.pyc
[1.803s] -- Up-to-date symlink: /home/hornet/Desktop/pathfollowingbot/install/mobile_robot/share/mobile_robot/model/.venv/lib/python3.12/site-packages/pip/_internal/resolution/resolvelib/__pycache__/base.cpython-312.pyc
[1.803s] -- Up-to-date symlink: /home/hornet/Desktop/pathfollowingbot/install/mobile_robot/share/mobile_robot/model/.venv/lib/python3.12/site-packages/pip/_internal/resolution/resolvelib/__pycache__/candidates.cpython-312.pyc
[1.803s] -- Up-to-date symlink: /home/hornet/Desktop/pathfollowingbot/install/mobile_robot/share/mobile_robot/model/.venv/lib/python3.12/site-packages/pip/_internal/resolution/resolvelib/__pycache__/factory.cpython-312.pyc
[1.804s] -- Up-to-date symlink: /home/hornet/Desktop/pathfollowingbot/install/mobile_robot/share/mobile_robot/model/.venv/lib/python3.12/site-packages/pip/_internal/resolution/resolvelib/__pycache__/found_candidates.cpython-312.pyc
[1.804s] -- Up-to-date symlink: /home/hornet/Desktop/pathfollowingbot/install/mobile_robot/share/mobile_robot/model/.venv/lib/python3.12/site-packages/pip/_internal/resolution/resolvelib/__pycache__/provider.cpython-312.pyc
[1.804s] -- Up-to-date symlink: /home/hornet/Desktop/pathfollowingbot/install/mobile_robot/share/mobile_robot/model/.venv/lib/python3.12/site-packages/pip/_internal/resolution/resolvelib/__pycache__/reporter.cpython-312.pyc
[1.804s] -- Up-to-date symlink: /home/hornet/Desktop/pathfollowingbot/install/mobile_robot/share/mobile_robot/model/.venv/lib/python3.12/site-packages/pip/_internal/resolution/resolvelib/__pycache__/requirements.cpython-312.pyc
[1.804s] -- Up-to-date symlink: /home/hornet/Desktop/pathfollowingbot/install/mobile_robot/share/mobile_robot/model/.venv/lib/python3.12/site-packages/pip/_internal/resolution/resolvelib/__pycache__/resolver.cpython-312.pyc
[1.804s] -- Up-to-date symlink: /home/hornet/Desktop/pathfollowingbot/install/mobile_robot/share/mobile_robot/model/.venv/lib/python3.12/site-packages/pip/_internal/resolution/resolvelib/base.py
[1.805s] -- Up-to-date symlink: /home/hornet/Desktop/pathfollowingbot/install/mobile_robot/share/mobile_robot/model/.venv/lib/python3.12/site-packages/pip/_internal/resolution/resolvelib/candidates.py
[1.805s] -- Up-to-date symlink: /home/hornet/Desktop/pathfollowingbot/install/mobile_robot/share/mobile_robot/model/.venv/lib/python3.12/site-packages/pip/_internal/resolution/resolvelib/factory.py
[1.805s] -- Up-to-date symlink: /home/hornet/Desktop/pathfollowingbot/install/mobile_robot/share/mobile_robot/model/.venv/lib/python3.12/site-packages/pip/_internal/resolution/resolvelib/found_candidates.py
[1.805s] -- Up-to-date symlink: /home/hornet/Desktop/pathfollowingbot/install/mobile_robot/share/mobile_robot/model/.venv/lib/python3.12/site-packages/pip/_internal/resolution/resolvelib/provider.py
[1.805s] -- Up-to-date symlink: /home/hornet/Desktop/pathfollowingbot/install/mobile_robot/share/mobile_robot/model/.venv/lib/python3.12/site-packages/pip/_internal/resolution/resolvelib/reporter.py
[1.805s] -- Up-to-date symlink: /home/hornet/Desktop/pathfollowingbot/install/mobile_robot/share/mobile_robot/model/.venv/lib/python3.12/site-packages/pip/_internal/resolution/resolvelib/requirements.py
[1.806s] -- Up-to-date symlink: /home/hornet/Desktop/pathfollowingbot/install/mobile_robot/share/mobile_robot/model/.venv/lib/python3.12/site-packages/pip/_internal/resolution/resolvelib/resolver.py
[1.806s] -- Up-to-date symlink: /home/hornet/Desktop/pathfollowingbot/install/mobile_robot/share/mobile_robot/model/.venv/lib/python3.12/site-packages/pip/_internal/self_outdated_check.py
[1.806s] -- Up-to-date symlink: /home/hornet/Desktop/pathfollowingbot/install/mobile_robot/share/mobile_robot/model/.venv/lib/python3.12/site-packages/pip/_internal/utils/__init__.py
[1.806s] -- Up-to-date symlink: /home/hornet/Desktop/pathfollowingbot/install/mobile_robot/share/mobile_robot/model/.venv/lib/python3.12/site-packages/pip/_internal/utils/__pycache__/__init__.cpython-312.pyc
[1.806s] -- Up-to-date symlink: /home/hornet/Desktop/pathfollowingbot/install/mobile_robot/share/mobile_robot/model/.venv/lib/python3.12/site-packages/pip/_internal/utils/__pycache__/_jaraco_text.cpython-312.pyc
[1.806s] -- Up-to-date symlink: /home/hornet/Desktop/pathfollowingbot/install/mobile_robot/share/mobile_robot/model/.venv/lib/python3.12/site-packages/pip/_internal/utils/__pycache__/_log.cpython-312.pyc
[1.807s] -- Up-to-date symlink: /home/hornet/Desktop/pathfollowingbot/install/mobile_robot/share/mobile_robot/model/.venv/lib/python3.12/site-packages/pip/_internal/utils/__pycache__/appdirs.cpython-312.pyc
[1.807s] -- Up-to-date symlink: /home/hornet/Desktop/pathfollowingbot/install/mobile_robot/share/mobile_robot/model/.venv/lib/python3.12/site-packages/pip/_internal/utils/__pycache__/compat.cpython-312.pyc
[1.807s] -- Up-to-date symlink: /home/hornet/Desktop/pathfollowingbot/install/mobile_robot/share/mobile_robot/model/.venv/lib/python3.12/site-packages/pip/_internal/utils/__pycache__/compatibility_tags.cpython-312.pyc
[1.807s] -- Up-to-date symlink: /home/hornet/Desktop/pathfollowingbot/install/mobile_robot/share/mobile_robot/model/.venv/lib/python3.12/site-packages/pip/_internal/utils/__pycache__/datetime.cpython-312.pyc
[1.808s] -- Up-to-date symlink: /home/hornet/Desktop/pathfollowingbot/install/mobile_robot/share/mobile_robot/model/.venv/lib/python3.12/site-packages/pip/_internal/utils/__pycache__/deprecation.cpython-312.pyc
[1.808s] -- Up-to-date symlink: /home/hornet/Desktop/pathfollowingbot/install/mobile_robot/share/mobile_robot/model/.venv/lib/python3.12/site-packages/pip/_internal/utils/__pycache__/direct_url_helpers.cpython-312.pyc
[1.808s] -- Up-to-date symlink: /home/hornet/Desktop/pathfollowingbot/install/mobile_robot/share/mobile_robot/model/.venv/lib/python3.12/site-packages/pip/_internal/utils/__pycache__/egg_link.cpython-312.pyc
[1.808s] -- Up-to-date symlink: /home/hornet/Desktop/pathfollowingbot/install/mobile_robot/share/mobile_robot/model/.venv/lib/python3.12/site-packages/pip/_internal/utils/__pycache__/entrypoints.cpython-312.pyc
[1.809s] -- Up-to-date symlink: /home/hornet/Desktop/pathfollowingbot/install/mobile_robot/share/mobile_robot/model/.venv/lib/python3.12/site-packages/pip/_internal/utils/__pycache__/filesystem.cpython-312.pyc
[1.809s] -- Up-to-date symlink: /home/hornet/Desktop/pathfollowingbot/install/mobile_robot/share/mobile_robot/model/.venv/lib/python3.12/site-packages/pip/_internal/utils/__pycache__/filetypes.cpython-312.pyc
[1.809s] -- Up-to-date symlink: /home/hornet/Desktop/pathfollowingbot/install/mobile_robot/share/mobile_robot/model/.venv/lib/python3.12/site-packages/pip/_internal/utils/__pycache__/glibc.cpython-312.pyc
[1.809s] -- Up-to-date symlink: /home/hornet/Desktop/pathfollowingbot/install/mobile_robot/share/mobile_robot/model/.venv/lib/python3.12/site-packages/pip/_internal/utils/__pycache__/hashes.cpython-312.pyc
[1.809s] -- Up-to-date symlink: /home/hornet/Desktop/pathfollowingbot/install/mobile_robot/share/mobile_robot/model/.venv/lib/python3.12/site-packages/pip/_internal/utils/__pycache__/logging.cpython-312.pyc
[1.809s] -- Up-to-date symlink: /home/hornet/Desktop/pathfollowingbot/install/mobile_robot/share/mobile_robot/model/.venv/lib/python3.12/site-packages/pip/_internal/utils/__pycache__/misc.cpython-312.pyc
[1.810s] -- Up-to-date symlink: /home/hornet/Desktop/pathfollowingbot/install/mobile_robot/share/mobile_robot/model/.venv/lib/python3.12/site-packages/pip/_internal/utils/__pycache__/packaging.cpython-312.pyc
[1.810s] -- Up-to-date symlink: /home/hornet/Desktop/pathfollowingbot/install/mobile_robot/share/mobile_robot/model/.venv/lib/python3.12/site-packages/pip/_internal/utils/__pycache__/retry.cpython-312.pyc
[1.810s] -- Up-to-date symlink: /home/hornet/Desktop/pathfollowingbot/install/mobile_robot/share/mobile_robot/model/.venv/lib/python3.12/site-packages/pip/_internal/utils/__pycache__/subprocess.cpython-312.pyc
[1.810s] -- Up-to-date symlink: /home/hornet/Desktop/pathfollowingbot/install/mobile_robot/share/mobile_robot/model/.venv/lib/python3.12/site-packages/pip/_internal/utils/__pycache__/temp_dir.cpython-312.pyc
[1.810s] -- Up-to-date symlink: /home/hornet/Desktop/pathfollowingbot/install/mobile_robot/share/mobile_robot/model/.venv/lib/python3.12/site-packages/pip/_internal/utils/__pycache__/unpacking.cpython-312.pyc
[1.810s] -- Up-to-date symlink: /home/hornet/Desktop/pathfollowingbot/install/mobile_robot/share/mobile_robot/model/.venv/lib/python3.12/site-packages/pip/_internal/utils/__pycache__/urls.cpython-312.pyc
[1.810s] -- Up-to-date symlink: /home/hornet/Desktop/pathfollowingbot/install/mobile_robot/share/mobile_robot/model/.venv/lib/python3.12/site-packages/pip/_internal/utils/__pycache__/virtualenv.cpython-312.pyc
[1.810s] -- Up-to-date symlink: /home/hornet/Desktop/pathfollowingbot/install/mobile_robot/share/mobile_robot/model/.venv/lib/python3.12/site-packages/pip/_internal/utils/__pycache__/wheel.cpython-312.pyc
[1.810s] -- Up-to-date symlink: /home/hornet/Desktop/pathfollowingbot/install/mobile_robot/share/mobile_robot/model/.venv/lib/python3.12/site-packages/pip/_internal/utils/_jaraco_text.py
[1.810s] -- Up-to-date symlink: /home/hornet/Desktop/pathfollowingbot/install/mobile_robot/share/mobile_robot/model/.venv/lib/python3.12/site-packages/pip/_internal/utils/_log.py
[1.810s] -- Up-to-date symlink: /home/hornet/Desktop/pathfollowingbot/install/mobile_robot/share/mobile_robot/model/.venv/lib/python3.12/site-packages/pip/_internal/utils/appdirs.py
[1.810s] -- Up-to-date symlink: /home/hornet/Desktop/pathfollowingbot/install/mobile_robot/share/mobile_robot/model/.venv/lib/python3.12/site-packages/pip/_internal/utils/compat.py
[1.810s] -- Up-to-date symlink: /home/hornet/Desktop/pathfollowingbot/install/mobile_robot/share/mobile_robot/model/.venv/lib/python3.12/site-packages/pip/_internal/utils/compatibility_tags.py
[1.810s] -- Up-to-date symlink: /home/hornet/Desktop/pathfollowingbot/install/mobile_robot/share/mobile_robot/model/.venv/lib/python3.12/site-packages/pip/_internal/utils/datetime.py
[1.811s] -- Up-to-date symlink: /home/hornet/Desktop/pathfollowingbot/install/mobile_robot/share/mobile_robot/model/.venv/lib/python3.12/site-packages/pip/_internal/utils/deprecation.py
[1.811s] -- Up-to-date symlink: /home/hornet/Desktop/pathfollowingbot/install/mobile_robot/share/mobile_robot/model/.venv/lib/python3.12/site-packages/pip/_internal/utils/direct_url_helpers.py
[1.811s] -- Up-to-date symlink: /home/hornet/Desktop/pathfollowingbot/install/mobile_robot/share/mobile_robot/model/.venv/lib/python3.12/site-packages/pip/_internal/utils/egg_link.py
[1.811s] -- Up-to-date symlink: /home/hornet/Desktop/pathfollowingbot/install/mobile_robot/share/mobile_robot/model/.venv/lib/python3.12/site-packages/pip/_internal/utils/entrypoints.py
[1.811s] -- Up-to-date symlink: /home/hornet/Desktop/pathfollowingbot/install/mobile_robot/share/mobile_robot/model/.venv/lib/python3.12/site-packages/pip/_internal/utils/filesystem.py
[1.811s] -- Up-to-date symlink: /home/hornet/Desktop/pathfollowingbot/install/mobile_robot/share/mobile_robot/model/.venv/lib/python3.12/site-packages/pip/_internal/utils/filetypes.py
[1.811s] -- Up-to-date symlink: /home/hornet/Desktop/pathfollowingbot/install/mobile_robot/share/mobile_robot/model/.venv/lib/python3.12/site-packages/pip/_internal/utils/glibc.py
[1.811s] -- Up-to-date symlink: /home/hornet/Desktop/pathfollowingbot/install/mobile_robot/share/mobile_robot/model/.venv/lib/python3.12/site-packages/pip/_internal/utils/hashes.py
[1.811s] -- Up-to-date symlink: /home/hornet/Desktop/pathfollowingbot/install/mobile_robot/share/mobile_robot/model/.venv/lib/python3.12/site-packages/pip/_internal/utils/logging.py
[1.811s] -- Up-to-date symlink: /home/hornet/Desktop/pathfollowingbot/install/mobile_robot/share/mobile_robot/model/.venv/lib/python3.12/site-packages/pip/_internal/utils/misc.py
[1.811s] -- Up-to-date symlink: /home/hornet/Desktop/pathfollowingbot/install/mobile_robot/share/mobile_robot/model/.venv/lib/python3.12/site-packages/pip/_internal/utils/packaging.py
[1.811s] -- Up-to-date symlink: /home/hornet/Desktop/pathfollowingbot/install/mobile_robot/share/mobile_robot/model/.venv/lib/python3.12/site-packages/pip/_internal/utils/retry.py
[1.811s] -- Up-to-date symlink: /home/hornet/Desktop/pathfollowingbot/install/mobile_robot/share/mobile_robot/model/.venv/lib/python3.12/site-packages/pip/_internal/utils/subprocess.py
[1.811s] -- Up-to-date symlink: /home/hornet/Desktop/pathfollowingbot/install/mobile_robot/share/mobile_robot/model/.venv/lib/python3.12/site-packages/pip/_internal/utils/temp_dir.py
[1.811s] -- Up-to-date symlink: /home/hornet/Desktop/pathfollowingbot/install/mobile_robot/share/mobile_robot/model/.venv/lib/python3.12/site-packages/pip/_internal/utils/unpacking.py
[1.812s] -- Up-to-date symlink: /home/hornet/Desktop/pathfollowingbot/install/mobile_robot/share/mobile_robot/model/.venv/lib/python3.12/site-packages/pip/_internal/utils/urls.py
[1.812s] -- Up-to-date symlink: /home/hornet/Desktop/pathfollowingbot/install/mobile_robot/share/mobile_robot/model/.venv/lib/python3.12/site-packages/pip/_internal/utils/virtualenv.py
[1.812s] -- Up-to-date symlink: /home/hornet/Desktop/pathfollowingbot/install/mobile_robot/share/mobile_robot/model/.venv/lib/python3.12/site-packages/pip/_internal/utils/wheel.py
[1.812s] -- Up-to-date symlink: /home/hornet/Desktop/pathfollowingbot/install/mobile_robot/share/mobile_robot/model/.venv/lib/python3.12/site-packages/pip/_internal/vcs/__init__.py
[1.812s] -- Up-to-date symlink: /home/hornet/Desktop/pathfollowingbot/install/mobile_robot/share/mobile_robot/model/.venv/lib/python3.12/site-packages/pip/_internal/vcs/__pycache__/__init__.cpython-312.pyc
[1.812s] -- Up-to-date symlink: /home/hornet/Desktop/pathfollowingbot/install/mobile_robot/share/mobile_robot/model/.venv/lib/python3.12/site-packages/pip/_internal/vcs/__pycache__/bazaar.cpython-312.pyc
[1.812s] -- Up-to-date symlink: /home/hornet/Desktop/pathfollowingbot/install/mobile_robot/share/mobile_robot/model/.venv/lib/python3.12/site-packages/pip/_internal/vcs/__pycache__/git.cpython-312.pyc
[1.812s] -- Up-to-date symlink: /home/hornet/Desktop/pathfollowingbot/install/mobile_robot/share/mobile_robot/model/.venv/lib/python3.12/site-packages/pip/_internal/vcs/__pycache__/mercurial.cpython-312.pyc
[1.812s] -- Up-to-date symlink: /home/hornet/Desktop/pathfollowingbot/install/mobile_robot/share/mobile_robot/model/.venv/lib/python3.12/site-packages/pip/_internal/vcs/__pycache__/subversion.cpython-312.pyc
[1.813s] -- Up-to-date symlink: /home/hornet/Desktop/pathfollowingbot/install/mobile_robot/share/mobile_robot/model/.venv/lib/python3.12/site-packages/pip/_internal/vcs/__pycache__/versioncontrol.cpython-312.pyc
[1.813s] -- Up-to-date symlink: /home/hornet/Desktop/pathfollowingbot/install/mobile_robot/share/mobile_robot/model/.venv/lib/python3.12/site-packages/pip/_internal/vcs/bazaar.py
[1.813s] -- Up-to-date symlink: /home/hornet/Desktop/pathfollowingbot/install/mobile_robot/share/mobile_robot/model/.venv/lib/python3.12/site-packages/pip/_internal/vcs/git.py
[1.813s] -- Up-to-date symlink: /home/hornet/Desktop/pathfollowingbot/install/mobile_robot/share/mobile_robot/model/.venv/lib/python3.12/site-packages/pip/_internal/vcs/mercurial.py
[1.813s] -- Up-to-date symlink: /home/hornet/Desktop/pathfollowingbot/install/mobile_robot/share/mobile_robot/model/.venv/lib/python3.12/site-packages/pip/_internal/vcs/subversion.py
[1.813s] -- Up-to-date symlink: /home/hornet/Desktop/pathfollowingbot/install/mobile_robot/share/mobile_robot/model/.venv/lib/python3.12/site-packages/pip/_internal/vcs/versioncontrol.py
[1.814s] -- Up-to-date symlink: /home/hornet/Desktop/pathfollowingbot/install/mobile_robot/share/mobile_robot/model/.venv/lib/python3.12/site-packages/pip/_internal/wheel_builder.py
[1.814s] -- Up-to-date symlink: /home/hornet/Desktop/pathfollowingbot/install/mobile_robot/share/mobile_robot/model/.venv/lib/python3.12/site-packages/pip/_vendor/README.rst
[1.814s] -- Up-to-date symlink: /home/hornet/Desktop/pathfollowingbot/install/mobile_robot/share/mobile_robot/model/.venv/lib/python3.12/site-packages/pip/_vendor/__init__.py
[1.814s] -- Up-to-date symlink: /home/hornet/Desktop/pathfollowingbot/install/mobile_robot/share/mobile_robot/model/.venv/lib/python3.12/site-packages/pip/_vendor/__pycache__/__init__.cpython-312.pyc
[1.814s] -- Up-to-date symlink: /home/hornet/Desktop/pathfollowingbot/install/mobile_robot/share/mobile_robot/model/.venv/lib/python3.12/site-packages/pip/_vendor/cachecontrol/LICENSE.txt
[1.814s] -- Up-to-date symlink: /home/hornet/Desktop/pathfollowingbot/install/mobile_robot/share/mobile_robot/model/.venv/lib/python3.12/site-packages/pip/_vendor/cachecontrol/__init__.py
[1.814s] -- Up-to-date symlink: /home/hornet/Desktop/pathfollowingbot/install/mobile_robot/share/mobile_robot/model/.venv/lib/python3.12/site-packages/pip/_vendor/cachecontrol/__pycache__/__init__.cpython-312.pyc
[1.815s] -- Up-to-date symlink: /home/hornet/Desktop/pathfollowingbot/install/mobile_robot/share/mobile_robot/model/.venv/lib/python3.12/site-packages/pip/_vendor/cachecontrol/__pycache__/_cmd.cpython-312.pyc
[1.815s] -- Up-to-date symlink: /home/hornet/Desktop/pathfollowingbot/install/mobile_robot/share/mobile_robot/model/.venv/lib/python3.12/site-packages/pip/_vendor/cachecontrol/__pycache__/adapter.cpython-312.pyc
[1.815s] -- Up-to-date symlink: /home/hornet/Desktop/pathfollowingbot/install/mobile_robot/share/mobile_robot/model/.venv/lib/python3.12/site-packages/pip/_vendor/cachecontrol/__pycache__/cache.cpython-312.pyc
[1.815s] -- Up-to-date symlink: /home/hornet/Desktop/pathfollowingbot/install/mobile_robot/share/mobile_robot/model/.venv/lib/python3.12/site-packages/pip/_vendor/cachecontrol/__pycache__/controller.cpython-312.pyc
[1.815s] -- Up-to-date symlink: /home/hornet/Desktop/pathfollowingbot/install/mobile_robot/share/mobile_robot/model/.venv/lib/python3.12/site-packages/pip/_vendor/cachecontrol/__pycache__/filewrapper.cpython-312.pyc
[1.815s] -- Up-to-date symlink: /home/hornet/Desktop/pathfollowingbot/install/mobile_robot/share/mobile_robot/model/.venv/lib/python3.12/site-packages/pip/_vendor/cachecontrol/__pycache__/heuristics.cpython-312.pyc
[1.816s] -- Up-to-date symlink: /home/hornet/Desktop/pathfollowingbot/install/mobile_robot/share/mobile_robot/model/.venv/lib/python3.12/site-packages/pip/_vendor/cachecontrol/__pycache__/serialize.cpython-312.pyc
[1.816s] -- Up-to-date symlink: /home/hornet/Desktop/pathfollowingbot/install/mobile_robot/share/mobile_robot/model/.venv/lib/python3.12/site-packages/pip/_vendor/cachecontrol/__pycache__/wrapper.cpython-312.pyc
[1.816s] -- Up-to-date symlink: /home/hornet/Desktop/pathfollowingbot/install/mobile_robot/share/mobile_robot/model/.venv/lib/python3.12/site-packages/pip/_vendor/cachecontrol/_cmd.py
[1.817s] -- Up-to-date symlink: /home/hornet/Desktop/pathfollowingbot/install/mobile_robot/share/mobile_robot/model/.venv/lib/python3.12/site-packages/pip/_vendor/cachecontrol/adapter.py
[1.817s] -- Up-to-date symlink: /home/hornet/Desktop/pathfollowingbot/install/mobile_robot/share/mobile_robot/model/.venv/lib/python3.12/site-packages/pip/_vendor/cachecontrol/cache.py
[1.817s] -- Up-to-date symlink: /home/hornet/Desktop/pathfollowingbot/install/mobile_robot/share/mobile_robot/model/.venv/lib/python3.12/site-packages/pip/_vendor/cachecontrol/caches/__init__.py
[1.817s] -- Up-to-date symlink: /home/hornet/Desktop/pathfollowingbot/install/mobile_robot/share/mobile_robot/model/.venv/lib/python3.12/site-packages/pip/_vendor/cachecontrol/caches/__pycache__/__init__.cpython-312.pyc
[1.817s] -- Up-to-date symlink: /home/hornet/Desktop/pathfollowingbot/install/mobile_robot/share/mobile_robot/model/.venv/lib/python3.12/site-packages/pip/_vendor/cachecontrol/caches/__pycache__/file_cache.cpython-312.pyc
[1.817s] -- Up-to-date symlink: /home/hornet/Desktop/pathfollowingbot/install/mobile_robot/share/mobile_robot/model/.venv/lib/python3.12/site-packages/pip/_vendor/cachecontrol/caches/__pycache__/redis_cache.cpython-312.pyc
[1.817s] -- Up-to-date symlink: /home/hornet/Desktop/pathfollowingbot/install/mobile_robot/share/mobile_robot/model/.venv/lib/python3.12/site-packages/pip/_vendor/cachecontrol/caches/file_cache.py
[1.818s] -- Up-to-date symlink: /home/hornet/Desktop/pathfollowingbot/install/mobile_robot/share/mobile_robot/model/.venv/lib/python3.12/site-packages/pip/_vendor/cachecontrol/caches/redis_cache.py
[1.818s] -- Up-to-date symlink: /home/hornet/Desktop/pathfollowingbot/install/mobile_robot/share/mobile_robot/model/.venv/lib/python3.12/site-packages/pip/_vendor/cachecontrol/controller.py
[1.818s] -- Up-to-date symlink: /home/hornet/Desktop/pathfollowingbot/install/mobile_robot/share/mobile_robot/model/.venv/lib/python3.12/site-packages/pip/_vendor/cachecontrol/filewrapper.py
[1.818s] -- Up-to-date symlink: /home/hornet/Desktop/pathfollowingbot/install/mobile_robot/share/mobile_robot/model/.venv/lib/python3.12/site-packages/pip/_vendor/cachecontrol/heuristics.py
[1.818s] -- Up-to-date symlink: /home/hornet/Desktop/pathfollowingbot/install/mobile_robot/share/mobile_robot/model/.venv/lib/python3.12/site-packages/pip/_vendor/cachecontrol/py.typed
[1.818s] -- Up-to-date symlink: /home/hornet/Desktop/pathfollowingbot/install/mobile_robot/share/mobile_robot/model/.venv/lib/python3.12/site-packages/pip/_vendor/cachecontrol/serialize.py
[1.819s] -- Up-to-date symlink: /home/hornet/Desktop/pathfollowingbot/install/mobile_robot/share/mobile_robot/model/.venv/lib/python3.12/site-packages/pip/_vendor/cachecontrol/wrapper.py
[1.819s] -- Up-to-date symlink: /home/hornet/Desktop/pathfollowingbot/install/mobile_robot/share/mobile_robot/model/.venv/lib/python3.12/site-packages/pip/_vendor/certifi/LICENSE
[1.819s] -- Up-to-date symlink: /home/hornet/Desktop/pathfollowingbot/install/mobile_robot/share/mobile_robot/model/.venv/lib/python3.12/site-packages/pip/_vendor/certifi/__init__.py
[1.819s] -- Up-to-date symlink: /home/hornet/Desktop/pathfollowingbot/install/mobile_robot/share/mobile_robot/model/.venv/lib/python3.12/site-packages/pip/_vendor/certifi/__main__.py
[1.819s] -- Up-to-date symlink: /home/hornet/Desktop/pathfollowingbot/install/mobile_robot/share/mobile_robot/model/.venv/lib/python3.12/site-packages/pip/_vendor/certifi/__pycache__/__init__.cpython-312.pyc
[1.819s] -- Up-to-date symlink: /home/hornet/Desktop/pathfollowingbot/install/mobile_robot/share/mobile_robot/model/.venv/lib/python3.12/site-packages/pip/_vendor/certifi/__pycache__/__main__.cpython-312.pyc
[1.820s] -- Up-to-date symlink: /home/hornet/Desktop/pathfollowingbot/install/mobile_robot/share/mobile_robot/model/.venv/lib/python3.12/site-packages/pip/_vendor/certifi/__pycache__/core.cpython-312.pyc
[1.820s] -- Up-to-date symlink: /home/hornet/Desktop/pathfollowingbot/install/mobile_robot/share/mobile_robot/model/.venv/lib/python3.12/site-packages/pip/_vendor/certifi/cacert.pem
[1.820s] -- Up-to-date symlink: /home/hornet/Desktop/pathfollowingbot/install/mobile_robot/share/mobile_robot/model/.venv/lib/python3.12/site-packages/pip/_vendor/certifi/core.py
[1.820s] -- Up-to-date symlink: /home/hornet/Desktop/pathfollowingbot/install/mobile_robot/share/mobile_robot/model/.venv/lib/python3.12/site-packages/pip/_vendor/certifi/py.typed
[1.820s] -- Up-to-date symlink: /home/hornet/Desktop/pathfollowingbot/install/mobile_robot/share/mobile_robot/model/.venv/lib/python3.12/site-packages/pip/_vendor/dependency_groups/LICENSE.txt
[1.820s] -- Up-to-date symlink: /home/hornet/Desktop/pathfollowingbot/install/mobile_robot/share/mobile_robot/model/.venv/lib/python3.12/site-packages/pip/_vendor/dependency_groups/__init__.py
[1.820s] -- Up-to-date symlink: /home/hornet/Desktop/pathfollowingbot/install/mobile_robot/share/mobile_robot/model/.venv/lib/python3.12/site-packages/pip/_vendor/dependency_groups/__main__.py
[1.821s] -- Up-to-date symlink: /home/hornet/Desktop/pathfollowingbot/install/mobile_robot/share/mobile_robot/model/.venv/lib/python3.12/site-packages/pip/_vendor/dependency_groups/__pycache__/__init__.cpython-312.pyc
[1.821s] -- Up-to-date symlink: /home/hornet/Desktop/pathfollowingbot/install/mobile_robot/share/mobile_robot/model/.venv/lib/python3.12/site-packages/pip/_vendor/dependency_groups/__pycache__/__main__.cpython-312.pyc
[1.821s] -- Up-to-date symlink: /home/hornet/Desktop/pathfollowingbot/install/mobile_robot/share/mobile_robot/model/.venv/lib/python3.12/site-packages/pip/_vendor/dependency_groups/__pycache__/_implementation.cpython-312.pyc
[1.821s] -- Up-to-date symlink: /home/hornet/Desktop/pathfollowingbot/install/mobile_robot/share/mobile_robot/model/.venv/lib/python3.12/site-packages/pip/_vendor/dependency_groups/__pycache__/_lint_dependency_groups.cpython-312.pyc
[1.821s] -- Up-to-date symlink: /home/hornet/Desktop/pathfollowingbot/install/mobile_robot/share/mobile_robot/model/.venv/lib/python3.12/site-packages/pip/_vendor/dependency_groups/__pycache__/_pip_wrapper.cpython-312.pyc
[1.821s] -- Up-to-date symlink: /home/hornet/Desktop/pathfollowingbot/install/mobile_robot/share/mobile_robot/model/.venv/lib/python3.12/site-packages/pip/_vendor/dependency_groups/__pycache__/_toml_compat.cpython-312.pyc
[1.822s] -- Up-to-date symlink: /home/hornet/Desktop/pathfollowingbot/install/mobile_robot/share/mobile_robot/model/.venv/lib/python3.12/site-packages/pip/_vendor/dependency_groups/_implementation.py
[1.822s] -- Up-to-date symlink: /home/hornet/Desktop/pathfollowingbot/install/mobile_robot/share/mobile_robot/model/.venv/lib/python3.12/site-packages/pip/_vendor/dependency_groups/_lint_dependency_groups.py
[1.822s] -- Up-to-date symlink: /home/hornet/Desktop/pathfollowingbot/install/mobile_robot/share/mobile_robot/model/.venv/lib/python3.12/site-packages/pip/_vendor/dependency_groups/_pip_wrapper.py
[1.823s] -- Up-to-date symlink: /home/hornet/Desktop/pathfollowingbot/install/mobile_robot/share/mobile_robot/model/.venv/lib/python3.12/site-packages/pip/_vendor/dependency_groups/_toml_compat.py
[1.823s] -- Up-to-date symlink: /home/hornet/Desktop/pathfollowingbot/install/mobile_robot/share/mobile_robot/model/.venv/lib/python3.12/site-packages/pip/_vendor/dependency_groups/py.typed
[1.823s] -- Up-to-date symlink: /home/hornet/Desktop/pathfollowingbot/install/mobile_robot/share/mobile_robot/model/.venv/lib/python3.12/site-packages/pip/_vendor/distlib/LICENSE.txt
[1.823s] -- Up-to-date symlink: /home/hornet/Desktop/pathfollowingbot/install/mobile_robot/share/mobile_robot/model/.venv/lib/python3.12/site-packages/pip/_vendor/distlib/__init__.py
[1.824s] -- Up-to-date symlink: /home/hornet/Desktop/pathfollowingbot/install/mobile_robot/share/mobile_robot/model/.venv/lib/python3.12/site-packages/pip/_vendor/distlib/__pycache__/__init__.cpython-312.pyc
[1.824s] -- Up-to-date symlink: /home/hornet/Desktop/pathfollowingbot/install/mobile_robot/share/mobile_robot/model/.venv/lib/python3.12/site-packages/pip/_vendor/distlib/__pycache__/compat.cpython-312.pyc
[1.824s] -- Up-to-date symlink: /home/hornet/Desktop/pathfollowingbot/install/mobile_robot/share/mobile_robot/model/.venv/lib/python3.12/site-packages/pip/_vendor/distlib/__pycache__/resources.cpython-312.pyc
[1.824s] -- Up-to-date symlink: /home/hornet/Desktop/pathfollowingbot/install/mobile_robot/share/mobile_robot/model/.venv/lib/python3.12/site-packages/pip/_vendor/distlib/__pycache__/scripts.cpython-312.pyc
[1.824s] -- Up-to-date symlink: /home/hornet/Desktop/pathfollowingbot/install/mobile_robot/share/mobile_robot/model/.venv/lib/python3.12/site-packages/pip/_vendor/distlib/__pycache__/util.cpython-312.pyc
[1.824s] -- Up-to-date symlink: /home/hornet/Desktop/pathfollowingbot/install/mobile_robot/share/mobile_robot/model/.venv/lib/python3.12/site-packages/pip/_vendor/distlib/compat.py
[1.825s] -- Up-to-date symlink: /home/hornet/Desktop/pathfollowingbot/install/mobile_robot/share/mobile_robot/model/.venv/lib/python3.12/site-packages/pip/_vendor/distlib/resources.py
[1.825s] -- Up-to-date symlink: /home/hornet/Desktop/pathfollowingbot/install/mobile_robot/share/mobile_robot/model/.venv/lib/python3.12/site-packages/pip/_vendor/distlib/scripts.py
[1.825s] -- Up-to-date symlink: /home/hornet/Desktop/pathfollowingbot/install/mobile_robot/share/mobile_robot/model/.venv/lib/python3.12/site-packages/pip/_vendor/distlib/t32.exe
[1.825s] -- Up-to-date symlink: /home/hornet/Desktop/pathfollowingbot/install/mobile_robot/share/mobile_robot/model/.venv/lib/python3.12/site-packages/pip/_vendor/distlib/t64-arm.exe
[1.825s] -- Up-to-date symlink: /home/hornet/Desktop/pathfollowingbot/install/mobile_robot/share/mobile_robot/model/.venv/lib/python3.12/site-packages/pip/_vendor/distlib/t64.exe
[1.825s] -- Up-to-date symlink: /home/hornet/Desktop/pathfollowingbot/install/mobile_robot/share/mobile_robot/model/.venv/lib/python3.12/site-packages/pip/_vendor/distlib/util.py
[1.826s] -- Up-to-date symlink: /home/hornet/Desktop/pathfollowingbot/install/mobile_robot/share/mobile_robot/model/.venv/lib/python3.12/site-packages/pip/_vendor/distlib/w32.exe
[1.826s] -- Up-to-date symlink: /home/hornet/Desktop/pathfollowingbot/install/mobile_robot/share/mobile_robot/model/.venv/lib/python3.12/site-packages/pip/_vendor/distlib/w64-arm.exe
[1.826s] -- Up-to-date symlink: /home/hornet/Desktop/pathfollowingbot/install/mobile_robot/share/mobile_robot/model/.venv/lib/python3.12/site-packages/pip/_vendor/distlib/w64.exe
[1.826s] -- Up-to-date symlink: /home/hornet/Desktop/pathfollowingbot/install/mobile_robot/share/mobile_robot/model/.venv/lib/python3.12/site-packages/pip/_vendor/distro/LICENSE
[1.826s] -- Up-to-date symlink: /home/hornet/Desktop/pathfollowingbot/install/mobile_robot/share/mobile_robot/model/.venv/lib/python3.12/site-packages/pip/_vendor/distro/__init__.py
[1.826s] -- Up-to-date symlink: /home/hornet/Desktop/pathfollowingbot/install/mobile_robot/share/mobile_robot/model/.venv/lib/python3.12/site-packages/pip/_vendor/distro/__main__.py
[1.827s] -- Up-to-date symlink: /home/hornet/Desktop/pathfollowingbot/install/mobile_robot/share/mobile_robot/model/.venv/lib/python3.12/site-packages/pip/_vendor/distro/__pycache__/__init__.cpython-312.pyc
[1.827s] -- Up-to-date symlink: /home/hornet/Desktop/pathfollowingbot/install/mobile_robot/share/mobile_robot/model/.venv/lib/python3.12/site-packages/pip/_vendor/distro/__pycache__/__main__.cpython-312.pyc
[1.827s] -- Up-to-date symlink: /home/hornet/Desktop/pathfollowingbot/install/mobile_robot/share/mobile_robot/model/.venv/lib/python3.12/site-packages/pip/_vendor/distro/__pycache__/distro.cpython-312.pyc
[1.827s] -- Up-to-date symlink: /home/hornet/Desktop/pathfollowingbot/install/mobile_robot/share/mobile_robot/model/.venv/lib/python3.12/site-packages/pip/_vendor/distro/distro.py
[1.827s] -- Up-to-date symlink: /home/hornet/Desktop/pathfollowingbot/install/mobile_robot/share/mobile_robot/model/.venv/lib/python3.12/site-packages/pip/_vendor/distro/py.typed
[1.827s] -- Up-to-date symlink: /home/hornet/Desktop/pathfollowingbot/install/mobile_robot/share/mobile_robot/model/.venv/lib/python3.12/site-packages/pip/_vendor/idna/LICENSE.md
[1.827s] -- Up-to-date symlink: /home/hornet/Desktop/pathfollowingbot/install/mobile_robot/share/mobile_robot/model/.venv/lib/python3.12/site-packages/pip/_vendor/idna/__init__.py
[1.828s] -- Up-to-date symlink: /home/hornet/Desktop/pathfollowingbot/install/mobile_robot/share/mobile_robot/model/.venv/lib/python3.12/site-packages/pip/_vendor/idna/__pycache__/__init__.cpython-312.pyc
[1.828s] -- Up-to-date symlink: /home/hornet/Desktop/pathfollowingbot/install/mobile_robot/share/mobile_robot/model/.venv/lib/python3.12/site-packages/pip/_vendor/idna/__pycache__/codec.cpython-312.pyc
[1.828s] -- Up-to-date symlink: /home/hornet/Desktop/pathfollowingbot/install/mobile_robot/share/mobile_robot/model/.venv/lib/python3.12/site-packages/pip/_vendor/idna/__pycache__/compat.cpython-312.pyc
[1.828s] -- Up-to-date symlink: /home/hornet/Desktop/pathfollowingbot/install/mobile_robot/share/mobile_robot/model/.venv/lib/python3.12/site-packages/pip/_vendor/idna/__pycache__/core.cpython-312.pyc
[1.828s] -- Up-to-date symlink: /home/hornet/Desktop/pathfollowingbot/install/mobile_robot/share/mobile_robot/model/.venv/lib/python3.12/site-packages/pip/_vendor/idna/__pycache__/idnadata.cpython-312.pyc
[1.828s] -- Up-to-date symlink: /home/hornet/Desktop/pathfollowingbot/install/mobile_robot/share/mobile_robot/model/.venv/lib/python3.12/site-packages/pip/_vendor/idna/__pycache__/intranges.cpython-312.pyc
[1.828s] -- Up-to-date symlink: /home/hornet/Desktop/pathfollowingbot/install/mobile_robot/share/mobile_robot/model/.venv/lib/python3.12/site-packages/pip/_vendor/idna/__pycache__/package_data.cpython-312.pyc
[1.829s] -- Up-to-date symlink: /home/hornet/Desktop/pathfollowingbot/install/mobile_robot/share/mobile_robot/model/.venv/lib/python3.12/site-packages/pip/_vendor/idna/__pycache__/uts46data.cpython-312.pyc
[1.829s] -- Up-to-date symlink: /home/hornet/Desktop/pathfollowingbot/install/mobile_robot/share/mobile_robot/model/.venv/lib/python3.12/site-packages/pip/_vendor/idna/codec.py
[1.829s] -- Up-to-date symlink: /home/hornet/Desktop/pathfollowingbot/install/mobile_robot/share/mobile_robot/model/.venv/lib/python3.12/site-packages/pip/_vendor/idna/compat.py
[1.829s] -- Up-to-date symlink: /home/hornet/Desktop/pathfollowingbot/install/mobile_robot/share/mobile_robot/model/.venv/lib/python3.12/site-packages/pip/_vendor/idna/core.py
[1.829s] -- Up-to-date symlink: /home/hornet/Desktop/pathfollowingbot/install/mobile_robot/share/mobile_robot/model/.venv/lib/python3.12/site-packages/pip/_vendor/idna/idnadata.py
[1.829s] -- Up-to-date symlink: /home/hornet/Desktop/pathfollowingbot/install/mobile_robot/share/mobile_robot/model/.venv/lib/python3.12/site-packages/pip/_vendor/idna/intranges.py
[1.830s] -- Up-to-date symlink: /home/hornet/Desktop/pathfollowingbot/install/mobile_robot/share/mobile_robot/model/.venv/lib/python3.12/site-packages/pip/_vendor/idna/package_data.py
[1.830s] -- Up-to-date symlink: /home/hornet/Desktop/pathfollowingbot/install/mobile_robot/share/mobile_robot/model/.venv/lib/python3.12/site-packages/pip/_vendor/idna/py.typed
[1.830s] -- Up-to-date symlink: /home/hornet/Desktop/pathfollowingbot/install/mobile_robot/share/mobile_robot/model/.venv/lib/python3.12/site-packages/pip/_vendor/idna/uts46data.py
[1.830s] -- Up-to-date symlink: /home/hornet/Desktop/pathfollowingbot/install/mobile_robot/share/mobile_robot/model/.venv/lib/python3.12/site-packages/pip/_vendor/msgpack/COPYING
[1.830s] -- Up-to-date symlink: /home/hornet/Desktop/pathfollowingbot/install/mobile_robot/share/mobile_robot/model/.venv/lib/python3.12/site-packages/pip/_vendor/msgpack/__init__.py
[1.831s] -- Up-to-date symlink: /home/hornet/Desktop/pathfollowingbot/install/mobile_robot/share/mobile_robot/model/.venv/lib/python3.12/site-packages/pip/_vendor/msgpack/__pycache__/__init__.cpython-312.pyc
[1.831s] -- Up-to-date symlink: /home/hornet/Desktop/pathfollowingbot/install/mobile_robot/share/mobile_robot/model/.venv/lib/python3.12/site-packages/pip/_vendor/msgpack/__pycache__/exceptions.cpython-312.pyc
[1.831s] -- Up-to-date symlink: /home/hornet/Desktop/pathfollowingbot/install/mobile_robot/share/mobile_robot/model/.venv/lib/python3.12/site-packages/pip/_vendor/msgpack/__pycache__/ext.cpython-312.pyc
[1.831s] -- Up-to-date symlink: /home/hornet/Desktop/pathfollowingbot/install/mobile_robot/share/mobile_robot/model/.venv/lib/python3.12/site-packages/pip/_vendor/msgpack/__pycache__/fallback.cpython-312.pyc
[1.831s] -- Up-to-date symlink: /home/hornet/Desktop/pathfollowingbot/install/mobile_robot/share/mobile_robot/model/.venv/lib/python3.12/site-packages/pip/_vendor/msgpack/exceptions.py
[1.831s] -- Up-to-date symlink: /home/hornet/Desktop/pathfollowingbot/install/mobile_robot/share/mobile_robot/model/.venv/lib/python3.12/site-packages/pip/_vendor/msgpack/ext.py
[1.832s] -- Up-to-date symlink: /home/hornet/Desktop/pathfollowingbot/install/mobile_robot/share/mobile_robot/model/.venv/lib/python3.12/site-packages/pip/_vendor/msgpack/fallback.py
[1.832s] -- Up-to-date symlink: /home/hornet/Desktop/pathfollowingbot/install/mobile_robot/share/mobile_robot/model/.venv/lib/python3.12/site-packages/pip/_vendor/packaging/LICENSE
[1.832s] -- Up-to-date symlink: /home/hornet/Desktop/pathfollowingbot/install/mobile_robot/share/mobile_robot/model/.venv/lib/python3.12/site-packages/pip/_vendor/packaging/LICENSE.APACHE
[1.832s] -- Up-to-date symlink: /home/hornet/Desktop/pathfollowingbot/install/mobile_robot/share/mobile_robot/model/.venv/lib/python3.12/site-packages/pip/_vendor/packaging/LICENSE.BSD
[1.832s] -- Up-to-date symlink: /home/hornet/Desktop/pathfollowingbot/install/mobile_robot/share/mobile_robot/model/.venv/lib/python3.12/site-packages/pip/_vendor/packaging/__init__.py
[1.832s] -- Up-to-date symlink: /home/hornet/Desktop/pathfollowingbot/install/mobile_robot/share/mobile_robot/model/.venv/lib/python3.12/site-packages/pip/_vendor/packaging/__pycache__/__init__.cpython-312.pyc
[1.833s] -- Up-to-date symlink: /home/hornet/Desktop/pathfollowingbot/install/mobile_robot/share/mobile_robot/model/.venv/lib/python3.12/site-packages/pip/_vendor/packaging/__pycache__/_elffile.cpython-312.pyc
[1.833s] -- Up-to-date symlink: /home/hornet/Desktop/pathfollowingbot/install/mobile_robot/share/mobile_robot/model/.venv/lib/python3.12/site-packages/pip/_vendor/packaging/__pycache__/_manylinux.cpython-312.pyc
[1.833s] -- Up-to-date symlink: /home/hornet/Desktop/pathfollowingbot/install/mobile_robot/share/mobile_robot/model/.venv/lib/python3.12/site-packages/pip/_vendor/packaging/__pycache__/_musllinux.cpython-312.pyc
[1.833s] -- Up-to-date symlink: /home/hornet/Desktop/pathfollowingbot/install/mobile_robot/share/mobile_robot/model/.venv/lib/python3.12/site-packages/pip/_vendor/packaging/__pycache__/_parser.cpython-312.pyc
[1.833s] -- Up-to-date symlink: /home/hornet/Desktop/pathfollowingbot/install/mobile_robot/share/mobile_robot/model/.venv/lib/python3.12/site-packages/pip/_vendor/packaging/__pycache__/_structures.cpython-312.pyc
[1.833s] -- Up-to-date symlink: /home/hornet/Desktop/pathfollowingbot/install/mobile_robot/share/mobile_robot/model/.venv/lib/python3.12/site-packages/pip/_vendor/packaging/__pycache__/_tokenizer.cpython-312.pyc
[1.833s] -- Up-to-date symlink: /home/hornet/Desktop/pathfollowingbot/install/mobile_robot/share/mobile_robot/model/.venv/lib/python3.12/site-packages/pip/_vendor/packaging/__pycache__/markers.cpython-312.pyc
[1.834s] -- Up-to-date symlink: /home/hornet/Desktop/pathfollowingbot/install/mobile_robot/share/mobile_robot/model/.venv/lib/python3.12/site-packages/pip/_vendor/packaging/__pycache__/metadata.cpython-312.pyc
[1.834s] -- Up-to-date symlink: /home/hornet/Desktop/pathfollowingbot/install/mobile_robot/share/mobile_robot/model/.venv/lib/python3.12/site-packages/pip/_vendor/packaging/__pycache__/requirements.cpython-312.pyc
[1.834s] -- Up-to-date symlink: /home/hornet/Desktop/pathfollowingbot/install/mobile_robot/share/mobile_robot/model/.venv/lib/python3.12/site-packages/pip/_vendor/packaging/__pycache__/specifiers.cpython-312.pyc
[1.834s] -- Up-to-date symlink: /home/hornet/Desktop/pathfollowingbot/install/mobile_robot/share/mobile_robot/model/.venv/lib/python3.12/site-packages/pip/_vendor/packaging/__pycache__/tags.cpython-312.pyc
[1.834s] -- Up-to-date symlink: /home/hornet/Desktop/pathfollowingbot/install/mobile_robot/share/mobile_robot/model/.venv/lib/python3.12/site-packages/pip/_vendor/packaging/__pycache__/utils.cpython-312.pyc
[1.834s] -- Up-to-date symlink: /home/hornet/Desktop/pathfollowingbot/install/mobile_robot/share/mobile_robot/model/.venv/lib/python3.12/site-packages/pip/_vendor/packaging/__pycache__/version.cpython-312.pyc
[1.834s] -- Up-to-date symlink: /home/hornet/Desktop/pathfollowingbot/install/mobile_robot/share/mobile_robot/model/.venv/lib/python3.12/site-packages/pip/_vendor/packaging/_elffile.py
[1.834s] -- Up-to-date symlink: /home/hornet/Desktop/pathfollowingbot/install/mobile_robot/share/mobile_robot/model/.venv/lib/python3.12/site-packages/pip/_vendor/packaging/_manylinux.py
[1.835s] -- Up-to-date symlink: /home/hornet/Desktop/pathfollowingbot/install/mobile_robot/share/mobile_robot/model/.venv/lib/python3.12/site-packages/pip/_vendor/packaging/_musllinux.py
[1.835s] -- Up-to-date symlink: /home/hornet/Desktop/pathfollowingbot/install/mobile_robot/share/mobile_robot/model/.venv/lib/python3.12/site-packages/pip/_vendor/packaging/_parser.py
[1.835s] -- Up-to-date symlink: /home/hornet/Desktop/pathfollowingbot/install/mobile_robot/share/mobile_robot/model/.venv/lib/python3.12/site-packages/pip/_vendor/packaging/_structures.py
[1.835s] -- Up-to-date symlink: /home/hornet/Desktop/pathfollowingbot/install/mobile_robot/share/mobile_robot/model/.venv/lib/python3.12/site-packages/pip/_vendor/packaging/_tokenizer.py
[1.835s] -- Up-to-date symlink: /home/hornet/Desktop/pathfollowingbot/install/mobile_robot/share/mobile_robot/model/.venv/lib/python3.12/site-packages/pip/_vendor/packaging/licenses/__init__.py
[1.835s] -- Up-to-date symlink: /home/hornet/Desktop/pathfollowingbot/install/mobile_robot/share/mobile_robot/model/.venv/lib/python3.12/site-packages/pip/_vendor/packaging/licenses/__pycache__/__init__.cpython-312.pyc
[1.836s] -- Up-to-date symlink: /home/hornet/Desktop/pathfollowingbot/install/mobile_robot/share/mobile_robot/model/.venv/lib/python3.12/site-packages/pip/_vendor/packaging/licenses/__pycache__/_spdx.cpython-312.pyc
[1.836s] -- Up-to-date symlink: /home/hornet/Desktop/pathfollowingbot/install/mobile_robot/share/mobile_robot/model/.venv/lib/python3.12/site-packages/pip/_vendor/packaging/licenses/_spdx.py
[1.836s] -- Up-to-date symlink: /home/hornet/Desktop/pathfollowingbot/install/mobile_robot/share/mobile_robot/model/.venv/lib/python3.12/site-packages/pip/_vendor/packaging/markers.py
[1.836s] -- Up-to-date symlink: /home/hornet/Desktop/pathfollowingbot/install/mobile_robot/share/mobile_robot/model/.venv/lib/python3.12/site-packages/pip/_vendor/packaging/metadata.py
[1.836s] -- Up-to-date symlink: /home/hornet/Desktop/pathfollowingbot/install/mobile_robot/share/mobile_robot/model/.venv/lib/python3.12/site-packages/pip/_vendor/packaging/py.typed
[1.837s] -- Up-to-date symlink: /home/hornet/Desktop/pathfollowingbot/install/mobile_robot/share/mobile_robot/model/.venv/lib/python3.12/site-packages/pip/_vendor/packaging/requirements.py
[1.837s] -- Up-to-date symlink: /home/hornet/Desktop/pathfollowingbot/install/mobile_robot/share/mobile_robot/model/.venv/lib/python3.12/site-packages/pip/_vendor/packaging/specifiers.py
[1.837s] -- Up-to-date symlink: /home/hornet/Desktop/pathfollowingbot/install/mobile_robot/share/mobile_robot/model/.venv/lib/python3.12/site-packages/pip/_vendor/packaging/tags.py
[1.837s] -- Up-to-date symlink: /home/hornet/Desktop/pathfollowingbot/install/mobile_robot/share/mobile_robot/model/.venv/lib/python3.12/site-packages/pip/_vendor/packaging/utils.py
[1.837s] -- Up-to-date symlink: /home/hornet/Desktop/pathfollowingbot/install/mobile_robot/share/mobile_robot/model/.venv/lib/python3.12/site-packages/pip/_vendor/packaging/version.py
[1.838s] -- Up-to-date symlink: /home/hornet/Desktop/pathfollowingbot/install/mobile_robot/share/mobile_robot/model/.venv/lib/python3.12/site-packages/pip/_vendor/pkg_resources/LICENSE
[1.838s] -- Up-to-date symlink: /home/hornet/Desktop/pathfollowingbot/install/mobile_robot/share/mobile_robot/model/.venv/lib/python3.12/site-packages/pip/_vendor/pkg_resources/__init__.py
[1.838s] -- Up-to-date symlink: /home/hornet/Desktop/pathfollowingbot/install/mobile_robot/share/mobile_robot/model/.venv/lib/python3.12/site-packages/pip/_vendor/pkg_resources/__pycache__/__init__.cpython-312.pyc
[1.838s] -- Up-to-date symlink: /home/hornet/Desktop/pathfollowingbot/install/mobile_robot/share/mobile_robot/model/.venv/lib/python3.12/site-packages/pip/_vendor/platformdirs/LICENSE
[1.838s] -- Up-to-date symlink: /home/hornet/Desktop/pathfollowingbot/install/mobile_robot/share/mobile_robot/model/.venv/lib/python3.12/site-packages/pip/_vendor/platformdirs/__init__.py
[1.838s] -- Up-to-date symlink: /home/hornet/Desktop/pathfollowingbot/install/mobile_robot/share/mobile_robot/model/.venv/lib/python3.12/site-packages/pip/_vendor/platformdirs/__main__.py
[1.838s] -- Up-to-date symlink: /home/hornet/Desktop/pathfollowingbot/install/mobile_robot/share/mobile_robot/model/.venv/lib/python3.12/site-packages/pip/_vendor/platformdirs/__pycache__/__init__.cpython-312.pyc
[1.839s] -- Up-to-date symlink: /home/hornet/Desktop/pathfollowingbot/install/mobile_robot/share/mobile_robot/model/.venv/lib/python3.12/site-packages/pip/_vendor/platformdirs/__pycache__/__main__.cpython-312.pyc
[1.839s] -- Up-to-date symlink: /home/hornet/Desktop/pathfollowingbot/install/mobile_robot/share/mobile_robot/model/.venv/lib/python3.12/site-packages/pip/_vendor/platformdirs/__pycache__/android.cpython-312.pyc
[1.839s] -- Up-to-date symlink: /home/hornet/Desktop/pathfollowingbot/install/mobile_robot/share/mobile_robot/model/.venv/lib/python3.12/site-packages/pip/_vendor/platformdirs/__pycache__/api.cpython-312.pyc
[1.839s] -- Up-to-date symlink: /home/hornet/Desktop/pathfollowingbot/install/mobile_robot/share/mobile_robot/model/.venv/lib/python3.12/site-packages/pip/_vendor/platformdirs/__pycache__/macos.cpython-312.pyc
[1.839s] -- Up-to-date symlink: /home/hornet/Desktop/pathfollowingbot/install/mobile_robot/share/mobile_robot/model/.venv/lib/python3.12/site-packages/pip/_vendor/platformdirs/__pycache__/unix.cpython-312.pyc
[1.839s] -- Up-to-date symlink: /home/hornet/Desktop/pathfollowingbot/install/mobile_robot/share/mobile_robot/model/.venv/lib/python3.12/site-packages/pip/_vendor/platformdirs/__pycache__/version.cpython-312.pyc
[1.839s] -- Up-to-date symlink: /home/hornet/Desktop/pathfollowingbot/install/mobile_robot/share/mobile_robot/model/.venv/lib/python3.12/site-packages/pip/_vendor/platformdirs/__pycache__/windows.cpython-312.pyc
[1.839s] -- Up-to-date symlink: /home/hornet/Desktop/pathfollowingbot/install/mobile_robot/share/mobile_robot/model/.venv/lib/python3.12/site-packages/pip/_vendor/platformdirs/android.py
[1.840s] -- Up-to-date symlink: /home/hornet/Desktop/pathfollowingbot/install/mobile_robot/share/mobile_robot/model/.venv/lib/python3.12/site-packages/pip/_vendor/platformdirs/api.py
[1.840s] -- Up-to-date symlink: /home/hornet/Desktop/pathfollowingbot/install/mobile_robot/share/mobile_robot/model/.venv/lib/python3.12/site-packages/pip/_vendor/platformdirs/macos.py
[1.840s] -- Up-to-date symlink: /home/hornet/Desktop/pathfollowingbot/install/mobile_robot/share/mobile_robot/model/.venv/lib/python3.12/site-packages/pip/_vendor/platformdirs/py.typed
[1.840s] -- Up-to-date symlink: /home/hornet/Desktop/pathfollowingbot/install/mobile_robot/share/mobile_robot/model/.venv/lib/python3.12/site-packages/pip/_vendor/platformdirs/unix.py
[1.840s] -- Up-to-date symlink: /home/hornet/Desktop/pathfollowingbot/install/mobile_robot/share/mobile_robot/model/.venv/lib/python3.12/site-packages/pip/_vendor/platformdirs/version.py
[1.840s] -- Up-to-date symlink: /home/hornet/Desktop/pathfollowingbot/install/mobile_robot/share/mobile_robot/model/.venv/lib/python3.12/site-packages/pip/_vendor/platformdirs/windows.py
[1.840s] -- Up-to-date symlink: /home/hornet/Desktop/pathfollowingbot/install/mobile_robot/share/mobile_robot/model/.venv/lib/python3.12/site-packages/pip/_vendor/pygments/LICENSE
[1.840s] -- Up-to-date symlink: /home/hornet/Desktop/pathfollowingbot/install/mobile_robot/share/mobile_robot/model/.venv/lib/python3.12/site-packages/pip/_vendor/pygments/__init__.py
[1.840s] -- Up-to-date symlink: /home/hornet/Desktop/pathfollowingbot/install/mobile_robot/share/mobile_robot/model/.venv/lib/python3.12/site-packages/pip/_vendor/pygments/__main__.py
[1.840s] -- Up-to-date symlink: /home/hornet/Desktop/pathfollowingbot/install/mobile_robot/share/mobile_robot/model/.venv/lib/python3.12/site-packages/pip/_vendor/pygments/__pycache__/__init__.cpython-312.pyc
[1.840s] -- Up-to-date symlink: /home/hornet/Desktop/pathfollowingbot/install/mobile_robot/share/mobile_robot/model/.venv/lib/python3.12/site-packages/pip/_vendor/pygments/__pycache__/__main__.cpython-312.pyc
[1.840s] -- Up-to-date symlink: /home/hornet/Desktop/pathfollowingbot/install/mobile_robot/share/mobile_robot/model/.venv/lib/python3.12/site-packages/pip/_vendor/pygments/__pycache__/console.cpython-312.pyc
[1.840s] -- Up-to-date symlink: /home/hornet/Desktop/pathfollowingbot/install/mobile_robot/share/mobile_robot/model/.venv/lib/python3.12/site-packages/pip/_vendor/pygments/__pycache__/filter.cpython-312.pyc
[1.840s] -- Up-to-date symlink: /home/hornet/Desktop/pathfollowingbot/install/mobile_robot/share/mobile_robot/model/.venv/lib/python3.12/site-packages/pip/_vendor/pygments/__pycache__/formatter.cpython-312.pyc
[1.840s] -- Up-to-date symlink: /home/hornet/Desktop/pathfollowingbot/install/mobile_robot/share/mobile_robot/model/.venv/lib/python3.12/site-packages/pip/_vendor/pygments/__pycache__/lexer.cpython-312.pyc
[1.841s] -- Up-to-date symlink: /home/hornet/Desktop/pathfollowingbot/install/mobile_robot/share/mobile_robot/model/.venv/lib/python3.12/site-packages/pip/_vendor/pygments/__pycache__/modeline.cpython-312.pyc
[1.841s] -- Up-to-date symlink: /home/hornet/Desktop/pathfollowingbot/install/mobile_robot/share/mobile_robot/model/.venv/lib/python3.12/site-packages/pip/_vendor/pygments/__pycache__/plugin.cpython-312.pyc
[1.841s] -- Up-to-date symlink: /home/hornet/Desktop/pathfollowingbot/install/mobile_robot/share/mobile_robot/model/.venv/lib/python3.12/site-packages/pip/_vendor/pygments/__pycache__/regexopt.cpython-312.pyc
[1.841s] -- Up-to-date symlink: /home/hornet/Desktop/pathfollowingbot/install/mobile_robot/share/mobile_robot/model/.venv/lib/python3.12/site-packages/pip/_vendor/pygments/__pycache__/scanner.cpython-312.pyc
[1.841s] -- Up-to-date symlink: /home/hornet/Desktop/pathfollowingbot/install/mobile_robot/share/mobile_robot/model/.venv/lib/python3.12/site-packages/pip/_vendor/pygments/__pycache__/sphinxext.cpython-312.pyc
[1.841s] -- Up-to-date symlink: /home/hornet/Desktop/pathfollowingbot/install/mobile_robot/share/mobile_robot/model/.venv/lib/python3.12/site-packages/pip/_vendor/pygments/__pycache__/style.cpython-312.pyc
[1.841s] -- Up-to-date symlink: /home/hornet/Desktop/pathfollowingbot/install/mobile_robot/share/mobile_robot/model/.venv/lib/python3.12/site-packages/pip/_vendor/pygments/__pycache__/token.cpython-312.pyc
[1.841s] -- Up-to-date symlink: /home/hornet/Desktop/pathfollowingbot/install/mobile_robot/share/mobile_robot/model/.venv/lib/python3.12/site-packages/pip/_vendor/pygments/__pycache__/unistring.cpython-312.pyc
[1.841s] -- Up-to-date symlink: /home/hornet/Desktop/pathfollowingbot/install/mobile_robot/share/mobile_robot/model/.venv/lib/python3.12/site-packages/pip/_vendor/pygments/__pycache__/util.cpython-312.pyc
[1.841s] -- Up-to-date symlink: /home/hornet/Desktop/pathfollowingbot/install/mobile_robot/share/mobile_robot/model/.venv/lib/python3.12/site-packages/pip/_vendor/pygments/console.py
[1.841s] -- Up-to-date symlink: /home/hornet/Desktop/pathfollowingbot/install/mobile_robot/share/mobile_robot/model/.venv/lib/python3.12/site-packages/pip/_vendor/pygments/filter.py
[1.841s] -- Up-to-date symlink: /home/hornet/Desktop/pathfollowingbot/install/mobile_robot/share/mobile_robot/model/.venv/lib/python3.12/site-packages/pip/_vendor/pygments/filters/__init__.py
[1.841s] -- Up-to-date symlink: /home/hornet/Desktop/pathfollowingbot/install/mobile_robot/share/mobile_robot/model/.venv/lib/python3.12/site-packages/pip/_vendor/pygments/filters/__pycache__/__init__.cpython-312.pyc
[1.841s] -- Up-to-date symlink: /home/hornet/Desktop/pathfollowingbot/install/mobile_robot/share/mobile_robot/model/.venv/lib/python3.12/site-packages/pip/_vendor/pygments/formatter.py
[1.841s] -- Up-to-date symlink: /home/hornet/Desktop/pathfollowingbot/install/mobile_robot/share/mobile_robot/model/.venv/lib/python3.12/site-packages/pip/_vendor/pygments/formatters/__init__.py
[1.842s] -- Up-to-date symlink: /home/hornet/Desktop/pathfollowingbot/install/mobile_robot/share/mobile_robot/model/.venv/lib/python3.12/site-packages/pip/_vendor/pygments/formatters/__pycache__/__init__.cpython-312.pyc
[1.842s] -- Up-to-date symlink: /home/hornet/Desktop/pathfollowingbot/install/mobile_robot/share/mobile_robot/model/.venv/lib/python3.12/site-packages/pip/_vendor/pygments/formatters/__pycache__/_mapping.cpython-312.pyc
[1.842s] -- Up-to-date symlink: /home/hornet/Desktop/pathfollowingbot/install/mobile_robot/share/mobile_robot/model/.venv/lib/python3.12/site-packages/pip/_vendor/pygments/formatters/_mapping.py
[1.842s] -- Up-to-date symlink: /home/hornet/Desktop/pathfollowingbot/install/mobile_robot/share/mobile_robot/model/.venv/lib/python3.12/site-packages/pip/_vendor/pygments/lexer.py
[1.842s] -- Up-to-date symlink: /home/hornet/Desktop/pathfollowingbot/install/mobile_robot/share/mobile_robot/model/.venv/lib/python3.12/site-packages/pip/_vendor/pygments/lexers/__init__.py
[1.842s] -- Up-to-date symlink: /home/hornet/Desktop/pathfollowingbot/install/mobile_robot/share/mobile_robot/model/.venv/lib/python3.12/site-packages/pip/_vendor/pygments/lexers/__pycache__/__init__.cpython-312.pyc
[1.842s] -- Up-to-date symlink: /home/hornet/Desktop/pathfollowingbot/install/mobile_robot/share/mobile_robot/model/.venv/lib/python3.12/site-packages/pip/_vendor/pygments/lexers/__pycache__/_mapping.cpython-312.pyc
[1.842s] -- Up-to-date symlink: /home/hornet/Desktop/pathfollowingbot/install/mobile_robot/share/mobile_robot/model/.venv/lib/python3.12/site-packages/pip/_vendor/pygments/lexers/__pycache__/python.cpython-312.pyc
[1.842s] -- Up-to-date symlink: /home/hornet/Desktop/pathfollowingbot/install/mobile_robot/share/mobile_robot/model/.venv/lib/python3.12/site-packages/pip/_vendor/pygments/lexers/_mapping.py
[1.842s] -- Up-to-date symlink: /home/hornet/Desktop/pathfollowingbot/install/mobile_robot/share/mobile_robot/model/.venv/lib/python3.12/site-packages/pip/_vendor/pygments/lexers/python.py
[1.842s] -- Up-to-date symlink: /home/hornet/Desktop/pathfollowingbot/install/mobile_robot/share/mobile_robot/model/.venv/lib/python3.12/site-packages/pip/_vendor/pygments/modeline.py
[1.842s] -- Up-to-date symlink: /home/hornet/Desktop/pathfollowingbot/install/mobile_robot/share/mobile_robot/model/.venv/lib/python3.12/site-packages/pip/_vendor/pygments/plugin.py
[1.842s] -- Up-to-date symlink: /home/hornet/Desktop/pathfollowingbot/install/mobile_robot/share/mobile_robot/model/.venv/lib/python3.12/site-packages/pip/_vendor/pygments/regexopt.py
[1.842s] -- Up-to-date symlink: /home/hornet/Desktop/pathfollowingbot/install/mobile_robot/share/mobile_robot/model/.venv/lib/python3.12/site-packages/pip/_vendor/pygments/scanner.py
[1.842s] -- Up-to-date symlink: /home/hornet/Desktop/pathfollowingbot/install/mobile_robot/share/mobile_robot/model/.venv/lib/python3.12/site-packages/pip/_vendor/pygments/sphinxext.py
[1.842s] -- Up-to-date symlink: /home/hornet/Desktop/pathfollowingbot/install/mobile_robot/share/mobile_robot/model/.venv/lib/python3.12/site-packages/pip/_vendor/pygments/style.py
[1.843s] -- Up-to-date symlink: /home/hornet/Desktop/pathfollowingbot/install/mobile_robot/share/mobile_robot/model/.venv/lib/python3.12/site-packages/pip/_vendor/pygments/styles/__init__.py
[1.843s] -- Up-to-date symlink: /home/hornet/Desktop/pathfollowingbot/install/mobile_robot/share/mobile_robot/model/.venv/lib/python3.12/site-packages/pip/_vendor/pygments/styles/__pycache__/__init__.cpython-312.pyc
[1.843s] -- Up-to-date symlink: /home/hornet/Desktop/pathfollowingbot/install/mobile_robot/share/mobile_robot/model/.venv/lib/python3.12/site-packages/pip/_vendor/pygments/styles/__pycache__/_mapping.cpython-312.pyc
[1.843s] -- Up-to-date symlink: /home/hornet/Desktop/pathfollowingbot/install/mobile_robot/share/mobile_robot/model/.venv/lib/python3.12/site-packages/pip/_vendor/pygments/styles/_mapping.py
[1.843s] -- Up-to-date symlink: /home/hornet/Desktop/pathfollowingbot/install/mobile_robot/share/mobile_robot/model/.venv/lib/python3.12/site-packages/pip/_vendor/pygments/token.py
[1.843s] -- Up-to-date symlink: /home/hornet/Desktop/pathfollowingbot/install/mobile_robot/share/mobile_robot/model/.venv/lib/python3.12/site-packages/pip/_vendor/pygments/unistring.py
[1.843s] -- Up-to-date symlink: /home/hornet/Desktop/pathfollowingbot/install/mobile_robot/share/mobile_robot/model/.venv/lib/python3.12/site-packages/pip/_vendor/pygments/util.py
[1.843s] -- Up-to-date symlink: /home/hornet/Desktop/pathfollowingbot/install/mobile_robot/share/mobile_robot/model/.venv/lib/python3.12/site-packages/pip/_vendor/pyproject_hooks/LICENSE
[1.843s] -- Up-to-date symlink: /home/hornet/Desktop/pathfollowingbot/install/mobile_robot/share/mobile_robot/model/.venv/lib/python3.12/site-packages/pip/_vendor/pyproject_hooks/__init__.py
[1.843s] -- Up-to-date symlink: /home/hornet/Desktop/pathfollowingbot/install/mobile_robot/share/mobile_robot/model/.venv/lib/python3.12/site-packages/pip/_vendor/pyproject_hooks/__pycache__/__init__.cpython-312.pyc
[1.843s] -- Up-to-date symlink: /home/hornet/Desktop/pathfollowingbot/install/mobile_robot/share/mobile_robot/model/.venv/lib/python3.12/site-packages/pip/_vendor/pyproject_hooks/__pycache__/_impl.cpython-312.pyc
[1.844s] -- Up-to-date symlink: /home/hornet/Desktop/pathfollowingbot/install/mobile_robot/share/mobile_robot/model/.venv/lib/python3.12/site-packages/pip/_vendor/pyproject_hooks/_impl.py
[1.844s] -- Up-to-date symlink: /home/hornet/Desktop/pathfollowingbot/install/mobile_robot/share/mobile_robot/model/.venv/lib/python3.12/site-packages/pip/_vendor/pyproject_hooks/_in_process/__init__.py
[1.844s] -- Up-to-date symlink: /home/hornet/Desktop/pathfollowingbot/install/mobile_robot/share/mobile_robot/model/.venv/lib/python3.12/site-packages/pip/_vendor/pyproject_hooks/_in_process/__pycache__/__init__.cpython-312.pyc
[1.844s] -- Up-to-date symlink: /home/hornet/Desktop/pathfollowingbot/install/mobile_robot/share/mobile_robot/model/.venv/lib/python3.12/site-packages/pip/_vendor/pyproject_hooks/_in_process/__pycache__/_in_process.cpython-312.pyc
[1.844s] -- Up-to-date symlink: /home/hornet/Desktop/pathfollowingbot/install/mobile_robot/share/mobile_robot/model/.venv/lib/python3.12/site-packages/pip/_vendor/pyproject_hooks/_in_process/_in_process.py
[1.844s] -- Up-to-date symlink: /home/hornet/Desktop/pathfollowingbot/install/mobile_robot/share/mobile_robot/model/.venv/lib/python3.12/site-packages/pip/_vendor/pyproject_hooks/py.typed
[1.844s] -- Up-to-date symlink: /home/hornet/Desktop/pathfollowingbot/install/mobile_robot/share/mobile_robot/model/.venv/lib/python3.12/site-packages/pip/_vendor/requests/LICENSE
[1.844s] -- Up-to-date symlink: /home/hornet/Desktop/pathfollowingbot/install/mobile_robot/share/mobile_robot/model/.venv/lib/python3.12/site-packages/pip/_vendor/requests/__init__.py
[1.844s] -- Up-to-date symlink: /home/hornet/Desktop/pathfollowingbot/install/mobile_robot/share/mobile_robot/model/.venv/lib/python3.12/site-packages/pip/_vendor/requests/__pycache__/__init__.cpython-312.pyc
[1.844s] -- Up-to-date symlink: /home/hornet/Desktop/pathfollowingbot/install/mobile_robot/share/mobile_robot/model/.venv/lib/python3.12/site-packages/pip/_vendor/requests/__pycache__/__version__.cpython-312.pyc
[1.844s] -- Up-to-date symlink: /home/hornet/Desktop/pathfollowingbot/install/mobile_robot/share/mobile_robot/model/.venv/lib/python3.12/site-packages/pip/_vendor/requests/__pycache__/_internal_utils.cpython-312.pyc
[1.844s] -- Up-to-date symlink: /home/hornet/Desktop/pathfollowingbot/install/mobile_robot/share/mobile_robot/model/.venv/lib/python3.12/site-packages/pip/_vendor/requests/__pycache__/adapters.cpython-312.pyc
[1.844s] -- Up-to-date symlink: /home/hornet/Desktop/pathfollowingbot/install/mobile_robot/share/mobile_robot/model/.venv/lib/python3.12/site-packages/pip/_vendor/requests/__pycache__/api.cpython-312.pyc
[1.845s] -- Up-to-date symlink: /home/hornet/Desktop/pathfollowingbot/install/mobile_robot/share/mobile_robot/model/.venv/lib/python3.12/site-packages/pip/_vendor/requests/__pycache__/auth.cpython-312.pyc
[1.845s] -- Up-to-date symlink: /home/hornet/Desktop/pathfollowingbot/install/mobile_robot/share/mobile_robot/model/.venv/lib/python3.12/site-packages/pip/_vendor/requests/__pycache__/certs.cpython-312.pyc
[1.845s] -- Up-to-date symlink: /home/hornet/Desktop/pathfollowingbot/install/mobile_robot/share/mobile_robot/model/.venv/lib/python3.12/site-packages/pip/_vendor/requests/__pycache__/compat.cpython-312.pyc
[1.845s] -- Up-to-date symlink: /home/hornet/Desktop/pathfollowingbot/install/mobile_robot/share/mobile_robot/model/.venv/lib/python3.12/site-packages/pip/_vendor/requests/__pycache__/cookies.cpython-312.pyc
[1.845s] -- Up-to-date symlink: /home/hornet/Desktop/pathfollowingbot/install/mobile_robot/share/mobile_robot/model/.venv/lib/python3.12/site-packages/pip/_vendor/requests/__pycache__/exceptions.cpython-312.pyc
[1.845s] -- Up-to-date symlink: /home/hornet/Desktop/pathfollowingbot/install/mobile_robot/share/mobile_robot/model/.venv/lib/python3.12/site-packages/pip/_vendor/requests/__pycache__/help.cpython-312.pyc
[1.845s] -- Up-to-date symlink: /home/hornet/Desktop/pathfollowingbot/install/mobile_robot/share/mobile_robot/model/.venv/lib/python3.12/site-packages/pip/_vendor/requests/__pycache__/hooks.cpython-312.pyc
[1.845s] -- Up-to-date symlink: /home/hornet/Desktop/pathfollowingbot/install/mobile_robot/share/mobile_robot/model/.venv/lib/python3.12/site-packages/pip/_vendor/requests/__pycache__/models.cpython-312.pyc
[1.845s] -- Up-to-date symlink: /home/hornet/Desktop/pathfollowingbot/install/mobile_robot/share/mobile_robot/model/.venv/lib/python3.12/site-packages/pip/_vendor/requests/__pycache__/packages.cpython-312.pyc
[1.845s] -- Up-to-date symlink: /home/hornet/Desktop/pathfollowingbot/install/mobile_robot/share/mobile_robot/model/.venv/lib/python3.12/site-packages/pip/_vendor/requests/__pycache__/sessions.cpython-312.pyc
[1.845s] -- Up-to-date symlink: /home/hornet/Desktop/pathfollowingbot/install/mobile_robot/share/mobile_robot/model/.venv/lib/python3.12/site-packages/pip/_vendor/requests/__pycache__/status_codes.cpython-312.pyc
[1.845s] -- Up-to-date symlink: /home/hornet/Desktop/pathfollowingbot/install/mobile_robot/share/mobile_robot/model/.venv/lib/python3.12/site-packages/pip/_vendor/requests/__pycache__/structures.cpython-312.pyc
[1.845s] -- Up-to-date symlink: /home/hornet/Desktop/pathfollowingbot/install/mobile_robot/share/mobile_robot/model/.venv/lib/python3.12/site-packages/pip/_vendor/requests/__pycache__/utils.cpython-312.pyc
[1.846s] -- Up-to-date symlink: /home/hornet/Desktop/pathfollowingbot/install/mobile_robot/share/mobile_robot/model/.venv/lib/python3.12/site-packages/pip/_vendor/requests/__version__.py
[1.846s] -- Up-to-date symlink: /home/hornet/Desktop/pathfollowingbot/install/mobile_robot/share/mobile_robot/model/.venv/lib/python3.12/site-packages/pip/_vendor/requests/_internal_utils.py
[1.846s] -- Up-to-date symlink: /home/hornet/Desktop/pathfollowingbot/install/mobile_robot/share/mobile_robot/model/.venv/lib/python3.12/site-packages/pip/_vendor/requests/adapters.py
[1.846s] -- Up-to-date symlink: /home/hornet/Desktop/pathfollowingbot/install/mobile_robot/share/mobile_robot/model/.venv/lib/python3.12/site-packages/pip/_vendor/requests/api.py
[1.846s] -- Up-to-date symlink: /home/hornet/Desktop/pathfollowingbot/install/mobile_robot/share/mobile_robot/model/.venv/lib/python3.12/site-packages/pip/_vendor/requests/auth.py
[1.846s] -- Up-to-date symlink: /home/hornet/Desktop/pathfollowingbot/install/mobile_robot/share/mobile_robot/model/.venv/lib/python3.12/site-packages/pip/_vendor/requests/certs.py
[1.846s] -- Up-to-date symlink: /home/hornet/Desktop/pathfollowingbot/install/mobile_robot/share/mobile_robot/model/.venv/lib/python3.12/site-packages/pip/_vendor/requests/compat.py
[1.846s] -- Up-to-date symlink: /home/hornet/Desktop/pathfollowingbot/install/mobile_robot/share/mobile_robot/model/.venv/lib/python3.12/site-packages/pip/_vendor/requests/cookies.py
[1.846s] -- Up-to-date symlink: /home/hornet/Desktop/pathfollowingbot/install/mobile_robot/share/mobile_robot/model/.venv/lib/python3.12/site-packages/pip/_vendor/requests/exceptions.py
[1.846s] -- Up-to-date symlink: /home/hornet/Desktop/pathfollowingbot/install/mobile_robot/share/mobile_robot/model/.venv/lib/python3.12/site-packages/pip/_vendor/requests/help.py
[1.846s] -- Up-to-date symlink: /home/hornet/Desktop/pathfollowingbot/install/mobile_robot/share/mobile_robot/model/.venv/lib/python3.12/site-packages/pip/_vendor/requests/hooks.py
[1.846s] -- Up-to-date symlink: /home/hornet/Desktop/pathfollowingbot/install/mobile_robot/share/mobile_robot/model/.venv/lib/python3.12/site-packages/pip/_vendor/requests/models.py
[1.846s] -- Up-to-date symlink: /home/hornet/Desktop/pathfollowingbot/install/mobile_robot/share/mobile_robot/model/.venv/lib/python3.12/site-packages/pip/_vendor/requests/packages.py
[1.846s] -- Up-to-date symlink: /home/hornet/Desktop/pathfollowingbot/install/mobile_robot/share/mobile_robot/model/.venv/lib/python3.12/site-packages/pip/_vendor/requests/sessions.py
[1.846s] -- Up-to-date symlink: /home/hornet/Desktop/pathfollowingbot/install/mobile_robot/share/mobile_robot/model/.venv/lib/python3.12/site-packages/pip/_vendor/requests/status_codes.py
[1.847s] -- Up-to-date symlink: /home/hornet/Desktop/pathfollowingbot/install/mobile_robot/share/mobile_robot/model/.venv/lib/python3.12/site-packages/pip/_vendor/requests/structures.py
[1.847s] -- Up-to-date symlink: /home/hornet/Desktop/pathfollowingbot/install/mobile_robot/share/mobile_robot/model/.venv/lib/python3.12/site-packages/pip/_vendor/requests/utils.py
[1.847s] -- Up-to-date symlink: /home/hornet/Desktop/pathfollowingbot/install/mobile_robot/share/mobile_robot/model/.venv/lib/python3.12/site-packages/pip/_vendor/resolvelib/LICENSE
[1.847s] -- Up-to-date symlink: /home/hornet/Desktop/pathfollowingbot/install/mobile_robot/share/mobile_robot/model/.venv/lib/python3.12/site-packages/pip/_vendor/resolvelib/__init__.py
[1.847s] -- Up-to-date symlink: /home/hornet/Desktop/pathfollowingbot/install/mobile_robot/share/mobile_robot/model/.venv/lib/python3.12/site-packages/pip/_vendor/resolvelib/__pycache__/__init__.cpython-312.pyc
[1.847s] -- Up-to-date symlink: /home/hornet/Desktop/pathfollowingbot/install/mobile_robot/share/mobile_robot/model/.venv/lib/python3.12/site-packages/pip/_vendor/resolvelib/__pycache__/providers.cpython-312.pyc
[1.847s] -- Up-to-date symlink: /home/hornet/Desktop/pathfollowingbot/install/mobile_robot/share/mobile_robot/model/.venv/lib/python3.12/site-packages/pip/_vendor/resolvelib/__pycache__/reporters.cpython-312.pyc
[1.847s] -- Up-to-date symlink: /home/hornet/Desktop/pathfollowingbot/install/mobile_robot/share/mobile_robot/model/.venv/lib/python3.12/site-packages/pip/_vendor/resolvelib/__pycache__/structs.cpython-312.pyc
[1.847s] -- Up-to-date symlink: /home/hornet/Desktop/pathfollowingbot/install/mobile_robot/share/mobile_robot/model/.venv/lib/python3.12/site-packages/pip/_vendor/resolvelib/providers.py
[1.847s] -- Up-to-date symlink: /home/hornet/Desktop/pathfollowingbot/install/mobile_robot/share/mobile_robot/model/.venv/lib/python3.12/site-packages/pip/_vendor/resolvelib/py.typed
[1.847s] -- Up-to-date symlink: /home/hornet/Desktop/pathfollowingbot/install/mobile_robot/share/mobile_robot/model/.venv/lib/python3.12/site-packages/pip/_vendor/resolvelib/reporters.py
[1.847s] -- Up-to-date symlink: /home/hornet/Desktop/pathfollowingbot/install/mobile_robot/share/mobile_robot/model/.venv/lib/python3.12/site-packages/pip/_vendor/resolvelib/resolvers/__init__.py
[1.847s] -- Up-to-date symlink: /home/hornet/Desktop/pathfollowingbot/install/mobile_robot/share/mobile_robot/model/.venv/lib/python3.12/site-packages/pip/_vendor/resolvelib/resolvers/__pycache__/__init__.cpython-312.pyc
[1.847s] -- Up-to-date symlink: /home/hornet/Desktop/pathfollowingbot/install/mobile_robot/share/mobile_robot/model/.venv/lib/python3.12/site-packages/pip/_vendor/resolvelib/resolvers/__pycache__/abstract.cpython-312.pyc
[1.848s] -- Up-to-date symlink: /home/hornet/Desktop/pathfollowingbot/install/mobile_robot/share/mobile_robot/model/.venv/lib/python3.12/site-packages/pip/_vendor/resolvelib/resolvers/__pycache__/criterion.cpython-312.pyc
[1.848s] -- Up-to-date symlink: /home/hornet/Desktop/pathfollowingbot/install/mobile_robot/share/mobile_robot/model/.venv/lib/python3.12/site-packages/pip/_vendor/resolvelib/resolvers/__pycache__/exceptions.cpython-312.pyc
[1.848s] -- Up-to-date symlink: /home/hornet/Desktop/pathfollowingbot/install/mobile_robot/share/mobile_robot/model/.venv/lib/python3.12/site-packages/pip/_vendor/resolvelib/resolvers/__pycache__/resolution.cpython-312.pyc
[1.848s] -- Up-to-date symlink: /home/hornet/Desktop/pathfollowingbot/install/mobile_robot/share/mobile_robot/model/.venv/lib/python3.12/site-packages/pip/_vendor/resolvelib/resolvers/abstract.py
[1.848s] -- Up-to-date symlink: /home/hornet/Desktop/pathfollowingbot/install/mobile_robot/share/mobile_robot/model/.venv/lib/python3.12/site-packages/pip/_vendor/resolvelib/resolvers/criterion.py
[1.848s] -- Up-to-date symlink: /home/hornet/Desktop/pathfollowingbot/install/mobile_robot/share/mobile_robot/model/.venv/lib/python3.12/site-packages/pip/_vendor/resolvelib/resolvers/exceptions.py
[1.848s] -- Up-to-date symlink: /home/hornet/Desktop/pathfollowingbot/install/mobile_robot/share/mobile_robot/model/.venv/lib/python3.12/site-packages/pip/_vendor/resolvelib/resolvers/resolution.py
[1.848s] -- Up-to-date symlink: /home/hornet/Desktop/pathfollowingbot/install/mobile_robot/share/mobile_robot/model/.venv/lib/python3.12/site-packages/pip/_vendor/resolvelib/structs.py
[1.848s] -- Up-to-date symlink: /home/hornet/Desktop/pathfollowingbot/install/mobile_robot/share/mobile_robot/model/.venv/lib/python3.12/site-packages/pip/_vendor/rich/LICENSE
[1.848s] -- Up-to-date symlink: /home/hornet/Desktop/pathfollowingbot/install/mobile_robot/share/mobile_robot/model/.venv/lib/python3.12/site-packages/pip/_vendor/rich/__init__.py
[1.848s] -- Up-to-date symlink: /home/hornet/Desktop/pathfollowingbot/install/mobile_robot/share/mobile_robot/model/.venv/lib/python3.12/site-packages/pip/_vendor/rich/__main__.py
[1.849s] -- Up-to-date symlink: /home/hornet/Desktop/pathfollowingbot/install/mobile_robot/share/mobile_robot/model/.venv/lib/python3.12/site-packages/pip/_vendor/rich/__pycache__/__init__.cpython-312.pyc
[1.849s] -- Up-to-date symlink: /home/hornet/Desktop/pathfollowingbot/install/mobile_robot/share/mobile_robot/model/.venv/lib/python3.12/site-packages/pip/_vendor/rich/__pycache__/__main__.cpython-312.pyc
[1.849s] -- Up-to-date symlink: /home/hornet/Desktop/pathfollowingbot/install/mobile_robot/share/mobile_robot/model/.venv/lib/python3.12/site-packages/pip/_vendor/rich/__pycache__/_cell_widths.cpython-312.pyc
[1.849s] -- Up-to-date symlink: /home/hornet/Desktop/pathfollowingbot/install/mobile_robot/share/mobile_robot/model/.venv/lib/python3.12/site-packages/pip/_vendor/rich/__pycache__/_emoji_codes.cpython-312.pyc
[1.849s] -- Up-to-date symlink: /home/hornet/Desktop/pathfollowingbot/install/mobile_robot/share/mobile_robot/model/.venv/lib/python3.12/site-packages/pip/_vendor/rich/__pycache__/_emoji_replace.cpython-312.pyc
[1.849s] -- Up-to-date symlink: /home/hornet/Desktop/pathfollowingbot/install/mobile_robot/share/mobile_robot/model/.venv/lib/python3.12/site-packages/pip/_vendor/rich/__pycache__/_export_format.cpython-312.pyc
[1.849s] -- Up-to-date symlink: /home/hornet/Desktop/pathfollowingbot/install/mobile_robot/share/mobile_robot/model/.venv/lib/python3.12/site-packages/pip/_vendor/rich/__pycache__/_extension.cpython-312.pyc
[1.849s] -- Up-to-date symlink: /home/hornet/Desktop/pathfollowingbot/install/mobile_robot/share/mobile_robot/model/.venv/lib/python3.12/site-packages/pip/_vendor/rich/__pycache__/_fileno.cpython-312.pyc
[1.849s] -- Up-to-date symlink: /home/hornet/Desktop/pathfollowingbot/install/mobile_robot/share/mobile_robot/model/.venv/lib/python3.12/site-packages/pip/_vendor/rich/__pycache__/_inspect.cpython-312.pyc
[1.849s] -- Up-to-date symlink: /home/hornet/Desktop/pathfollowingbot/install/mobile_robot/share/mobile_robot/model/.venv/lib/python3.12/site-packages/pip/_vendor/rich/__pycache__/_log_render.cpython-312.pyc
[1.849s] -- Up-to-date symlink: /home/hornet/Desktop/pathfollowingbot/install/mobile_robot/share/mobile_robot/model/.venv/lib/python3.12/site-packages/pip/_vendor/rich/__pycache__/_loop.cpython-312.pyc
[1.849s] -- Up-to-date symlink: /home/hornet/Desktop/pathfollowingbot/install/mobile_robot/share/mobile_robot/model/.venv/lib/python3.12/site-packages/pip/_vendor/rich/__pycache__/_null_file.cpython-312.pyc
[1.850s] -- Up-to-date symlink: /home/hornet/Desktop/pathfollowingbot/install/mobile_robot/share/mobile_robot/model/.venv/lib/python3.12/site-packages/pip/_vendor/rich/__pycache__/_palettes.cpython-312.pyc
[1.850s] -- Up-to-date symlink: /home/hornet/Desktop/pathfollowingbot/install/mobile_robot/share/mobile_robot/model/.venv/lib/python3.12/site-packages/pip/_vendor/rich/__pycache__/_pick.cpython-312.pyc
[1.850s] -- Up-to-date symlink: /home/hornet/Desktop/pathfollowingbot/install/mobile_robot/share/mobile_robot/model/.venv/lib/python3.12/site-packages/pip/_vendor/rich/__pycache__/_ratio.cpython-312.pyc
[1.850s] -- Up-to-date symlink: /home/hornet/Desktop/pathfollowingbot/install/mobile_robot/share/mobile_robot/model/.venv/lib/python3.12/site-packages/pip/_vendor/rich/__pycache__/_spinners.cpython-312.pyc
[1.850s] -- Up-to-date symlink: /home/hornet/Desktop/pathfollowingbot/install/mobile_robot/share/mobile_robot/model/.venv/lib/python3.12/site-packages/pip/_vendor/rich/__pycache__/_stack.cpython-312.pyc
[1.850s] -- Up-to-date symlink: /home/hornet/Desktop/pathfollowingbot/install/mobile_robot/share/mobile_robot/model/.venv/lib/python3.12/site-packages/pip/_vendor/rich/__pycache__/_timer.cpython-312.pyc
[1.850s] -- Up-to-date symlink: /home/hornet/Desktop/pathfollowingbot/install/mobile_robot/share/mobile_robot/model/.venv/lib/python3.12/site-packages/pip/_vendor/rich/__pycache__/_win32_console.cpython-312.pyc
[1.850s] -- Up-to-date symlink: /home/hornet/Desktop/pathfollowingbot/install/mobile_robot/share/mobile_robot/model/.venv/lib/python3.12/site-packages/pip/_vendor/rich/__pycache__/_windows.cpython-312.pyc
[1.851s] -- Up-to-date symlink: /home/hornet/Desktop/pathfollowingbot/install/mobile_robot/share/mobile_robot/model/.venv/lib/python3.12/site-packages/pip/_vendor/rich/__pycache__/_windows_renderer.cpython-312.pyc
[1.851s] -- Up-to-date symlink: /home/hornet/Desktop/pathfollowingbot/install/mobile_robot/share/mobile_robot/model/.venv/lib/python3.12/site-packages/pip/_vendor/rich/__pycache__/_wrap.cpython-312.pyc
[1.851s] -- Up-to-date symlink: /home/hornet/Desktop/pathfollowingbot/install/mobile_robot/share/mobile_robot/model/.venv/lib/python3.12/site-packages/pip/_vendor/rich/__pycache__/abc.cpython-312.pyc
[1.851s] -- Up-to-date symlink: /home/hornet/Desktop/pathfollowingbot/install/mobile_robot/share/mobile_robot/model/.venv/lib/python3.12/site-packages/pip/_vendor/rich/__pycache__/align.cpython-312.pyc
[1.851s] -- Up-to-date symlink: /home/hornet/Desktop/pathfollowingbot/install/mobile_robot/share/mobile_robot/model/.venv/lib/python3.12/site-packages/pip/_vendor/rich/__pycache__/ansi.cpython-312.pyc
[1.851s] -- Up-to-date symlink: /home/hornet/Desktop/pathfollowingbot/install/mobile_robot/share/mobile_robot/model/.venv/lib/python3.12/site-packages/pip/_vendor/rich/__pycache__/bar.cpython-312.pyc
[1.851s] -- Up-to-date symlink: /home/hornet/Desktop/pathfollowingbot/install/mobile_robot/share/mobile_robot/model/.venv/lib/python3.12/site-packages/pip/_vendor/rich/__pycache__/box.cpython-312.pyc
[1.851s] -- Up-to-date symlink: /home/hornet/Desktop/pathfollowingbot/install/mobile_robot/share/mobile_robot/model/.venv/lib/python3.12/site-packages/pip/_vendor/rich/__pycache__/cells.cpython-312.pyc
[1.851s] -- Up-to-date symlink: /home/hornet/Desktop/pathfollowingbot/install/mobile_robot/share/mobile_robot/model/.venv/lib/python3.12/site-packages/pip/_vendor/rich/__pycache__/color.cpython-312.pyc
[1.851s] -- Up-to-date symlink: /home/hornet/Desktop/pathfollowingbot/install/mobile_robot/share/mobile_robot/model/.venv/lib/python3.12/site-packages/pip/_vendor/rich/__pycache__/color_triplet.cpython-312.pyc
[1.851s] -- Up-to-date symlink: /home/hornet/Desktop/pathfollowingbot/install/mobile_robot/share/mobile_robot/model/.venv/lib/python3.12/site-packages/pip/_vendor/rich/__pycache__/columns.cpython-312.pyc
[1.851s] -- Up-to-date symlink: /home/hornet/Desktop/pathfollowingbot/install/mobile_robot/share/mobile_robot/model/.venv/lib/python3.12/site-packages/pip/_vendor/rich/__pycache__/console.cpython-312.pyc
[1.851s] -- Up-to-date symlink: /home/hornet/Desktop/pathfollowingbot/install/mobile_robot/share/mobile_robot/model/.venv/lib/python3.12/site-packages/pip/_vendor/rich/__pycache__/constrain.cpython-312.pyc
[1.852s] -- Up-to-date symlink: /home/hornet/Desktop/pathfollowingbot/install/mobile_robot/share/mobile_robot/model/.venv/lib/python3.12/site-packages/pip/_vendor/rich/__pycache__/containers.cpython-312.pyc
[1.852s] -- Up-to-date symlink: /home/hornet/Desktop/pathfollowingbot/install/mobile_robot/share/mobile_robot/model/.venv/lib/python3.12/site-packages/pip/_vendor/rich/__pycache__/control.cpython-312.pyc
[1.852s] -- Up-to-date symlink: /home/hornet/Desktop/pathfollowingbot/install/mobile_robot/share/mobile_robot/model/.venv/lib/python3.12/site-packages/pip/_vendor/rich/__pycache__/default_styles.cpython-312.pyc
[1.852s] -- Up-to-date symlink: /home/hornet/Desktop/pathfollowingbot/install/mobile_robot/share/mobile_robot/model/.venv/lib/python3.12/site-packages/pip/_vendor/rich/__pycache__/diagnose.cpython-312.pyc
[1.852s] -- Up-to-date symlink: /home/hornet/Desktop/pathfollowingbot/install/mobile_robot/share/mobile_robot/model/.venv/lib/python3.12/site-packages/pip/_vendor/rich/__pycache__/emoji.cpython-312.pyc
[1.852s] -- Up-to-date symlink: /home/hornet/Desktop/pathfollowingbot/install/mobile_robot/share/mobile_robot/model/.venv/lib/python3.12/site-packages/pip/_vendor/rich/__pycache__/errors.cpython-312.pyc
[1.852s] -- Up-to-date symlink: /home/hornet/Desktop/pathfollowingbot/install/mobile_robot/share/mobile_robot/model/.venv/lib/python3.12/site-packages/pip/_vendor/rich/__pycache__/file_proxy.cpython-312.pyc
[1.852s] -- Up-to-date symlink: /home/hornet/Desktop/pathfollowingbot/install/mobile_robot/share/mobile_robot/model/.venv/lib/python3.12/site-packages/pip/_vendor/rich/__pycache__/filesize.cpython-312.pyc
[1.852s] -- Up-to-date symlink: /home/hornet/Desktop/pathfollowingbot/install/mobile_robot/share/mobile_robot/model/.venv/lib/python3.12/site-packages/pip/_vendor/rich/__pycache__/highlighter.cpython-312.pyc
[1.852s] -- Up-to-date symlink: /home/hornet/Desktop/pathfollowingbot/install/mobile_robot/share/mobile_robot/model/.venv/lib/python3.12/site-packages/pip/_vendor/rich/__pycache__/json.cpython-312.pyc
[1.852s] -- Up-to-date symlink: /home/hornet/Desktop/pathfollowingbot/install/mobile_robot/share/mobile_robot/model/.venv/lib/python3.12/site-packages/pip/_vendor/rich/__pycache__/jupyter.cpython-312.pyc
[1.852s] -- Up-to-date symlink: /home/hornet/Desktop/pathfollowingbot/install/mobile_robot/share/mobile_robot/model/.venv/lib/python3.12/site-packages/pip/_vendor/rich/__pycache__/layout.cpython-312.pyc
[1.852s] -- Up-to-date symlink: /home/hornet/Desktop/pathfollowingbot/install/mobile_robot/share/mobile_robot/model/.venv/lib/python3.12/site-packages/pip/_vendor/rich/__pycache__/live.cpython-312.pyc
[1.852s] -- Up-to-date symlink: /home/hornet/Desktop/pathfollowingbot/install/mobile_robot/share/mobile_robot/model/.venv/lib/python3.12/site-packages/pip/_vendor/rich/__pycache__/live_render.cpython-312.pyc
[1.852s] -- Up-to-date symlink: /home/hornet/Desktop/pathfollowingbot/install/mobile_robot/share/mobile_robot/model/.venv/lib/python3.12/site-packages/pip/_vendor/rich/__pycache__/logging.cpython-312.pyc
[1.852s] -- Up-to-date symlink: /home/hornet/Desktop/pathfollowingbot/install/mobile_robot/share/mobile_robot/model/.venv/lib/python3.12/site-packages/pip/_vendor/rich/__pycache__/markup.cpython-312.pyc
[1.852s] -- Up-to-date symlink: /home/hornet/Desktop/pathfollowingbot/install/mobile_robot/share/mobile_robot/model/.venv/lib/python3.12/site-packages/pip/_vendor/rich/__pycache__/measure.cpython-312.pyc
[1.852s] -- Up-to-date symlink: /home/hornet/Desktop/pathfollowingbot/install/mobile_robot/share/mobile_robot/model/.venv/lib/python3.12/site-packages/pip/_vendor/rich/__pycache__/padding.cpython-312.pyc
[1.852s] -- Up-to-date symlink: /home/hornet/Desktop/pathfollowingbot/install/mobile_robot/share/mobile_robot/model/.venv/lib/python3.12/site-packages/pip/_vendor/rich/__pycache__/pager.cpython-312.pyc
[1.853s] -- Up-to-date symlink: /home/hornet/Desktop/pathfollowingbot/install/mobile_robot/share/mobile_robot/model/.venv/lib/python3.12/site-packages/pip/_vendor/rich/__pycache__/palette.cpython-312.pyc
[1.853s] -- Up-to-date symlink: /home/hornet/Desktop/pathfollowingbot/install/mobile_robot/share/mobile_robot/model/.venv/lib/python3.12/site-packages/pip/_vendor/rich/__pycache__/panel.cpython-312.pyc
[1.853s] -- Up-to-date symlink: /home/hornet/Desktop/pathfollowingbot/install/mobile_robot/share/mobile_robot/model/.venv/lib/python3.12/site-packages/pip/_vendor/rich/__pycache__/pretty.cpython-312.pyc
[1.853s] -- Up-to-date symlink: /home/hornet/Desktop/pathfollowingbot/install/mobile_robot/share/mobile_robot/model/.venv/lib/python3.12/site-packages/pip/_vendor/rich/__pycache__/progress.cpython-312.pyc
[1.853s] -- Up-to-date symlink: /home/hornet/Desktop/pathfollowingbot/install/mobile_robot/share/mobile_robot/model/.venv/lib/python3.12/site-packages/pip/_vendor/rich/__pycache__/progress_bar.cpython-312.pyc
[1.853s] -- Up-to-date symlink: /home/hornet/Desktop/pathfollowingbot/install/mobile_robot/share/mobile_robot/model/.venv/lib/python3.12/site-packages/pip/_vendor/rich/__pycache__/prompt.cpython-312.pyc
[1.853s] -- Up-to-date symlink: /home/hornet/Desktop/pathfollowingbot/install/mobile_robot/share/mobile_robot/model/.venv/lib/python3.12/site-packages/pip/_vendor/rich/__pycache__/protocol.cpython-312.pyc
[1.853s] -- Up-to-date symlink: /home/hornet/Desktop/pathfollowingbot/install/mobile_robot/share/mobile_robot/model/.venv/lib/python3.12/site-packages/pip/_vendor/rich/__pycache__/region.cpython-312.pyc
[1.853s] -- Up-to-date symlink: /home/hornet/Desktop/pathfollowingbot/install/mobile_robot/share/mobile_robot/model/.venv/lib/python3.12/site-packages/pip/_vendor/rich/__pycache__/repr.cpython-312.pyc
[1.853s] -- Up-to-date symlink: /home/hornet/Desktop/pathfollowingbot/install/mobile_robot/share/mobile_robot/model/.venv/lib/python3.12/site-packages/pip/_vendor/rich/__pycache__/rule.cpython-312.pyc
[1.853s] -- Up-to-date symlink: /home/hornet/Desktop/pathfollowingbot/install/mobile_robot/share/mobile_robot/model/.venv/lib/python3.12/site-packages/pip/_vendor/rich/__pycache__/scope.cpython-312.pyc
[1.853s] -- Up-to-date symlink: /home/hornet/Desktop/pathfollowingbot/install/mobile_robot/share/mobile_robot/model/.venv/lib/python3.12/site-packages/pip/_vendor/rich/__pycache__/screen.cpython-312.pyc
[1.853s] -- Up-to-date symlink: /home/hornet/Desktop/pathfollowingbot/install/mobile_robot/share/mobile_robot/model/.venv/lib/python3.12/site-packages/pip/_vendor/rich/__pycache__/segment.cpython-312.pyc
[1.853s] -- Up-to-date symlink: /home/hornet/Desktop/pathfollowingbot/install/mobile_robot/share/mobile_robot/model/.venv/lib/python3.12/site-packages/pip/_vendor/rich/__pycache__/spinner.cpython-312.pyc
[1.853s] -- Up-to-date symlink: /home/hornet/Desktop/pathfollowingbot/install/mobile_robot/share/mobile_robot/model/.venv/lib/python3.12/site-packages/pip/_vendor/rich/__pycache__/status.cpython-312.pyc
[1.853s] -- Up-to-date symlink: /home/hornet/Desktop/pathfollowingbot/install/mobile_robot/share/mobile_robot/model/.venv/lib/python3.12/site-packages/pip/_vendor/rich/__pycache__/style.cpython-312.pyc
[1.853s] -- Up-to-date symlink: /home/hornet/Desktop/pathfollowingbot/install/mobile_robot/share/mobile_robot/model/.venv/lib/python3.12/site-packages/pip/_vendor/rich/__pycache__/styled.cpython-312.pyc
[1.853s] -- Up-to-date symlink: /home/hornet/Desktop/pathfollowingbot/install/mobile_robot/share/mobile_robot/model/.venv/lib/python3.12/site-packages/pip/_vendor/rich/__pycache__/syntax.cpython-312.pyc
[1.854s] -- Up-to-date symlink: /home/hornet/Desktop/pathfollowingbot/install/mobile_robot/share/mobile_robot/model/.venv/lib/python3.12/site-packages/pip/_vendor/rich/__pycache__/table.cpython-312.pyc
[1.854s] -- Up-to-date symlink: /home/hornet/Desktop/pathfollowingbot/install/mobile_robot/share/mobile_robot/model/.venv/lib/python3.12/site-packages/pip/_vendor/rich/__pycache__/terminal_theme.cpython-312.pyc
[1.854s] -- Up-to-date symlink: /home/hornet/Desktop/pathfollowingbot/install/mobile_robot/share/mobile_robot/model/.venv/lib/python3.12/site-packages/pip/_vendor/rich/__pycache__/text.cpython-312.pyc
[1.854s] -- Up-to-date symlink: /home/hornet/Desktop/pathfollowingbot/install/mobile_robot/share/mobile_robot/model/.venv/lib/python3.12/site-packages/pip/_vendor/rich/__pycache__/theme.cpython-312.pyc
[1.854s] -- Up-to-date symlink: /home/hornet/Desktop/pathfollowingbot/install/mobile_robot/share/mobile_robot/model/.venv/lib/python3.12/site-packages/pip/_vendor/rich/__pycache__/themes.cpython-312.pyc
[1.854s] -- Up-to-date symlink: /home/hornet/Desktop/pathfollowingbot/install/mobile_robot/share/mobile_robot/model/.venv/lib/python3.12/site-packages/pip/_vendor/rich/__pycache__/traceback.cpython-312.pyc
[1.854s] -- Up-to-date symlink: /home/hornet/Desktop/pathfollowingbot/install/mobile_robot/share/mobile_robot/model/.venv/lib/python3.12/site-packages/pip/_vendor/rich/__pycache__/tree.cpython-312.pyc
[1.854s] -- Up-to-date symlink: /home/hornet/Desktop/pathfollowingbot/install/mobile_robot/share/mobile_robot/model/.venv/lib/python3.12/site-packages/pip/_vendor/rich/_cell_widths.py
[1.854s] -- Up-to-date symlink: /home/hornet/Desktop/pathfollowingbot/install/mobile_robot/share/mobile_robot/model/.venv/lib/python3.12/site-packages/pip/_vendor/rich/_emoji_codes.py
[1.854s] -- Up-to-date symlink: /home/hornet/Desktop/pathfollowingbot/install/mobile_robot/share/mobile_robot/model/.venv/lib/python3.12/site-packages/pip/_vendor/rich/_emoji_replace.py
[1.854s] -- Up-to-date symlink: /home/hornet/Desktop/pathfollowingbot/install/mobile_robot/share/mobile_robot/model/.venv/lib/python3.12/site-packages/pip/_vendor/rich/_export_format.py
[1.854s] -- Up-to-date symlink: /home/hornet/Desktop/pathfollowingbot/install/mobile_robot/share/mobile_robot/model/.venv/lib/python3.12/site-packages/pip/_vendor/rich/_extension.py
[1.854s] -- Up-to-date symlink: /home/hornet/Desktop/pathfollowingbot/install/mobile_robot/share/mobile_robot/model/.venv/lib/python3.12/site-packages/pip/_vendor/rich/_fileno.py
[1.854s] -- Up-to-date symlink: /home/hornet/Desktop/pathfollowingbot/install/mobile_robot/share/mobile_robot/model/.venv/lib/python3.12/site-packages/pip/_vendor/rich/_inspect.py
[1.854s] -- Up-to-date symlink: /home/hornet/Desktop/pathfollowingbot/install/mobile_robot/share/mobile_robot/model/.venv/lib/python3.12/site-packages/pip/_vendor/rich/_log_render.py
[1.854s] -- Up-to-date symlink: /home/hornet/Desktop/pathfollowingbot/install/mobile_robot/share/mobile_robot/model/.venv/lib/python3.12/site-packages/pip/_vendor/rich/_loop.py
[1.854s] -- Up-to-date symlink: /home/hornet/Desktop/pathfollowingbot/install/mobile_robot/share/mobile_robot/model/.venv/lib/python3.12/site-packages/pip/_vendor/rich/_null_file.py
[1.854s] -- Up-to-date symlink: /home/hornet/Desktop/pathfollowingbot/install/mobile_robot/share/mobile_robot/model/.venv/lib/python3.12/site-packages/pip/_vendor/rich/_palettes.py
[1.855s] -- Up-to-date symlink: /home/hornet/Desktop/pathfollowingbot/install/mobile_robot/share/mobile_robot/model/.venv/lib/python3.12/site-packages/pip/_vendor/rich/_pick.py
[1.855s] -- Up-to-date symlink: /home/hornet/Desktop/pathfollowingbot/install/mobile_robot/share/mobile_robot/model/.venv/lib/python3.12/site-packages/pip/_vendor/rich/_ratio.py
[1.855s] -- Up-to-date symlink: /home/hornet/Desktop/pathfollowingbot/install/mobile_robot/share/mobile_robot/model/.venv/lib/python3.12/site-packages/pip/_vendor/rich/_spinners.py
[1.855s] -- Up-to-date symlink: /home/hornet/Desktop/pathfollowingbot/install/mobile_robot/share/mobile_robot/model/.venv/lib/python3.12/site-packages/pip/_vendor/rich/_stack.py
[1.855s] -- Up-to-date symlink: /home/hornet/Desktop/pathfollowingbot/install/mobile_robot/share/mobile_robot/model/.venv/lib/python3.12/site-packages/pip/_vendor/rich/_timer.py
[1.855s] -- Up-to-date symlink: /home/hornet/Desktop/pathfollowingbot/install/mobile_robot/share/mobile_robot/model/.venv/lib/python3.12/site-packages/pip/_vendor/rich/_win32_console.py
[1.855s] -- Up-to-date symlink: /home/hornet/Desktop/pathfollowingbot/install/mobile_robot/share/mobile_robot/model/.venv/lib/python3.12/site-packages/pip/_vendor/rich/_windows.py
[1.855s] -- Up-to-date symlink: /home/hornet/Desktop/pathfollowingbot/install/mobile_robot/share/mobile_robot/model/.venv/lib/python3.12/site-packages/pip/_vendor/rich/_windows_renderer.py
[1.855s] -- Up-to-date symlink: /home/hornet/Desktop/pathfollowingbot/install/mobile_robot/share/mobile_robot/model/.venv/lib/python3.12/site-packages/pip/_vendor/rich/_wrap.py
[1.855s] -- Up-to-date symlink: /home/hornet/Desktop/pathfollowingbot/install/mobile_robot/share/mobile_robot/model/.venv/lib/python3.12/site-packages/pip/_vendor/rich/abc.py
[1.855s] -- Up-to-date symlink: /home/hornet/Desktop/pathfollowingbot/install/mobile_robot/share/mobile_robot/model/.venv/lib/python3.12/site-packages/pip/_vendor/rich/align.py
[1.855s] -- Up-to-date symlink: /home/hornet/Desktop/pathfollowingbot/install/mobile_robot/share/mobile_robot/model/.venv/lib/python3.12/site-packages/pip/_vendor/rich/ansi.py
[1.855s] -- Up-to-date symlink: /home/hornet/Desktop/pathfollowingbot/install/mobile_robot/share/mobile_robot/model/.venv/lib/python3.12/site-packages/pip/_vendor/rich/bar.py
[1.855s] -- Up-to-date symlink: /home/hornet/Desktop/pathfollowingbot/install/mobile_robot/share/mobile_robot/model/.venv/lib/python3.12/site-packages/pip/_vendor/rich/box.py
[1.855s] -- Up-to-date symlink: /home/hornet/Desktop/pathfollowingbot/install/mobile_robot/share/mobile_robot/model/.venv/lib/python3.12/site-packages/pip/_vendor/rich/cells.py
[1.855s] -- Up-to-date symlink: /home/hornet/Desktop/pathfollowingbot/install/mobile_robot/share/mobile_robot/model/.venv/lib/python3.12/site-packages/pip/_vendor/rich/color.py
[1.855s] -- Up-to-date symlink: /home/hornet/Desktop/pathfollowingbot/install/mobile_robot/share/mobile_robot/model/.venv/lib/python3.12/site-packages/pip/_vendor/rich/color_triplet.py
[1.855s] -- Up-to-date symlink: /home/hornet/Desktop/pathfollowingbot/install/mobile_robot/share/mobile_robot/model/.venv/lib/python3.12/site-packages/pip/_vendor/rich/columns.py
[1.855s] -- Up-to-date symlink: /home/hornet/Desktop/pathfollowingbot/install/mobile_robot/share/mobile_robot/model/.venv/lib/python3.12/site-packages/pip/_vendor/rich/console.py
[1.855s] -- Up-to-date symlink: /home/hornet/Desktop/pathfollowingbot/install/mobile_robot/share/mobile_robot/model/.venv/lib/python3.12/site-packages/pip/_vendor/rich/constrain.py
[1.856s] -- Up-to-date symlink: /home/hornet/Desktop/pathfollowingbot/install/mobile_robot/share/mobile_robot/model/.venv/lib/python3.12/site-packages/pip/_vendor/rich/containers.py
[1.856s] -- Up-to-date symlink: /home/hornet/Desktop/pathfollowingbot/install/mobile_robot/share/mobile_robot/model/.venv/lib/python3.12/site-packages/pip/_vendor/rich/control.py
[1.856s] -- Up-to-date symlink: /home/hornet/Desktop/pathfollowingbot/install/mobile_robot/share/mobile_robot/model/.venv/lib/python3.12/site-packages/pip/_vendor/rich/default_styles.py
[1.856s] -- Up-to-date symlink: /home/hornet/Desktop/pathfollowingbot/install/mobile_robot/share/mobile_robot/model/.venv/lib/python3.12/site-packages/pip/_vendor/rich/diagnose.py
[1.856s] -- Up-to-date symlink: /home/hornet/Desktop/pathfollowingbot/install/mobile_robot/share/mobile_robot/model/.venv/lib/python3.12/site-packages/pip/_vendor/rich/emoji.py
[1.856s] -- Up-to-date symlink: /home/hornet/Desktop/pathfollowingbot/install/mobile_robot/share/mobile_robot/model/.venv/lib/python3.12/site-packages/pip/_vendor/rich/errors.py
[1.856s] -- Up-to-date symlink: /home/hornet/Desktop/pathfollowingbot/install/mobile_robot/share/mobile_robot/model/.venv/lib/python3.12/site-packages/pip/_vendor/rich/file_proxy.py
[1.856s] -- Up-to-date symlink: /home/hornet/Desktop/pathfollowingbot/install/mobile_robot/share/mobile_robot/model/.venv/lib/python3.12/site-packages/pip/_vendor/rich/filesize.py
[1.856s] -- Up-to-date symlink: /home/hornet/Desktop/pathfollowingbot/install/mobile_robot/share/mobile_robot/model/.venv/lib/python3.12/site-packages/pip/_vendor/rich/highlighter.py
[1.856s] -- Up-to-date symlink: /home/hornet/Desktop/pathfollowingbot/install/mobile_robot/share/mobile_robot/model/.venv/lib/python3.12/site-packages/pip/_vendor/rich/json.py
[1.856s] -- Up-to-date symlink: /home/hornet/Desktop/pathfollowingbot/install/mobile_robot/share/mobile_robot/model/.venv/lib/python3.12/site-packages/pip/_vendor/rich/jupyter.py
[1.856s] -- Up-to-date symlink: /home/hornet/Desktop/pathfollowingbot/install/mobile_robot/share/mobile_robot/model/.venv/lib/python3.12/site-packages/pip/_vendor/rich/layout.py
[1.856s] -- Up-to-date symlink: /home/hornet/Desktop/pathfollowingbot/install/mobile_robot/share/mobile_robot/model/.venv/lib/python3.12/site-packages/pip/_vendor/rich/live.py
[1.856s] -- Up-to-date symlink: /home/hornet/Desktop/pathfollowingbot/install/mobile_robot/share/mobile_robot/model/.venv/lib/python3.12/site-packages/pip/_vendor/rich/live_render.py
[1.856s] -- Up-to-date symlink: /home/hornet/Desktop/pathfollowingbot/install/mobile_robot/share/mobile_robot/model/.venv/lib/python3.12/site-packages/pip/_vendor/rich/logging.py
[1.856s] -- Up-to-date symlink: /home/hornet/Desktop/pathfollowingbot/install/mobile_robot/share/mobile_robot/model/.venv/lib/python3.12/site-packages/pip/_vendor/rich/markup.py
[1.856s] -- Up-to-date symlink: /home/hornet/Desktop/pathfollowingbot/install/mobile_robot/share/mobile_robot/model/.venv/lib/python3.12/site-packages/pip/_vendor/rich/measure.py
[1.857s] -- Up-to-date symlink: /home/hornet/Desktop/pathfollowingbot/install/mobile_robot/share/mobile_robot/model/.venv/lib/python3.12/site-packages/pip/_vendor/rich/padding.py
[1.857s] -- Up-to-date symlink: /home/hornet/Desktop/pathfollowingbot/install/mobile_robot/share/mobile_robot/model/.venv/lib/python3.12/site-packages/pip/_vendor/rich/pager.py
[1.857s] -- Up-to-date symlink: /home/hornet/Desktop/pathfollowingbot/install/mobile_robot/share/mobile_robot/model/.venv/lib/python3.12/site-packages/pip/_vendor/rich/palette.py
[1.857s] -- Up-to-date symlink: /home/hornet/Desktop/pathfollowingbot/install/mobile_robot/share/mobile_robot/model/.venv/lib/python3.12/site-packages/pip/_vendor/rich/panel.py
[1.857s] -- Up-to-date symlink: /home/hornet/Desktop/pathfollowingbot/install/mobile_robot/share/mobile_robot/model/.venv/lib/python3.12/site-packages/pip/_vendor/rich/pretty.py
[1.857s] -- Up-to-date symlink: /home/hornet/Desktop/pathfollowingbot/install/mobile_robot/share/mobile_robot/model/.venv/lib/python3.12/site-packages/pip/_vendor/rich/progress.py
[1.857s] -- Up-to-date symlink: /home/hornet/Desktop/pathfollowingbot/install/mobile_robot/share/mobile_robot/model/.venv/lib/python3.12/site-packages/pip/_vendor/rich/progress_bar.py
[1.857s] -- Up-to-date symlink: /home/hornet/Desktop/pathfollowingbot/install/mobile_robot/share/mobile_robot/model/.venv/lib/python3.12/site-packages/pip/_vendor/rich/prompt.py
[1.857s] -- Up-to-date symlink: /home/hornet/Desktop/pathfollowingbot/install/mobile_robot/share/mobile_robot/model/.venv/lib/python3.12/site-packages/pip/_vendor/rich/protocol.py
[1.857s] -- Up-to-date symlink: /home/hornet/Desktop/pathfollowingbot/install/mobile_robot/share/mobile_robot/model/.venv/lib/python3.12/site-packages/pip/_vendor/rich/py.typed
[1.857s] -- Up-to-date symlink: /home/hornet/Desktop/pathfollowingbot/install/mobile_robot/share/mobile_robot/model/.venv/lib/python3.12/site-packages/pip/_vendor/rich/region.py
[1.857s] -- Up-to-date symlink: /home/hornet/Desktop/pathfollowingbot/install/mobile_robot/share/mobile_robot/model/.venv/lib/python3.12/site-packages/pip/_vendor/rich/repr.py
[1.857s] -- Up-to-date symlink: /home/hornet/Desktop/pathfollowingbot/install/mobile_robot/share/mobile_robot/model/.venv/lib/python3.12/site-packages/pip/_vendor/rich/rule.py
[1.858s] -- Up-to-date symlink: /home/hornet/Desktop/pathfollowingbot/install/mobile_robot/share/mobile_robot/model/.venv/lib/python3.12/site-packages/pip/_vendor/rich/scope.py
[1.858s] -- Up-to-date symlink: /home/hornet/Desktop/pathfollowingbot/install/mobile_robot/share/mobile_robot/model/.venv/lib/python3.12/site-packages/pip/_vendor/rich/screen.py
[1.858s] -- Up-to-date symlink: /home/hornet/Desktop/pathfollowingbot/install/mobile_robot/share/mobile_robot/model/.venv/lib/python3.12/site-packages/pip/_vendor/rich/segment.py
[1.858s] -- Up-to-date symlink: /home/hornet/Desktop/pathfollowingbot/install/mobile_robot/share/mobile_robot/model/.venv/lib/python3.12/site-packages/pip/_vendor/rich/spinner.py
[1.858s] -- Up-to-date symlink: /home/hornet/Desktop/pathfollowingbot/install/mobile_robot/share/mobile_robot/model/.venv/lib/python3.12/site-packages/pip/_vendor/rich/status.py
[1.858s] -- Up-to-date symlink: /home/hornet/Desktop/pathfollowingbot/install/mobile_robot/share/mobile_robot/model/.venv/lib/python3.12/site-packages/pip/_vendor/rich/style.py
[1.858s] -- Up-to-date symlink: /home/hornet/Desktop/pathfollowingbot/install/mobile_robot/share/mobile_robot/model/.venv/lib/python3.12/site-packages/pip/_vendor/rich/styled.py
[1.858s] -- Up-to-date symlink: /home/hornet/Desktop/pathfollowingbot/install/mobile_robot/share/mobile_robot/model/.venv/lib/python3.12/site-packages/pip/_vendor/rich/syntax.py
[1.858s] -- Up-to-date symlink: /home/hornet/Desktop/pathfollowingbot/install/mobile_robot/share/mobile_robot/model/.venv/lib/python3.12/site-packages/pip/_vendor/rich/table.py
[1.858s] -- Up-to-date symlink: /home/hornet/Desktop/pathfollowingbot/install/mobile_robot/share/mobile_robot/model/.venv/lib/python3.12/site-packages/pip/_vendor/rich/terminal_theme.py
[1.859s] -- Up-to-date symlink: /home/hornet/Desktop/pathfollowingbot/install/mobile_robot/share/mobile_robot/model/.venv/lib/python3.12/site-packages/pip/_vendor/rich/text.py
[1.859s] -- Up-to-date symlink: /home/hornet/Desktop/pathfollowingbot/install/mobile_robot/share/mobile_robot/model/.venv/lib/python3.12/site-packages/pip/_vendor/rich/theme.py
[1.859s] -- Up-to-date symlink: /home/hornet/Desktop/pathfollowingbot/install/mobile_robot/share/mobile_robot/model/.venv/lib/python3.12/site-packages/pip/_vendor/rich/themes.py
[1.859s] -- Up-to-date symlink: /home/hornet/Desktop/pathfollowingbot/install/mobile_robot/share/mobile_robot/model/.venv/lib/python3.12/site-packages/pip/_vendor/rich/traceback.py
[1.859s] -- Up-to-date symlink: /home/hornet/Desktop/pathfollowingbot/install/mobile_robot/share/mobile_robot/model/.venv/lib/python3.12/site-packages/pip/_vendor/rich/tree.py
[1.859s] -- Up-to-date symlink: /home/hornet/Desktop/pathfollowingbot/install/mobile_robot/share/mobile_robot/model/.venv/lib/python3.12/site-packages/pip/_vendor/tomli/LICENSE
[1.859s] -- Up-to-date symlink: /home/hornet/Desktop/pathfollowingbot/install/mobile_robot/share/mobile_robot/model/.venv/lib/python3.12/site-packages/pip/_vendor/tomli/__init__.py
[1.859s] -- Up-to-date symlink: /home/hornet/Desktop/pathfollowingbot/install/mobile_robot/share/mobile_robot/model/.venv/lib/python3.12/site-packages/pip/_vendor/tomli/__pycache__/__init__.cpython-312.pyc
[1.859s] -- Up-to-date symlink: /home/hornet/Desktop/pathfollowingbot/install/mobile_robot/share/mobile_robot/model/.venv/lib/python3.12/site-packages/pip/_vendor/tomli/__pycache__/_parser.cpython-312.pyc
[1.859s] -- Up-to-date symlink: /home/hornet/Desktop/pathfollowingbot/install/mobile_robot/share/mobile_robot/model/.venv/lib/python3.12/site-packages/pip/_vendor/tomli/__pycache__/_re.cpython-312.pyc
[1.859s] -- Up-to-date symlink: /home/hornet/Desktop/pathfollowingbot/install/mobile_robot/share/mobile_robot/model/.venv/lib/python3.12/site-packages/pip/_vendor/tomli/__pycache__/_types.cpython-312.pyc
[1.859s] -- Up-to-date symlink: /home/hornet/Desktop/pathfollowingbot/install/mobile_robot/share/mobile_robot/model/.venv/lib/python3.12/site-packages/pip/_vendor/tomli/_parser.py
[1.860s] -- Up-to-date symlink: /home/hornet/Desktop/pathfollowingbot/install/mobile_robot/share/mobile_robot/model/.venv/lib/python3.12/site-packages/pip/_vendor/tomli/_re.py
[1.860s] -- Up-to-date symlink: /home/hornet/Desktop/pathfollowingbot/install/mobile_robot/share/mobile_robot/model/.venv/lib/python3.12/site-packages/pip/_vendor/tomli/_types.py
[1.860s] -- Up-to-date symlink: /home/hornet/Desktop/pathfollowingbot/install/mobile_robot/share/mobile_robot/model/.venv/lib/python3.12/site-packages/pip/_vendor/tomli/py.typed
[1.860s] -- Up-to-date symlink: /home/hornet/Desktop/pathfollowingbot/install/mobile_robot/share/mobile_robot/model/.venv/lib/python3.12/site-packages/pip/_vendor/tomli_w/LICENSE
[1.860s] -- Up-to-date symlink: /home/hornet/Desktop/pathfollowingbot/install/mobile_robot/share/mobile_robot/model/.venv/lib/python3.12/site-packages/pip/_vendor/tomli_w/__init__.py
[1.860s] -- Up-to-date symlink: /home/hornet/Desktop/pathfollowingbot/install/mobile_robot/share/mobile_robot/model/.venv/lib/python3.12/site-packages/pip/_vendor/tomli_w/__pycache__/__init__.cpython-312.pyc
[1.860s] -- Up-to-date symlink: /home/hornet/Desktop/pathfollowingbot/install/mobile_robot/share/mobile_robot/model/.venv/lib/python3.12/site-packages/pip/_vendor/tomli_w/__pycache__/_writer.cpython-312.pyc
[1.860s] -- Up-to-date symlink: /home/hornet/Desktop/pathfollowingbot/install/mobile_robot/share/mobile_robot/model/.venv/lib/python3.12/site-packages/pip/_vendor/tomli_w/_writer.py
[1.860s] -- Up-to-date symlink: /home/hornet/Desktop/pathfollowingbot/install/mobile_robot/share/mobile_robot/model/.venv/lib/python3.12/site-packages/pip/_vendor/tomli_w/py.typed
[1.860s] -- Up-to-date symlink: /home/hornet/Desktop/pathfollowingbot/install/mobile_robot/share/mobile_robot/model/.venv/lib/python3.12/site-packages/pip/_vendor/truststore/LICENSE
[1.860s] -- Up-to-date symlink: /home/hornet/Desktop/pathfollowingbot/install/mobile_robot/share/mobile_robot/model/.venv/lib/python3.12/site-packages/pip/_vendor/truststore/__init__.py
[1.860s] -- Up-to-date symlink: /home/hornet/Desktop/pathfollowingbot/install/mobile_robot/share/mobile_robot/model/.venv/lib/python3.12/site-packages/pip/_vendor/truststore/__pycache__/__init__.cpython-312.pyc
[1.860s] -- Up-to-date symlink: /home/hornet/Desktop/pathfollowingbot/install/mobile_robot/share/mobile_robot/model/.venv/lib/python3.12/site-packages/pip/_vendor/truststore/__pycache__/_api.cpython-312.pyc
[1.861s] -- Up-to-date symlink: /home/hornet/Desktop/pathfollowingbot/install/mobile_robot/share/mobile_robot/model/.venv/lib/python3.12/site-packages/pip/_vendor/truststore/__pycache__/_macos.cpython-312.pyc
[1.861s] -- Up-to-date symlink: /home/hornet/Desktop/pathfollowingbot/install/mobile_robot/share/mobile_robot/model/.venv/lib/python3.12/site-packages/pip/_vendor/truststore/__pycache__/_openssl.cpython-312.pyc
[1.861s] -- Up-to-date symlink: /home/hornet/Desktop/pathfollowingbot/install/mobile_robot/share/mobile_robot/model/.venv/lib/python3.12/site-packages/pip/_vendor/truststore/__pycache__/_ssl_constants.cpython-312.pyc
[1.861s] -- Up-to-date symlink: /home/hornet/Desktop/pathfollowingbot/install/mobile_robot/share/mobile_robot/model/.venv/lib/python3.12/site-packages/pip/_vendor/truststore/__pycache__/_windows.cpython-312.pyc
[1.861s] -- Up-to-date symlink: /home/hornet/Desktop/pathfollowingbot/install/mobile_robot/share/mobile_robot/model/.venv/lib/python3.12/site-packages/pip/_vendor/truststore/_api.py
[1.861s] -- Up-to-date symlink: /home/hornet/Desktop/pathfollowingbot/install/mobile_robot/share/mobile_robot/model/.venv/lib/python3.12/site-packages/pip/_vendor/truststore/_macos.py
[1.861s] -- Up-to-date symlink: /home/hornet/Desktop/pathfollowingbot/install/mobile_robot/share/mobile_robot/model/.venv/lib/python3.12/site-packages/pip/_vendor/truststore/_openssl.py
[1.861s] -- Up-to-date symlink: /home/hornet/Desktop/pathfollowingbot/install/mobile_robot/share/mobile_robot/model/.venv/lib/python3.12/site-packages/pip/_vendor/truststore/_ssl_constants.py
[1.861s] -- Up-to-date symlink: /home/hornet/Desktop/pathfollowingbot/install/mobile_robot/share/mobile_robot/model/.venv/lib/python3.12/site-packages/pip/_vendor/truststore/_windows.py
[1.861s] -- Up-to-date symlink: /home/hornet/Desktop/pathfollowingbot/install/mobile_robot/share/mobile_robot/model/.venv/lib/python3.12/site-packages/pip/_vendor/truststore/py.typed
[1.861s] -- Up-to-date symlink: /home/hornet/Desktop/pathfollowingbot/install/mobile_robot/share/mobile_robot/model/.venv/lib/python3.12/site-packages/pip/_vendor/urllib3/LICENSE.txt
[1.861s] -- Up-to-date symlink: /home/hornet/Desktop/pathfollowingbot/install/mobile_robot/share/mobile_robot/model/.venv/lib/python3.12/site-packages/pip/_vendor/urllib3/__init__.py
[1.861s] -- Up-to-date symlink: /home/hornet/Desktop/pathfollowingbot/install/mobile_robot/share/mobile_robot/model/.venv/lib/python3.12/site-packages/pip/_vendor/urllib3/__pycache__/__init__.cpython-312.pyc
[1.861s] -- Up-to-date symlink: /home/hornet/Desktop/pathfollowingbot/install/mobile_robot/share/mobile_robot/model/.venv/lib/python3.12/site-packages/pip/_vendor/urllib3/__pycache__/_collections.cpython-312.pyc
[1.861s] -- Up-to-date symlink: /home/hornet/Desktop/pathfollowingbot/install/mobile_robot/share/mobile_robot/model/.venv/lib/python3.12/site-packages/pip/_vendor/urllib3/__pycache__/_version.cpython-312.pyc
[1.861s] -- Up-to-date symlink: /home/hornet/Desktop/pathfollowingbot/install/mobile_robot/share/mobile_robot/model/.venv/lib/python3.12/site-packages/pip/_vendor/urllib3/__pycache__/connection.cpython-312.pyc
[1.861s] -- Up-to-date symlink: /home/hornet/Desktop/pathfollowingbot/install/mobile_robot/share/mobile_robot/model/.venv/lib/python3.12/site-packages/pip/_vendor/urllib3/__pycache__/connectionpool.cpython-312.pyc
[1.862s] -- Up-to-date symlink: /home/hornet/Desktop/pathfollowingbot/install/mobile_robot/share/mobile_robot/model/.venv/lib/python3.12/site-packages/pip/_vendor/urllib3/__pycache__/exceptions.cpython-312.pyc
[1.862s] -- Up-to-date symlink: /home/hornet/Desktop/pathfollowingbot/install/mobile_robot/share/mobile_robot/model/.venv/lib/python3.12/site-packages/pip/_vendor/urllib3/__pycache__/fields.cpython-312.pyc
[1.862s] -- Up-to-date symlink: /home/hornet/Desktop/pathfollowingbot/install/mobile_robot/share/mobile_robot/model/.venv/lib/python3.12/site-packages/pip/_vendor/urllib3/__pycache__/filepost.cpython-312.pyc
[1.862s] -- Up-to-date symlink: /home/hornet/Desktop/pathfollowingbot/install/mobile_robot/share/mobile_robot/model/.venv/lib/python3.12/site-packages/pip/_vendor/urllib3/__pycache__/poolmanager.cpython-312.pyc
[1.862s] -- Up-to-date symlink: /home/hornet/Desktop/pathfollowingbot/install/mobile_robot/share/mobile_robot/model/.venv/lib/python3.12/site-packages/pip/_vendor/urllib3/__pycache__/request.cpython-312.pyc
[1.862s] -- Up-to-date symlink: /home/hornet/Desktop/pathfollowingbot/install/mobile_robot/share/mobile_robot/model/.venv/lib/python3.12/site-packages/pip/_vendor/urllib3/__pycache__/response.cpython-312.pyc
[1.862s] -- Up-to-date symlink: /home/hornet/Desktop/pathfollowingbot/install/mobile_robot/share/mobile_robot/model/.venv/lib/python3.12/site-packages/pip/_vendor/urllib3/_collections.py
[1.862s] -- Up-to-date symlink: /home/hornet/Desktop/pathfollowingbot/install/mobile_robot/share/mobile_robot/model/.venv/lib/python3.12/site-packages/pip/_vendor/urllib3/_version.py
[1.862s] -- Up-to-date symlink: /home/hornet/Desktop/pathfollowingbot/install/mobile_robot/share/mobile_robot/model/.venv/lib/python3.12/site-packages/pip/_vendor/urllib3/connection.py
[1.862s] -- Up-to-date symlink: /home/hornet/Desktop/pathfollowingbot/install/mobile_robot/share/mobile_robot/model/.venv/lib/python3.12/site-packages/pip/_vendor/urllib3/connectionpool.py
[1.862s] -- Up-to-date symlink: /home/hornet/Desktop/pathfollowingbot/install/mobile_robot/share/mobile_robot/model/.venv/lib/python3.12/site-packages/pip/_vendor/urllib3/contrib/__init__.py
[1.862s] -- Up-to-date symlink: /home/hornet/Desktop/pathfollowingbot/install/mobile_robot/share/mobile_robot/model/.venv/lib/python3.12/site-packages/pip/_vendor/urllib3/contrib/__pycache__/__init__.cpython-312.pyc
[1.862s] -- Up-to-date symlink: /home/hornet/Desktop/pathfollowingbot/install/mobile_robot/share/mobile_robot/model/.venv/lib/python3.12/site-packages/pip/_vendor/urllib3/contrib/__pycache__/_appengine_environ.cpython-312.pyc
[1.862s] -- Up-to-date symlink: /home/hornet/Desktop/pathfollowingbot/install/mobile_robot/share/mobile_robot/model/.venv/lib/python3.12/site-packages/pip/_vendor/urllib3/contrib/__pycache__/appengine.cpython-312.pyc
[1.863s] -- Up-to-date symlink: /home/hornet/Desktop/pathfollowingbot/install/mobile_robot/share/mobile_robot/model/.venv/lib/python3.12/site-packages/pip/_vendor/urllib3/contrib/__pycache__/ntlmpool.cpython-312.pyc
[1.863s] -- Up-to-date symlink: /home/hornet/Desktop/pathfollowingbot/install/mobile_robot/share/mobile_robot/model/.venv/lib/python3.12/site-packages/pip/_vendor/urllib3/contrib/__pycache__/pyopenssl.cpython-312.pyc
[1.863s] -- Up-to-date symlink: /home/hornet/Desktop/pathfollowingbot/install/mobile_robot/share/mobile_robot/model/.venv/lib/python3.12/site-packages/pip/_vendor/urllib3/contrib/__pycache__/securetransport.cpython-312.pyc
[1.863s] -- Up-to-date symlink: /home/hornet/Desktop/pathfollowingbot/install/mobile_robot/share/mobile_robot/model/.venv/lib/python3.12/site-packages/pip/_vendor/urllib3/contrib/__pycache__/socks.cpython-312.pyc
[1.863s] -- Up-to-date symlink: /home/hornet/Desktop/pathfollowingbot/install/mobile_robot/share/mobile_robot/model/.venv/lib/python3.12/site-packages/pip/_vendor/urllib3/contrib/_appengine_environ.py
[1.863s] -- Up-to-date symlink: /home/hornet/Desktop/pathfollowingbot/install/mobile_robot/share/mobile_robot/model/.venv/lib/python3.12/site-packages/pip/_vendor/urllib3/contrib/_securetransport/__init__.py
[1.863s] -- Up-to-date symlink: /home/hornet/Desktop/pathfollowingbot/install/mobile_robot/share/mobile_robot/model/.venv/lib/python3.12/site-packages/pip/_vendor/urllib3/contrib/_securetransport/__pycache__/__init__.cpython-312.pyc
[1.863s] -- Up-to-date symlink: /home/hornet/Desktop/pathfollowingbot/install/mobile_robot/share/mobile_robot/model/.venv/lib/python3.12/site-packages/pip/_vendor/urllib3/contrib/_securetransport/__pycache__/bindings.cpython-312.pyc
[1.863s] -- Up-to-date symlink: /home/hornet/Desktop/pathfollowingbot/install/mobile_robot/share/mobile_robot/model/.venv/lib/python3.12/site-packages/pip/_vendor/urllib3/contrib/_securetransport/__pycache__/low_level.cpython-312.pyc
[1.863s] -- Up-to-date symlink: /home/hornet/Desktop/pathfollowingbot/install/mobile_robot/share/mobile_robot/model/.venv/lib/python3.12/site-packages/pip/_vendor/urllib3/contrib/_securetransport/bindings.py
[1.863s] -- Up-to-date symlink: /home/hornet/Desktop/pathfollowingbot/install/mobile_robot/share/mobile_robot/model/.venv/lib/python3.12/site-packages/pip/_vendor/urllib3/contrib/_securetransport/low_level.py
[1.863s] -- Up-to-date symlink: /home/hornet/Desktop/pathfollowingbot/install/mobile_robot/share/mobile_robot/model/.venv/lib/python3.12/site-packages/pip/_vendor/urllib3/contrib/appengine.py
[1.864s] -- Up-to-date symlink: /home/hornet/Desktop/pathfollowingbot/install/mobile_robot/share/mobile_robot/model/.venv/lib/python3.12/site-packages/pip/_vendor/urllib3/contrib/ntlmpool.py
[1.864s] -- Up-to-date symlink: /home/hornet/Desktop/pathfollowingbot/install/mobile_robot/share/mobile_robot/model/.venv/lib/python3.12/site-packages/pip/_vendor/urllib3/contrib/pyopenssl.py
[1.864s] -- Up-to-date symlink: /home/hornet/Desktop/pathfollowingbot/install/mobile_robot/share/mobile_robot/model/.venv/lib/python3.12/site-packages/pip/_vendor/urllib3/contrib/securetransport.py
[1.864s] -- Up-to-date symlink: /home/hornet/Desktop/pathfollowingbot/install/mobile_robot/share/mobile_robot/model/.venv/lib/python3.12/site-packages/pip/_vendor/urllib3/contrib/socks.py
[1.864s] -- Up-to-date symlink: /home/hornet/Desktop/pathfollowingbot/install/mobile_robot/share/mobile_robot/model/.venv/lib/python3.12/site-packages/pip/_vendor/urllib3/exceptions.py
[1.864s] -- Up-to-date symlink: /home/hornet/Desktop/pathfollowingbot/install/mobile_robot/share/mobile_robot/model/.venv/lib/python3.12/site-packages/pip/_vendor/urllib3/fields.py
[1.864s] -- Up-to-date symlink: /home/hornet/Desktop/pathfollowingbot/install/mobile_robot/share/mobile_robot/model/.venv/lib/python3.12/site-packages/pip/_vendor/urllib3/filepost.py
[1.864s] -- Up-to-date symlink: /home/hornet/Desktop/pathfollowingbot/install/mobile_robot/share/mobile_robot/model/.venv/lib/python3.12/site-packages/pip/_vendor/urllib3/packages/__init__.py
[1.864s] -- Up-to-date symlink: /home/hornet/Desktop/pathfollowingbot/install/mobile_robot/share/mobile_robot/model/.venv/lib/python3.12/site-packages/pip/_vendor/urllib3/packages/__pycache__/__init__.cpython-312.pyc
[1.864s] -- Up-to-date symlink: /home/hornet/Desktop/pathfollowingbot/install/mobile_robot/share/mobile_robot/model/.venv/lib/python3.12/site-packages/pip/_vendor/urllib3/packages/__pycache__/six.cpython-312.pyc
[1.864s] -- Up-to-date symlink: /home/hornet/Desktop/pathfollowingbot/install/mobile_robot/share/mobile_robot/model/.venv/lib/python3.12/site-packages/pip/_vendor/urllib3/packages/backports/__init__.py
[1.864s] -- Up-to-date symlink: /home/hornet/Desktop/pathfollowingbot/install/mobile_robot/share/mobile_robot/model/.venv/lib/python3.12/site-packages/pip/_vendor/urllib3/packages/backports/__pycache__/__init__.cpython-312.pyc
[1.864s] -- Up-to-date symlink: /home/hornet/Desktop/pathfollowingbot/install/mobile_robot/share/mobile_robot/model/.venv/lib/python3.12/site-packages/pip/_vendor/urllib3/packages/backports/__pycache__/makefile.cpython-312.pyc
[1.865s] -- Up-to-date symlink: /home/hornet/Desktop/pathfollowingbot/install/mobile_robot/share/mobile_robot/model/.venv/lib/python3.12/site-packages/pip/_vendor/urllib3/packages/backports/__pycache__/weakref_finalize.cpython-312.pyc
[1.865s] -- Up-to-date symlink: /home/hornet/Desktop/pathfollowingbot/install/mobile_robot/share/mobile_robot/model/.venv/lib/python3.12/site-packages/pip/_vendor/urllib3/packages/backports/makefile.py
[1.865s] -- Up-to-date symlink: /home/hornet/Desktop/pathfollowingbot/install/mobile_robot/share/mobile_robot/model/.venv/lib/python3.12/site-packages/pip/_vendor/urllib3/packages/backports/weakref_finalize.py
[1.865s] -- Up-to-date symlink: /home/hornet/Desktop/pathfollowingbot/install/mobile_robot/share/mobile_robot/model/.venv/lib/python3.12/site-packages/pip/_vendor/urllib3/packages/six.py
[1.865s] -- Up-to-date symlink: /home/hornet/Desktop/pathfollowingbot/install/mobile_robot/share/mobile_robot/model/.venv/lib/python3.12/site-packages/pip/_vendor/urllib3/poolmanager.py
[1.865s] -- Up-to-date symlink: /home/hornet/Desktop/pathfollowingbot/install/mobile_robot/share/mobile_robot/model/.venv/lib/python3.12/site-packages/pip/_vendor/urllib3/request.py
[1.865s] -- Up-to-date symlink: /home/hornet/Desktop/pathfollowingbot/install/mobile_robot/share/mobile_robot/model/.venv/lib/python3.12/site-packages/pip/_vendor/urllib3/response.py
[1.865s] -- Up-to-date symlink: /home/hornet/Desktop/pathfollowingbot/install/mobile_robot/share/mobile_robot/model/.venv/lib/python3.12/site-packages/pip/_vendor/urllib3/util/__init__.py
[1.865s] -- Up-to-date symlink: /home/hornet/Desktop/pathfollowingbot/install/mobile_robot/share/mobile_robot/model/.venv/lib/python3.12/site-packages/pip/_vendor/urllib3/util/__pycache__/__init__.cpython-312.pyc
[1.865s] -- Up-to-date symlink: /home/hornet/Desktop/pathfollowingbot/install/mobile_robot/share/mobile_robot/model/.venv/lib/python3.12/site-packages/pip/_vendor/urllib3/util/__pycache__/connection.cpython-312.pyc
[1.866s] -- Up-to-date symlink: /home/hornet/Desktop/pathfollowingbot/install/mobile_robot/share/mobile_robot/model/.venv/lib/python3.12/site-packages/pip/_vendor/urllib3/util/__pycache__/proxy.cpython-312.pyc
[1.866s] -- Up-to-date symlink: /home/hornet/Desktop/pathfollowingbot/install/mobile_robot/share/mobile_robot/model/.venv/lib/python3.12/site-packages/pip/_vendor/urllib3/util/__pycache__/queue.cpython-312.pyc
[1.866s] -- Up-to-date symlink: /home/hornet/Desktop/pathfollowingbot/install/mobile_robot/share/mobile_robot/model/.venv/lib/python3.12/site-packages/pip/_vendor/urllib3/util/__pycache__/request.cpython-312.pyc
[1.866s] -- Up-to-date symlink: /home/hornet/Desktop/pathfollowingbot/install/mobile_robot/share/mobile_robot/model/.venv/lib/python3.12/site-packages/pip/_vendor/urllib3/util/__pycache__/response.cpython-312.pyc
[1.866s] -- Up-to-date symlink: /home/hornet/Desktop/pathfollowingbot/install/mobile_robot/share/mobile_robot/model/.venv/lib/python3.12/site-packages/pip/_vendor/urllib3/util/__pycache__/retry.cpython-312.pyc
[1.866s] -- Up-to-date symlink: /home/hornet/Desktop/pathfollowingbot/install/mobile_robot/share/mobile_robot/model/.venv/lib/python3.12/site-packages/pip/_vendor/urllib3/util/__pycache__/ssl_.cpython-312.pyc
[1.866s] -- Up-to-date symlink: /home/hornet/Desktop/pathfollowingbot/install/mobile_robot/share/mobile_robot/model/.venv/lib/python3.12/site-packages/pip/_vendor/urllib3/util/__pycache__/ssl_match_hostname.cpython-312.pyc
[1.866s] -- Up-to-date symlink: /home/hornet/Desktop/pathfollowingbot/install/mobile_robot/share/mobile_robot/model/.venv/lib/python3.12/site-packages/pip/_vendor/urllib3/util/__pycache__/ssltransport.cpython-312.pyc
[1.866s] -- Up-to-date symlink: /home/hornet/Desktop/pathfollowingbot/install/mobile_robot/share/mobile_robot/model/.venv/lib/python3.12/site-packages/pip/_vendor/urllib3/util/__pycache__/timeout.cpython-312.pyc
[1.866s] -- Up-to-date symlink: /home/hornet/Desktop/pathfollowingbot/install/mobile_robot/share/mobile_robot/model/.venv/lib/python3.12/site-packages/pip/_vendor/urllib3/util/__pycache__/url.cpython-312.pyc
[1.866s] -- Up-to-date symlink: /home/hornet/Desktop/pathfollowingbot/install/mobile_robot/share/mobile_robot/model/.venv/lib/python3.12/site-packages/pip/_vendor/urllib3/util/__pycache__/wait.cpython-312.pyc
[1.867s] -- Up-to-date symlink: /home/hornet/Desktop/pathfollowingbot/install/mobile_robot/share/mobile_robot/model/.venv/lib/python3.12/site-packages/pip/_vendor/urllib3/util/connection.py
[1.867s] -- Up-to-date symlink: /home/hornet/Desktop/pathfollowingbot/install/mobile_robot/share/mobile_robot/model/.venv/lib/python3.12/site-packages/pip/_vendor/urllib3/util/proxy.py
[1.867s] -- Up-to-date symlink: /home/hornet/Desktop/pathfollowingbot/install/mobile_robot/share/mobile_robot/model/.venv/lib/python3.12/site-packages/pip/_vendor/urllib3/util/queue.py
[1.867s] -- Up-to-date symlink: /home/hornet/Desktop/pathfollowingbot/install/mobile_robot/share/mobile_robot/model/.venv/lib/python3.12/site-packages/pip/_vendor/urllib3/util/request.py
[1.867s] -- Up-to-date symlink: /home/hornet/Desktop/pathfollowingbot/install/mobile_robot/share/mobile_robot/model/.venv/lib/python3.12/site-packages/pip/_vendor/urllib3/util/response.py
[1.867s] -- Up-to-date symlink: /home/hornet/Desktop/pathfollowingbot/install/mobile_robot/share/mobile_robot/model/.venv/lib/python3.12/site-packages/pip/_vendor/urllib3/util/retry.py
[1.867s] -- Up-to-date symlink: /home/hornet/Desktop/pathfollowingbot/install/mobile_robot/share/mobile_robot/model/.venv/lib/python3.12/site-packages/pip/_vendor/urllib3/util/ssl_.py
[1.867s] -- Up-to-date symlink: /home/hornet/Desktop/pathfollowingbot/install/mobile_robot/share/mobile_robot/model/.venv/lib/python3.12/site-packages/pip/_vendor/urllib3/util/ssl_match_hostname.py
[1.867s] -- Up-to-date symlink: /home/hornet/Desktop/pathfollowingbot/install/mobile_robot/share/mobile_robot/model/.venv/lib/python3.12/site-packages/pip/_vendor/urllib3/util/ssltransport.py
[1.867s] -- Up-to-date symlink: /home/hornet/Desktop/pathfollowingbot/install/mobile_robot/share/mobile_robot/model/.venv/lib/python3.12/site-packages/pip/_vendor/urllib3/util/timeout.py
[1.867s] -- Up-to-date symlink: /home/hornet/Desktop/pathfollowingbot/install/mobile_robot/share/mobile_robot/model/.venv/lib/python3.12/site-packages/pip/_vendor/urllib3/util/url.py
[1.867s] -- Up-to-date symlink: /home/hornet/Desktop/pathfollowingbot/install/mobile_robot/share/mobile_robot/model/.venv/lib/python3.12/site-packages/pip/_vendor/urllib3/util/wait.py
[1.868s] -- Up-to-date symlink: /home/hornet/Desktop/pathfollowingbot/install/mobile_robot/share/mobile_robot/model/.venv/lib/python3.12/site-packages/pip/_vendor/vendor.txt
[1.868s] -- Up-to-date symlink: /home/hornet/Desktop/pathfollowingbot/install/mobile_robot/share/mobile_robot/model/.venv/lib/python3.12/site-packages/pip/py.typed
[1.868s] -- Up-to-date symlink: /home/hornet/Desktop/pathfollowingbot/install/mobile_robot/share/mobile_robot/model/.venv/lib/python3.12/site-packages/pyyaml-6.0.3.dist-info/INSTALLER
[1.868s] -- Up-to-date symlink: /home/hornet/Desktop/pathfollowingbot/install/mobile_robot/share/mobile_robot/model/.venv/lib/python3.12/site-packages/pyyaml-6.0.3.dist-info/METADATA
[1.868s] -- Up-to-date symlink: /home/hornet/Desktop/pathfollowingbot/install/mobile_robot/share/mobile_robot/model/.venv/lib/python3.12/site-packages/pyyaml-6.0.3.dist-info/RECORD
[1.868s] -- Up-to-date symlink: /home/hornet/Desktop/pathfollowingbot/install/mobile_robot/share/mobile_robot/model/.venv/lib/python3.12/site-packages/pyyaml-6.0.3.dist-info/WHEEL
[1.868s] -- Up-to-date symlink: /home/hornet/Desktop/pathfollowingbot/install/mobile_robot/share/mobile_robot/model/.venv/lib/python3.12/site-packages/pyyaml-6.0.3.dist-info/licenses/LICENSE
[1.868s] -- Up-to-date symlink: /home/hornet/Desktop/pathfollowingbot/install/mobile_robot/share/mobile_robot/model/.venv/lib/python3.12/site-packages/pyyaml-6.0.3.dist-info/top_level.txt
[1.868s] -- Up-to-date symlink: /home/hornet/Desktop/pathfollowingbot/install/mobile_robot/share/mobile_robot/model/.venv/lib/python3.12/site-packages/xacro-2.1.1.dist-info/INSTALLER
[1.868s] -- Up-to-date symlink: /home/hornet/Desktop/pathfollowingbot/install/mobile_robot/share/mobile_robot/model/.venv/lib/python3.12/site-packages/xacro-2.1.1.dist-info/METADATA
[1.868s] -- Up-to-date symlink: /home/hornet/Desktop/pathfollowingbot/install/mobile_robot/share/mobile_robot/model/.venv/lib/python3.12/site-packages/xacro-2.1.1.dist-info/RECORD
[1.868s] -- Up-to-date symlink: /home/hornet/Desktop/pathfollowingbot/install/mobile_robot/share/mobile_robot/model/.venv/lib/python3.12/site-packages/xacro-2.1.1.dist-info/REQUESTED
[1.868s] -- Up-to-date symlink: /home/hornet/Desktop/pathfollowingbot/install/mobile_robot/share/mobile_robot/model/.venv/lib/python3.12/site-packages/xacro-2.1.1.dist-info/WHEEL
[1.868s] -- Up-to-date symlink: /home/hornet/Desktop/pathfollowingbot/install/mobile_robot/share/mobile_robot/model/.venv/lib/python3.12/site-packages/xacro-2.1.1.dist-info/entry_points.txt
[1.868s] -- Up-to-date symlink: /home/hornet/Desktop/pathfollowingbot/install/mobile_robot/share/mobile_robot/model/.venv/lib/python3.12/site-packages/xacro-2.1.1.dist-info/licenses/LICENSE
[1.868s] -- Up-to-date symlink: /home/hornet/Desktop/pathfollowingbot/install/mobile_robot/share/mobile_robot/model/.venv/lib/python3.12/site-packages/xacro-2.1.1.dist-info/top_level.txt
[1.868s] -- Up-to-date symlink: /home/hornet/Desktop/pathfollowingbot/install/mobile_robot/share/mobile_robot/model/.venv/lib/python3.12/site-packages/xacro/__init__.py
[1.868s] -- Up-to-date symlink: /home/hornet/Desktop/pathfollowingbot/install/mobile_robot/share/mobile_robot/model/.venv/lib/python3.12/site-packages/xacro/__pycache__/__init__.cpython-312.pyc
[1.869s] -- Up-to-date symlink: /home/hornet/Desktop/pathfollowingbot/install/mobile_robot/share/mobile_robot/model/.venv/lib/python3.12/site-packages/xacro/__pycache__/cli.cpython-312.pyc
[1.869s] -- Up-to-date symlink: /home/hornet/Desktop/pathfollowingbot/install/mobile_robot/share/mobile_robot/model/.venv/lib/python3.12/site-packages/xacro/__pycache__/color.cpython-312.pyc
[1.869s] -- Up-to-date symlink: /home/hornet/Desktop/pathfollowingbot/install/mobile_robot/share/mobile_robot/model/.venv/lib/python3.12/site-packages/xacro/__pycache__/substitution_args.cpython-312.pyc
[1.869s] -- Up-to-date symlink: /home/hornet/Desktop/pathfollowingbot/install/mobile_robot/share/mobile_robot/model/.venv/lib/python3.12/site-packages/xacro/__pycache__/xmlutils.cpython-312.pyc
[1.869s] -- Up-to-date symlink: /home/hornet/Desktop/pathfollowingbot/install/mobile_robot/share/mobile_robot/model/.venv/lib/python3.12/site-packages/xacro/cli.py
[1.869s] -- Up-to-date symlink: /home/hornet/Desktop/pathfollowingbot/install/mobile_robot/share/mobile_robot/model/.venv/lib/python3.12/site-packages/xacro/color.py
[1.869s] -- Up-to-date symlink: /home/hornet/Desktop/pathfollowingbot/install/mobile_robot/share/mobile_robot/model/.venv/lib/python3.12/site-packages/xacro/substitution_args.py
[1.869s] -- Up-to-date symlink: /home/hornet/Desktop/pathfollowingbot/install/mobile_robot/share/mobile_robot/model/.venv/lib/python3.12/site-packages/xacro/xmlutils.py
[1.869s] -- Up-to-date symlink: /home/hornet/Desktop/pathfollowingbot/install/mobile_robot/share/mobile_robot/model/.venv/lib/python3.12/site-packages/yaml/__init__.py
[1.869s] -- Up-to-date symlink: /home/hornet/Desktop/pathfollowingbot/install/mobile_robot/share/mobile_robot/model/.venv/lib/python3.12/site-packages/yaml/__pycache__/__init__.cpython-312.pyc
[1.869s] -- Up-to-date symlink: /home/hornet/Desktop/pathfollowingbot/install/mobile_robot/share/mobile_robot/model/.venv/lib/python3.12/site-packages/yaml/__pycache__/composer.cpython-312.pyc
[1.869s] -- Up-to-date symlink: /home/hornet/Desktop/pathfollowingbot/install/mobile_robot/share/mobile_robot/model/.venv/lib/python3.12/site-packages/yaml/__pycache__/constructor.cpython-312.pyc
[1.869s] -- Up-to-date symlink: /home/hornet/Desktop/pathfollowingbot/install/mobile_robot/share/mobile_robot/model/.venv/lib/python3.12/site-packages/yaml/__pycache__/cyaml.cpython-312.pyc
[1.869s] -- Up-to-date symlink: /home/hornet/Desktop/pathfollowingbot/install/mobile_robot/share/mobile_robot/model/.venv/lib/python3.12/site-packages/yaml/__pycache__/dumper.cpython-312.pyc
[1.869s] -- Up-to-date symlink: /home/hornet/Desktop/pathfollowingbot/install/mobile_robot/share/mobile_robot/model/.venv/lib/python3.12/site-packages/yaml/__pycache__/emitter.cpython-312.pyc
[1.869s] -- Up-to-date symlink: /home/hornet/Desktop/pathfollowingbot/install/mobile_robot/share/mobile_robot/model/.venv/lib/python3.12/site-packages/yaml/__pycache__/error.cpython-312.pyc
[1.869s] -- Up-to-date symlink: /home/hornet/Desktop/pathfollowingbot/install/mobile_robot/share/mobile_robot/model/.venv/lib/python3.12/site-packages/yaml/__pycache__/events.cpython-312.pyc
[1.869s] -- Up-to-date symlink: /home/hornet/Desktop/pathfollowingbot/install/mobile_robot/share/mobile_robot/model/.venv/lib/python3.12/site-packages/yaml/__pycache__/loader.cpython-312.pyc
[1.869s] -- Up-to-date symlink: /home/hornet/Desktop/pathfollowingbot/install/mobile_robot/share/mobile_robot/model/.venv/lib/python3.12/site-packages/yaml/__pycache__/nodes.cpython-312.pyc
[1.869s] -- Up-to-date symlink: /home/hornet/Desktop/pathfollowingbot/install/mobile_robot/share/mobile_robot/model/.venv/lib/python3.12/site-packages/yaml/__pycache__/parser.cpython-312.pyc
[1.869s] -- Up-to-date symlink: /home/hornet/Desktop/pathfollowingbot/install/mobile_robot/share/mobile_robot/model/.venv/lib/python3.12/site-packages/yaml/__pycache__/reader.cpython-312.pyc
[1.869s] -- Up-to-date symlink: /home/hornet/Desktop/pathfollowingbot/install/mobile_robot/share/mobile_robot/model/.venv/lib/python3.12/site-packages/yaml/__pycache__/representer.cpython-312.pyc
[1.870s] -- Up-to-date symlink: /home/hornet/Desktop/pathfollowingbot/install/mobile_robot/share/mobile_robot/model/.venv/lib/python3.12/site-packages/yaml/__pycache__/resolver.cpython-312.pyc
[1.870s] -- Up-to-date symlink: /home/hornet/Desktop/pathfollowingbot/install/mobile_robot/share/mobile_robot/model/.venv/lib/python3.12/site-packages/yaml/__pycache__/scanner.cpython-312.pyc
[1.870s] -- Up-to-date symlink: /home/hornet/Desktop/pathfollowingbot/install/mobile_robot/share/mobile_robot/model/.venv/lib/python3.12/site-packages/yaml/__pycache__/serializer.cpython-312.pyc
[1.870s] -- Up-to-date symlink: /home/hornet/Desktop/pathfollowingbot/install/mobile_robot/share/mobile_robot/model/.venv/lib/python3.12/site-packages/yaml/__pycache__/tokens.cpython-312.pyc
[1.870s] -- Up-to-date symlink: /home/hornet/Desktop/pathfollowingbot/install/mobile_robot/share/mobile_robot/model/.venv/lib/python3.12/site-packages/yaml/_yaml.cpython-312-x86_64-linux-gnu.so
[1.870s] -- Up-to-date symlink: /home/hornet/Desktop/pathfollowingbot/install/mobile_robot/share/mobile_robot/model/.venv/lib/python3.12/site-packages/yaml/composer.py
[1.870s] -- Up-to-date symlink: /home/hornet/Desktop/pathfollowingbot/install/mobile_robot/share/mobile_robot/model/.venv/lib/python3.12/site-packages/yaml/constructor.py
[1.870s] -- Up-to-date symlink: /home/hornet/Desktop/pathfollowingbot/install/mobile_robot/share/mobile_robot/model/.venv/lib/python3.12/site-packages/yaml/cyaml.py
[1.870s] -- Up-to-date symlink: /home/hornet/Desktop/pathfollowingbot/install/mobile_robot/share/mobile_robot/model/.venv/lib/python3.12/site-packages/yaml/dumper.py
[1.870s] -- Up-to-date symlink: /home/hornet/Desktop/pathfollowingbot/install/mobile_robot/share/mobile_robot/model/.venv/lib/python3.12/site-packages/yaml/emitter.py
[1.870s] -- Up-to-date symlink: /home/hornet/Desktop/pathfollowingbot/install/mobile_robot/share/mobile_robot/model/.venv/lib/python3.12/site-packages/yaml/error.py
[1.870s] -- Up-to-date symlink: /home/hornet/Desktop/pathfollowingbot/install/mobile_robot/share/mobile_robot/model/.venv/lib/python3.12/site-packages/yaml/events.py
[1.870s] -- Up-to-date symlink: /home/hornet/Desktop/pathfollowingbot/install/mobile_robot/share/mobile_robot/model/.venv/lib/python3.12/site-packages/yaml/loader.py
[1.870s] -- Up-to-date symlink: /home/hornet/Desktop/pathfollowingbot/install/mobile_robot/share/mobile_robot/model/.venv/lib/python3.12/site-packages/yaml/nodes.py
[1.870s] -- Up-to-date symlink: /home/hornet/Desktop/pathfollowingbot/install/mobile_robot/share/mobile_robot/model/.venv/lib/python3.12/site-packages/yaml/parser.py
[1.870s] -- Up-to-date symlink: /home/hornet/Desktop/pathfollowingbot/install/mobile_robot/share/mobile_robot/model/.venv/lib/python3.12/site-packages/yaml/reader.py
[1.870s] -- Up-to-date symlink: /home/hornet/Desktop/pathfollowingbot/install/mobile_robot/share/mobile_robot/model/.venv/lib/python3.12/site-packages/yaml/representer.py
[1.870s] -- Up-to-date symlink: /home/hornet/Desktop/pathfollowingbot/install/mobile_robot/share/mobile_robot/model/.venv/lib/python3.12/site-packages/yaml/resolver.py
[1.870s] -- Up-to-date symlink: /home/hornet/Desktop/pathfollowingbot/install/mobile_robot/share/mobile_robot/model/.venv/lib/python3.12/site-packages/yaml/scanner.py
[1.870s] -- Up-to-date symlink: /home/hornet/Desktop/pathfollowingbot/install/mobile_robot/share/mobile_robot/model/.venv/lib/python3.12/site-packages/yaml/serializer.py
[1.870s] -- Up-to-date symlink: /home/hornet/Desktop/pathfollowingbot/install/mobile_robot/share/mobile_robot/model/.venv/lib/python3.12/site-packages/yaml/tokens.py
[1.871s] -- Up-to-date symlink: /home/hornet/Desktop/pathfollowingbot/install/mobile_robot/share/mobile_robot/model/.venv/lib64/python3.12/site-packages/_yaml/__init__.py
[1.871s] -- Up-to-date symlink: /home/hornet/Desktop/pathfollowingbot/install/mobile_robot/share/mobile_robot/model/.venv/lib64/python3.12/site-packages/_yaml/__pycache__/__init__.cpython-312.pyc
[1.871s] -- Up-to-date symlink: /home/hornet/Desktop/pathfollowingbot/install/mobile_robot/share/mobile_robot/model/.venv/lib64/python3.12/site-packages/pip-25.3.dist-info/INSTALLER
[1.871s] -- Up-to-date symlink: /home/hornet/Desktop/pathfollowingbot/install/mobile_robot/share/mobile_robot/model/.venv/lib64/python3.12/site-packages/pip-25.3.dist-info/METADATA
[1.871s] -- Up-to-date symlink: /home/hornet/Desktop/pathfollowingbot/install/mobile_robot/share/mobile_robot/model/.venv/lib64/python3.12/site-packages/pip-25.3.dist-info/RECORD
[1.871s] -- Up-to-date symlink: /home/hornet/Desktop/pathfollowingbot/install/mobile_robot/share/mobile_robot/model/.venv/lib64/python3.12/site-packages/pip-25.3.dist-info/REQUESTED
[1.871s] -- Up-to-date symlink: /home/hornet/Desktop/pathfollowingbot/install/mobile_robot/share/mobile_robot/model/.venv/lib64/python3.12/site-packages/pip-25.3.dist-info/WHEEL
[1.871s] -- Up-to-date symlink: /home/hornet/Desktop/pathfollowingbot/install/mobile_robot/share/mobile_robot/model/.venv/lib64/python3.12/site-packages/pip-25.3.dist-info/entry_points.txt
[1.871s] -- Up-to-date symlink: /home/hornet/Desktop/pathfollowingbot/install/mobile_robot/share/mobile_robot/model/.venv/lib64/python3.12/site-packages/pip-25.3.dist-info/licenses/AUTHORS.txt
[1.871s] -- Up-to-date symlink: /home/hornet/Desktop/pathfollowingbot/install/mobile_robot/share/mobile_robot/model/.venv/lib64/python3.12/site-packages/pip-25.3.dist-info/licenses/LICENSE.txt
[1.871s] -- Up-to-date symlink: /home/hornet/Desktop/pathfollowingbot/install/mobile_robot/share/mobile_robot/model/.venv/lib64/python3.12/site-packages/pip-25.3.dist-info/licenses/src/pip/_vendor/cachecontrol/LICENSE.txt
[1.871s] -- Up-to-date symlink: /home/hornet/Desktop/pathfollowingbot/install/mobile_robot/share/mobile_robot/model/.venv/lib64/python3.12/site-packages/pip-25.3.dist-info/licenses/src/pip/_vendor/certifi/LICENSE
[1.871s] -- Up-to-date symlink: /home/hornet/Desktop/pathfollowingbot/install/mobile_robot/share/mobile_robot/model/.venv/lib64/python3.12/site-packages/pip-25.3.dist-info/licenses/src/pip/_vendor/dependency_groups/LICENSE.txt
[1.871s] -- Up-to-date symlink: /home/hornet/Desktop/pathfollowingbot/install/mobile_robot/share/mobile_robot/model/.venv/lib64/python3.12/site-packages/pip-25.3.dist-info/licenses/src/pip/_vendor/distlib/LICENSE.txt
[1.871s] -- Up-to-date symlink: /home/hornet/Desktop/pathfollowingbot/install/mobile_robot/share/mobile_robot/model/.venv/lib64/python3.12/site-packages/pip-25.3.dist-info/licenses/src/pip/_vendor/distro/LICENSE
[1.871s] -- Up-to-date symlink: /home/hornet/Desktop/pathfollowingbot/install/mobile_robot/share/mobile_robot/model/.venv/lib64/python3.12/site-packages/pip-25.3.dist-info/licenses/src/pip/_vendor/idna/LICENSE.md
[1.871s] -- Up-to-date symlink: /home/hornet/Desktop/pathfollowingbot/install/mobile_robot/share/mobile_robot/model/.venv/lib64/python3.12/site-packages/pip-25.3.dist-info/licenses/src/pip/_vendor/msgpack/COPYING
[1.871s] -- Up-to-date symlink: /home/hornet/Desktop/pathfollowingbot/install/mobile_robot/share/mobile_robot/model/.venv/lib64/python3.12/site-packages/pip-25.3.dist-info/licenses/src/pip/_vendor/packaging/LICENSE
[1.872s] -- Up-to-date symlink: /home/hornet/Desktop/pathfollowingbot/install/mobile_robot/share/mobile_robot/model/.venv/lib64/python3.12/site-packages/pip-25.3.dist-info/licenses/src/pip/_vendor/packaging/LICENSE.APACHE
[1.872s] -- Up-to-date symlink: /home/hornet/Desktop/pathfollowingbot/install/mobile_robot/share/mobile_robot/model/.venv/lib64/python3.12/site-packages/pip-25.3.dist-info/licenses/src/pip/_vendor/packaging/LICENSE.BSD
[1.872s] -- Up-to-date symlink: /home/hornet/Desktop/pathfollowingbot/install/mobile_robot/share/mobile_robot/model/.venv/lib64/python3.12/site-packages/pip-25.3.dist-info/licenses/src/pip/_vendor/pkg_resources/LICENSE
[1.872s] -- Up-to-date symlink: /home/hornet/Desktop/pathfollowingbot/install/mobile_robot/share/mobile_robot/model/.venv/lib64/python3.12/site-packages/pip-25.3.dist-info/licenses/src/pip/_vendor/platformdirs/LICENSE
[1.872s] -- Up-to-date symlink: /home/hornet/Desktop/pathfollowingbot/install/mobile_robot/share/mobile_robot/model/.venv/lib64/python3.12/site-packages/pip-25.3.dist-info/licenses/src/pip/_vendor/pygments/LICENSE
[1.872s] -- Up-to-date symlink: /home/hornet/Desktop/pathfollowingbot/install/mobile_robot/share/mobile_robot/model/.venv/lib64/python3.12/site-packages/pip-25.3.dist-info/licenses/src/pip/_vendor/pyproject_hooks/LICENSE
[1.872s] -- Up-to-date symlink: /home/hornet/Desktop/pathfollowingbot/install/mobile_robot/share/mobile_robot/model/.venv/lib64/python3.12/site-packages/pip-25.3.dist-info/licenses/src/pip/_vendor/requests/LICENSE
[1.872s] -- Up-to-date symlink: /home/hornet/Desktop/pathfollowingbot/install/mobile_robot/share/mobile_robot/model/.venv/lib64/python3.12/site-packages/pip-25.3.dist-info/licenses/src/pip/_vendor/resolvelib/LICENSE
[1.872s] -- Up-to-date symlink: /home/hornet/Desktop/pathfollowingbot/install/mobile_robot/share/mobile_robot/model/.venv/lib64/python3.12/site-packages/pip-25.3.dist-info/licenses/src/pip/_vendor/rich/LICENSE
[1.872s] -- Up-to-date symlink: /home/hornet/Desktop/pathfollowingbot/install/mobile_robot/share/mobile_robot/model/.venv/lib64/python3.12/site-packages/pip-25.3.dist-info/licenses/src/pip/_vendor/tomli/LICENSE
[1.872s] -- Up-to-date symlink: /home/hornet/Desktop/pathfollowingbot/install/mobile_robot/share/mobile_robot/model/.venv/lib64/python3.12/site-packages/pip-25.3.dist-info/licenses/src/pip/_vendor/tomli_w/LICENSE
[1.873s] -- Up-to-date symlink: /home/hornet/Desktop/pathfollowingbot/install/mobile_robot/share/mobile_robot/model/.venv/lib64/python3.12/site-packages/pip-25.3.dist-info/licenses/src/pip/_vendor/truststore/LICENSE
[1.873s] -- Up-to-date symlink: /home/hornet/Desktop/pathfollowingbot/install/mobile_robot/share/mobile_robot/model/.venv/lib64/python3.12/site-packages/pip-25.3.dist-info/licenses/src/pip/_vendor/urllib3/LICENSE.txt
[1.873s] -- Up-to-date symlink: /home/hornet/Desktop/pathfollowingbot/install/mobile_robot/share/mobile_robot/model/.venv/lib64/python3.12/site-packages/pip/__init__.py
[1.873s] -- Up-to-date symlink: /home/hornet/Desktop/pathfollowingbot/install/mobile_robot/share/mobile_robot/model/.venv/lib64/python3.12/site-packages/pip/__main__.py
[1.873s] -- Up-to-date symlink: /home/hornet/Desktop/pathfollowingbot/install/mobile_robot/share/mobile_robot/model/.venv/lib64/python3.12/site-packages/pip/__pip-runner__.py
[1.873s] -- Up-to-date symlink: /home/hornet/Desktop/pathfollowingbot/install/mobile_robot/share/mobile_robot/model/.venv/lib64/python3.12/site-packages/pip/__pycache__/__init__.cpython-312.pyc
[1.873s] -- Up-to-date symlink: /home/hornet/Desktop/pathfollowingbot/install/mobile_robot/share/mobile_robot/model/.venv/lib64/python3.12/site-packages/pip/__pycache__/__main__.cpython-312.pyc
[1.873s] -- Up-to-date symlink: /home/hornet/Desktop/pathfollowingbot/install/mobile_robot/share/mobile_robot/model/.venv/lib64/python3.12/site-packages/pip/__pycache__/__pip-runner__.cpython-312.pyc
[1.873s] -- Up-to-date symlink: /home/hornet/Desktop/pathfollowingbot/install/mobile_robot/share/mobile_robot/model/.venv/lib64/python3.12/site-packages/pip/_internal/__init__.py
[1.873s] -- Up-to-date symlink: /home/hornet/Desktop/pathfollowingbot/install/mobile_robot/share/mobile_robot/model/.venv/lib64/python3.12/site-packages/pip/_internal/__pycache__/__init__.cpython-312.pyc
[1.873s] -- Up-to-date symlink: /home/hornet/Desktop/pathfollowingbot/install/mobile_robot/share/mobile_robot/model/.venv/lib64/python3.12/site-packages/pip/_internal/__pycache__/build_env.cpython-312.pyc
[1.873s] -- Up-to-date symlink: /home/hornet/Desktop/pathfollowingbot/install/mobile_robot/share/mobile_robot/model/.venv/lib64/python3.12/site-packages/pip/_internal/__pycache__/cache.cpython-312.pyc
[1.873s] -- Up-to-date symlink: /home/hornet/Desktop/pathfollowingbot/install/mobile_robot/share/mobile_robot/model/.venv/lib64/python3.12/site-packages/pip/_internal/__pycache__/configuration.cpython-312.pyc
[1.873s] -- Up-to-date symlink: /home/hornet/Desktop/pathfollowingbot/install/mobile_robot/share/mobile_robot/model/.venv/lib64/python3.12/site-packages/pip/_internal/__pycache__/exceptions.cpython-312.pyc
[1.873s] -- Up-to-date symlink: /home/hornet/Desktop/pathfollowingbot/install/mobile_robot/share/mobile_robot/model/.venv/lib64/python3.12/site-packages/pip/_internal/__pycache__/main.cpython-312.pyc
[1.874s] -- Up-to-date symlink: /home/hornet/Desktop/pathfollowingbot/install/mobile_robot/share/mobile_robot/model/.venv/lib64/python3.12/site-packages/pip/_internal/__pycache__/pyproject.cpython-312.pyc
[1.874s] -- Up-to-date symlink: /home/hornet/Desktop/pathfollowingbot/install/mobile_robot/share/mobile_robot/model/.venv/lib64/python3.12/site-packages/pip/_internal/__pycache__/self_outdated_check.cpython-312.pyc
[1.874s] -- Up-to-date symlink: /home/hornet/Desktop/pathfollowingbot/install/mobile_robot/share/mobile_robot/model/.venv/lib64/python3.12/site-packages/pip/_internal/__pycache__/wheel_builder.cpython-312.pyc
[1.874s] -- Up-to-date symlink: /home/hornet/Desktop/pathfollowingbot/install/mobile_robot/share/mobile_robot/model/.venv/lib64/python3.12/site-packages/pip/_internal/build_env.py
[1.874s] -- Up-to-date symlink: /home/hornet/Desktop/pathfollowingbot/install/mobile_robot/share/mobile_robot/model/.venv/lib64/python3.12/site-packages/pip/_internal/cache.py
[1.874s] -- Up-to-date symlink: /home/hornet/Desktop/pathfollowingbot/install/mobile_robot/share/mobile_robot/model/.venv/lib64/python3.12/site-packages/pip/_internal/cli/__init__.py
[1.874s] -- Up-to-date symlink: /home/hornet/Desktop/pathfollowingbot/install/mobile_robot/share/mobile_robot/model/.venv/lib64/python3.12/site-packages/pip/_internal/cli/__pycache__/__init__.cpython-312.pyc
[1.874s] -- Up-to-date symlink: /home/hornet/Desktop/pathfollowingbot/install/mobile_robot/share/mobile_robot/model/.venv/lib64/python3.12/site-packages/pip/_internal/cli/__pycache__/autocompletion.cpython-312.pyc
[1.874s] -- Up-to-date symlink: /home/hornet/Desktop/pathfollowingbot/install/mobile_robot/share/mobile_robot/model/.venv/lib64/python3.12/site-packages/pip/_internal/cli/__pycache__/base_command.cpython-312.pyc
[1.874s] -- Up-to-date symlink: /home/hornet/Desktop/pathfollowingbot/install/mobile_robot/share/mobile_robot/model/.venv/lib64/python3.12/site-packages/pip/_internal/cli/__pycache__/cmdoptions.cpython-312.pyc
[1.874s] -- Up-to-date symlink: /home/hornet/Desktop/pathfollowingbot/install/mobile_robot/share/mobile_robot/model/.venv/lib64/python3.12/site-packages/pip/_internal/cli/__pycache__/command_context.cpython-312.pyc
[1.874s] -- Up-to-date symlink: /home/hornet/Desktop/pathfollowingbot/install/mobile_robot/share/mobile_robot/model/.venv/lib64/python3.12/site-packages/pip/_internal/cli/__pycache__/index_command.cpython-312.pyc
[1.874s] -- Up-to-date symlink: /home/hornet/Desktop/pathfollowingbot/install/mobile_robot/share/mobile_robot/model/.venv/lib64/python3.12/site-packages/pip/_internal/cli/__pycache__/main.cpython-312.pyc
[1.874s] -- Up-to-date symlink: /home/hornet/Desktop/pathfollowingbot/install/mobile_robot/share/mobile_robot/model/.venv/lib64/python3.12/site-packages/pip/_internal/cli/__pycache__/main_parser.cpython-312.pyc
[1.874s] -- Up-to-date symlink: /home/hornet/Desktop/pathfollowingbot/install/mobile_robot/share/mobile_robot/model/.venv/lib64/python3.12/site-packages/pip/_internal/cli/__pycache__/parser.cpython-312.pyc
[1.874s] -- Up-to-date symlink: /home/hornet/Desktop/pathfollowingbot/install/mobile_robot/share/mobile_robot/model/.venv/lib64/python3.12/site-packages/pip/_internal/cli/__pycache__/progress_bars.cpython-312.pyc
[1.874s] -- Up-to-date symlink: /home/hornet/Desktop/pathfollowingbot/install/mobile_robot/share/mobile_robot/model/.venv/lib64/python3.12/site-packages/pip/_internal/cli/__pycache__/req_command.cpython-312.pyc
[1.874s] -- Up-to-date symlink: /home/hornet/Desktop/pathfollowingbot/install/mobile_robot/share/mobile_robot/model/.venv/lib64/python3.12/site-packages/pip/_internal/cli/__pycache__/spinners.cpython-312.pyc
[1.874s] -- Up-to-date symlink: /home/hornet/Desktop/pathfollowingbot/install/mobile_robot/share/mobile_robot/model/.venv/lib64/python3.12/site-packages/pip/_internal/cli/__pycache__/status_codes.cpython-312.pyc
[1.874s] -- Up-to-date symlink: /home/hornet/Desktop/pathfollowingbot/install/mobile_robot/share/mobile_robot/model/.venv/lib64/python3.12/site-packages/pip/_internal/cli/autocompletion.py
[1.874s] -- Up-to-date symlink: /home/hornet/Desktop/pathfollowingbot/install/mobile_robot/share/mobile_robot/model/.venv/lib64/python3.12/site-packages/pip/_internal/cli/base_command.py
[1.875s] -- Up-to-date symlink: /home/hornet/Desktop/pathfollowingbot/install/mobile_robot/share/mobile_robot/model/.venv/lib64/python3.12/site-packages/pip/_internal/cli/cmdoptions.py
[1.875s] -- Up-to-date symlink: /home/hornet/Desktop/pathfollowingbot/install/mobile_robot/share/mobile_robot/model/.venv/lib64/python3.12/site-packages/pip/_internal/cli/command_context.py
[1.875s] -- Up-to-date symlink: /home/hornet/Desktop/pathfollowingbot/install/mobile_robot/share/mobile_robot/model/.venv/lib64/python3.12/site-packages/pip/_internal/cli/index_command.py
[1.875s] -- Up-to-date symlink: /home/hornet/Desktop/pathfollowingbot/install/mobile_robot/share/mobile_robot/model/.venv/lib64/python3.12/site-packages/pip/_internal/cli/main.py
[1.875s] -- Up-to-date symlink: /home/hornet/Desktop/pathfollowingbot/install/mobile_robot/share/mobile_robot/model/.venv/lib64/python3.12/site-packages/pip/_internal/cli/main_parser.py
[1.875s] -- Up-to-date symlink: /home/hornet/Desktop/pathfollowingbot/install/mobile_robot/share/mobile_robot/model/.venv/lib64/python3.12/site-packages/pip/_internal/cli/parser.py
[1.875s] -- Up-to-date symlink: /home/hornet/Desktop/pathfollowingbot/install/mobile_robot/share/mobile_robot/model/.venv/lib64/python3.12/site-packages/pip/_internal/cli/progress_bars.py
[1.875s] -- Up-to-date symlink: /home/hornet/Desktop/pathfollowingbot/install/mobile_robot/share/mobile_robot/model/.venv/lib64/python3.12/site-packages/pip/_internal/cli/req_command.py
[1.875s] -- Up-to-date symlink: /home/hornet/Desktop/pathfollowingbot/install/mobile_robot/share/mobile_robot/model/.venv/lib64/python3.12/site-packages/pip/_internal/cli/spinners.py
[1.875s] -- Up-to-date symlink: /home/hornet/Desktop/pathfollowingbot/install/mobile_robot/share/mobile_robot/model/.venv/lib64/python3.12/site-packages/pip/_internal/cli/status_codes.py
[1.875s] -- Up-to-date symlink: /home/hornet/Desktop/pathfollowingbot/install/mobile_robot/share/mobile_robot/model/.venv/lib64/python3.12/site-packages/pip/_internal/commands/__init__.py
[1.875s] -- Up-to-date symlink: /home/hornet/Desktop/pathfollowingbot/install/mobile_robot/share/mobile_robot/model/.venv/lib64/python3.12/site-packages/pip/_internal/commands/__pycache__/__init__.cpython-312.pyc
[1.875s] -- Up-to-date symlink: /home/hornet/Desktop/pathfollowingbot/install/mobile_robot/share/mobile_robot/model/.venv/lib64/python3.12/site-packages/pip/_internal/commands/__pycache__/cache.cpython-312.pyc
[1.875s] -- Up-to-date symlink: /home/hornet/Desktop/pathfollowingbot/install/mobile_robot/share/mobile_robot/model/.venv/lib64/python3.12/site-packages/pip/_internal/commands/__pycache__/check.cpython-312.pyc
[1.875s] -- Up-to-date symlink: /home/hornet/Desktop/pathfollowingbot/install/mobile_robot/share/mobile_robot/model/.venv/lib64/python3.12/site-packages/pip/_internal/commands/__pycache__/completion.cpython-312.pyc
[1.875s] -- Up-to-date symlink: /home/hornet/Desktop/pathfollowingbot/install/mobile_robot/share/mobile_robot/model/.venv/lib64/python3.12/site-packages/pip/_internal/commands/__pycache__/configuration.cpython-312.pyc
[1.875s] -- Up-to-date symlink: /home/hornet/Desktop/pathfollowingbot/install/mobile_robot/share/mobile_robot/model/.venv/lib64/python3.12/site-packages/pip/_internal/commands/__pycache__/debug.cpython-312.pyc
[1.875s] -- Up-to-date symlink: /home/hornet/Desktop/pathfollowingbot/install/mobile_robot/share/mobile_robot/model/.venv/lib64/python3.12/site-packages/pip/_internal/commands/__pycache__/download.cpython-312.pyc
[1.875s] -- Up-to-date symlink: /home/hornet/Desktop/pathfollowingbot/install/mobile_robot/share/mobile_robot/model/.venv/lib64/python3.12/site-packages/pip/_internal/commands/__pycache__/freeze.cpython-312.pyc
[1.875s] -- Up-to-date symlink: /home/hornet/Desktop/pathfollowingbot/install/mobile_robot/share/mobile_robot/model/.venv/lib64/python3.12/site-packages/pip/_internal/commands/__pycache__/hash.cpython-312.pyc
[1.875s] -- Up-to-date symlink: /home/hornet/Desktop/pathfollowingbot/install/mobile_robot/share/mobile_robot/model/.venv/lib64/python3.12/site-packages/pip/_internal/commands/__pycache__/help.cpython-312.pyc
[1.875s] -- Up-to-date symlink: /home/hornet/Desktop/pathfollowingbot/install/mobile_robot/share/mobile_robot/model/.venv/lib64/python3.12/site-packages/pip/_internal/commands/__pycache__/index.cpython-312.pyc
[1.875s] -- Up-to-date symlink: /home/hornet/Desktop/pathfollowingbot/install/mobile_robot/share/mobile_robot/model/.venv/lib64/python3.12/site-packages/pip/_internal/commands/__pycache__/inspect.cpython-312.pyc
[1.876s] -- Up-to-date symlink: /home/hornet/Desktop/pathfollowingbot/install/mobile_robot/share/mobile_robot/model/.venv/lib64/python3.12/site-packages/pip/_internal/commands/__pycache__/install.cpython-312.pyc
[1.876s] -- Up-to-date symlink: /home/hornet/Desktop/pathfollowingbot/install/mobile_robot/share/mobile_robot/model/.venv/lib64/python3.12/site-packages/pip/_internal/commands/__pycache__/list.cpython-312.pyc
[1.876s] -- Up-to-date symlink: /home/hornet/Desktop/pathfollowingbot/install/mobile_robot/share/mobile_robot/model/.venv/lib64/python3.12/site-packages/pip/_internal/commands/__pycache__/lock.cpython-312.pyc
[1.876s] -- Up-to-date symlink: /home/hornet/Desktop/pathfollowingbot/install/mobile_robot/share/mobile_robot/model/.venv/lib64/python3.12/site-packages/pip/_internal/commands/__pycache__/search.cpython-312.pyc
[1.876s] -- Up-to-date symlink: /home/hornet/Desktop/pathfollowingbot/install/mobile_robot/share/mobile_robot/model/.venv/lib64/python3.12/site-packages/pip/_internal/commands/__pycache__/show.cpython-312.pyc
[1.876s] -- Up-to-date symlink: /home/hornet/Desktop/pathfollowingbot/install/mobile_robot/share/mobile_robot/model/.venv/lib64/python3.12/site-packages/pip/_internal/commands/__pycache__/uninstall.cpython-312.pyc
[1.876s] -- Up-to-date symlink: /home/hornet/Desktop/pathfollowingbot/install/mobile_robot/share/mobile_robot/model/.venv/lib64/python3.12/site-packages/pip/_internal/commands/__pycache__/wheel.cpython-312.pyc
[1.876s] -- Up-to-date symlink: /home/hornet/Desktop/pathfollowingbot/install/mobile_robot/share/mobile_robot/model/.venv/lib64/python3.12/site-packages/pip/_internal/commands/cache.py
[1.876s] -- Up-to-date symlink: /home/hornet/Desktop/pathfollowingbot/install/mobile_robot/share/mobile_robot/model/.venv/lib64/python3.12/site-packages/pip/_internal/commands/check.py
[1.876s] -- Up-to-date symlink: /home/hornet/Desktop/pathfollowingbot/install/mobile_robot/share/mobile_robot/model/.venv/lib64/python3.12/site-packages/pip/_internal/commands/completion.py
[1.876s] -- Up-to-date symlink: /home/hornet/Desktop/pathfollowingbot/install/mobile_robot/share/mobile_robot/model/.venv/lib64/python3.12/site-packages/pip/_internal/commands/configuration.py
[1.876s] -- Up-to-date symlink: /home/hornet/Desktop/pathfollowingbot/install/mobile_robot/share/mobile_robot/model/.venv/lib64/python3.12/site-packages/pip/_internal/commands/debug.py
[1.876s] -- Up-to-date symlink: /home/hornet/Desktop/pathfollowingbot/install/mobile_robot/share/mobile_robot/model/.venv/lib64/python3.12/site-packages/pip/_internal/commands/download.py
[1.876s] -- Up-to-date symlink: /home/hornet/Desktop/pathfollowingbot/install/mobile_robot/share/mobile_robot/model/.venv/lib64/python3.12/site-packages/pip/_internal/commands/freeze.py
[1.876s] -- Up-to-date symlink: /home/hornet/Desktop/pathfollowingbot/install/mobile_robot/share/mobile_robot/model/.venv/lib64/python3.12/site-packages/pip/_internal/commands/hash.py
[1.876s] -- Up-to-date symlink: /home/hornet/Desktop/pathfollowingbot/install/mobile_robot/share/mobile_robot/model/.venv/lib64/python3.12/site-packages/pip/_internal/commands/help.py
[1.876s] -- Up-to-date symlink: /home/hornet/Desktop/pathfollowingbot/install/mobile_robot/share/mobile_robot/model/.venv/lib64/python3.12/site-packages/pip/_internal/commands/index.py
[1.876s] -- Up-to-date symlink: /home/hornet/Desktop/pathfollowingbot/install/mobile_robot/share/mobile_robot/model/.venv/lib64/python3.12/site-packages/pip/_internal/commands/inspect.py
[1.876s] -- Up-to-date symlink: /home/hornet/Desktop/pathfollowingbot/install/mobile_robot/share/mobile_robot/model/.venv/lib64/python3.12/site-packages/pip/_internal/commands/install.py
[1.876s] -- Up-to-date symlink: /home/hornet/Desktop/pathfollowingbot/install/mobile_robot/share/mobile_robot/model/.venv/lib64/python3.12/site-packages/pip/_internal/commands/list.py
[1.877s] -- Up-to-date symlink: /home/hornet/Desktop/pathfollowingbot/install/mobile_robot/share/mobile_robot/model/.venv/lib64/python3.12/site-packages/pip/_internal/commands/lock.py
[1.877s] -- Up-to-date symlink: /home/hornet/Desktop/pathfollowingbot/install/mobile_robot/share/mobile_robot/model/.venv/lib64/python3.12/site-packages/pip/_internal/commands/search.py
[1.877s] -- Up-to-date symlink: /home/hornet/Desktop/pathfollowingbot/install/mobile_robot/share/mobile_robot/model/.venv/lib64/python3.12/site-packages/pip/_internal/commands/show.py
[1.877s] -- Up-to-date symlink: /home/hornet/Desktop/pathfollowingbot/install/mobile_robot/share/mobile_robot/model/.venv/lib64/python3.12/site-packages/pip/_internal/commands/uninstall.py
[1.877s] -- Up-to-date symlink: /home/hornet/Desktop/pathfollowingbot/install/mobile_robot/share/mobile_robot/model/.venv/lib64/python3.12/site-packages/pip/_internal/commands/wheel.py
[1.877s] -- Up-to-date symlink: /home/hornet/Desktop/pathfollowingbot/install/mobile_robot/share/mobile_robot/model/.venv/lib64/python3.12/site-packages/pip/_internal/configuration.py
[1.877s] -- Up-to-date symlink: /home/hornet/Desktop/pathfollowingbot/install/mobile_robot/share/mobile_robot/model/.venv/lib64/python3.12/site-packages/pip/_internal/distributions/__init__.py
[1.877s] -- Up-to-date symlink: /home/hornet/Desktop/pathfollowingbot/install/mobile_robot/share/mobile_robot/model/.venv/lib64/python3.12/site-packages/pip/_internal/distributions/__pycache__/__init__.cpython-312.pyc
[1.877s] -- Up-to-date symlink: /home/hornet/Desktop/pathfollowingbot/install/mobile_robot/share/mobile_robot/model/.venv/lib64/python3.12/site-packages/pip/_internal/distributions/__pycache__/base.cpython-312.pyc
[1.877s] -- Up-to-date symlink: /home/hornet/Desktop/pathfollowingbot/install/mobile_robot/share/mobile_robot/model/.venv/lib64/python3.12/site-packages/pip/_internal/distributions/__pycache__/installed.cpython-312.pyc
[1.877s] -- Up-to-date symlink: /home/hornet/Desktop/pathfollowingbot/install/mobile_robot/share/mobile_robot/model/.venv/lib64/python3.12/site-packages/pip/_internal/distributions/__pycache__/sdist.cpython-312.pyc
[1.877s] -- Up-to-date symlink: /home/hornet/Desktop/pathfollowingbot/install/mobile_robot/share/mobile_robot/model/.venv/lib64/python3.12/site-packages/pip/_internal/distributions/__pycache__/wheel.cpython-312.pyc
[1.877s] -- Up-to-date symlink: /home/hornet/Desktop/pathfollowingbot/install/mobile_robot/share/mobile_robot/model/.venv/lib64/python3.12/site-packages/pip/_internal/distributions/base.py
[1.877s] -- Up-to-date symlink: /home/hornet/Desktop/pathfollowingbot/install/mobile_robot/share/mobile_robot/model/.venv/lib64/python3.12/site-packages/pip/_internal/distributions/installed.py
[1.877s] -- Up-to-date symlink: /home/hornet/Desktop/pathfollowingbot/install/mobile_robot/share/mobile_robot/model/.venv/lib64/python3.12/site-packages/pip/_internal/distributions/sdist.py
[1.877s] -- Up-to-date symlink: /home/hornet/Desktop/pathfollowingbot/install/mobile_robot/share/mobile_robot/model/.venv/lib64/python3.12/site-packages/pip/_internal/distributions/wheel.py
[1.877s] -- Up-to-date symlink: /home/hornet/Desktop/pathfollowingbot/install/mobile_robot/share/mobile_robot/model/.venv/lib64/python3.12/site-packages/pip/_internal/exceptions.py
[1.877s] -- Up-to-date symlink: /home/hornet/Desktop/pathfollowingbot/install/mobile_robot/share/mobile_robot/model/.venv/lib64/python3.12/site-packages/pip/_internal/index/__init__.py
[1.877s] -- Up-to-date symlink: /home/hornet/Desktop/pathfollowingbot/install/mobile_robot/share/mobile_robot/model/.venv/lib64/python3.12/site-packages/pip/_internal/index/__pycache__/__init__.cpython-312.pyc
[1.877s] -- Up-to-date symlink: /home/hornet/Desktop/pathfollowingbot/install/mobile_robot/share/mobile_robot/model/.venv/lib64/python3.12/site-packages/pip/_internal/index/__pycache__/collector.cpython-312.pyc
[1.877s] -- Up-to-date symlink: /home/hornet/Desktop/pathfollowingbot/install/mobile_robot/share/mobile_robot/model/.venv/lib64/python3.12/site-packages/pip/_internal/index/__pycache__/package_finder.cpython-312.pyc
[1.877s] -- Up-to-date symlink: /home/hornet/Desktop/pathfollowingbot/install/mobile_robot/share/mobile_robot/model/.venv/lib64/python3.12/site-packages/pip/_internal/index/__pycache__/sources.cpython-312.pyc
[1.878s] -- Up-to-date symlink: /home/hornet/Desktop/pathfollowingbot/install/mobile_robot/share/mobile_robot/model/.venv/lib64/python3.12/site-packages/pip/_internal/index/collector.py
[1.878s] -- Up-to-date symlink: /home/hornet/Desktop/pathfollowingbot/install/mobile_robot/share/mobile_robot/model/.venv/lib64/python3.12/site-packages/pip/_internal/index/package_finder.py
[1.878s] -- Up-to-date symlink: /home/hornet/Desktop/pathfollowingbot/install/mobile_robot/share/mobile_robot/model/.venv/lib64/python3.12/site-packages/pip/_internal/index/sources.py
[1.878s] -- Up-to-date symlink: /home/hornet/Desktop/pathfollowingbot/install/mobile_robot/share/mobile_robot/model/.venv/lib64/python3.12/site-packages/pip/_internal/locations/__init__.py
[1.878s] -- Up-to-date symlink: /home/hornet/Desktop/pathfollowingbot/install/mobile_robot/share/mobile_robot/model/.venv/lib64/python3.12/site-packages/pip/_internal/locations/__pycache__/__init__.cpython-312.pyc
[1.878s] -- Up-to-date symlink: /home/hornet/Desktop/pathfollowingbot/install/mobile_robot/share/mobile_robot/model/.venv/lib64/python3.12/site-packages/pip/_internal/locations/__pycache__/_distutils.cpython-312.pyc
[1.878s] -- Up-to-date symlink: /home/hornet/Desktop/pathfollowingbot/install/mobile_robot/share/mobile_robot/model/.venv/lib64/python3.12/site-packages/pip/_internal/locations/__pycache__/_sysconfig.cpython-312.pyc
[1.878s] -- Up-to-date symlink: /home/hornet/Desktop/pathfollowingbot/install/mobile_robot/share/mobile_robot/model/.venv/lib64/python3.12/site-packages/pip/_internal/locations/__pycache__/base.cpython-312.pyc
[1.878s] -- Up-to-date symlink: /home/hornet/Desktop/pathfollowingbot/install/mobile_robot/share/mobile_robot/model/.venv/lib64/python3.12/site-packages/pip/_internal/locations/_distutils.py
[1.878s] -- Up-to-date symlink: /home/hornet/Desktop/pathfollowingbot/install/mobile_robot/share/mobile_robot/model/.venv/lib64/python3.12/site-packages/pip/_internal/locations/_sysconfig.py
[1.878s] -- Up-to-date symlink: /home/hornet/Desktop/pathfollowingbot/install/mobile_robot/share/mobile_robot/model/.venv/lib64/python3.12/site-packages/pip/_internal/locations/base.py
[1.878s] -- Up-to-date symlink: /home/hornet/Desktop/pathfollowingbot/install/mobile_robot/share/mobile_robot/model/.venv/lib64/python3.12/site-packages/pip/_internal/main.py
[1.878s] -- Up-to-date symlink: /home/hornet/Desktop/pathfollowingbot/install/mobile_robot/share/mobile_robot/model/.venv/lib64/python3.12/site-packages/pip/_internal/metadata/__init__.py
[1.878s] -- Up-to-date symlink: /home/hornet/Desktop/pathfollowingbot/install/mobile_robot/share/mobile_robot/model/.venv/lib64/python3.12/site-packages/pip/_internal/metadata/__pycache__/__init__.cpython-312.pyc
[1.878s] -- Up-to-date symlink: /home/hornet/Desktop/pathfollowingbot/install/mobile_robot/share/mobile_robot/model/.venv/lib64/python3.12/site-packages/pip/_internal/metadata/__pycache__/_json.cpython-312.pyc
[1.878s] -- Up-to-date symlink: /home/hornet/Desktop/pathfollowingbot/install/mobile_robot/share/mobile_robot/model/.venv/lib64/python3.12/site-packages/pip/_internal/metadata/__pycache__/base.cpython-312.pyc
[1.878s] -- Up-to-date symlink: /home/hornet/Desktop/pathfollowingbot/install/mobile_robot/share/mobile_robot/model/.venv/lib64/python3.12/site-packages/pip/_internal/metadata/__pycache__/pkg_resources.cpython-312.pyc
[1.879s] -- Up-to-date symlink: /home/hornet/Desktop/pathfollowingbot/install/mobile_robot/share/mobile_robot/model/.venv/lib64/python3.12/site-packages/pip/_internal/metadata/_json.py
[1.879s] -- Up-to-date symlink: /home/hornet/Desktop/pathfollowingbot/install/mobile_robot/share/mobile_robot/model/.venv/lib64/python3.12/site-packages/pip/_internal/metadata/base.py
[1.879s] -- Up-to-date symlink: /home/hornet/Desktop/pathfollowingbot/install/mobile_robot/share/mobile_robot/model/.venv/lib64/python3.12/site-packages/pip/_internal/metadata/importlib/__init__.py
[1.879s] -- Up-to-date symlink: /home/hornet/Desktop/pathfollowingbot/install/mobile_robot/share/mobile_robot/model/.venv/lib64/python3.12/site-packages/pip/_internal/metadata/importlib/__pycache__/__init__.cpython-312.pyc
[1.879s] -- Up-to-date symlink: /home/hornet/Desktop/pathfollowingbot/install/mobile_robot/share/mobile_robot/model/.venv/lib64/python3.12/site-packages/pip/_internal/metadata/importlib/__pycache__/_compat.cpython-312.pyc
[1.879s] -- Up-to-date symlink: /home/hornet/Desktop/pathfollowingbot/install/mobile_robot/share/mobile_robot/model/.venv/lib64/python3.12/site-packages/pip/_internal/metadata/importlib/__pycache__/_dists.cpython-312.pyc
[1.879s] -- Up-to-date symlink: /home/hornet/Desktop/pathfollowingbot/install/mobile_robot/share/mobile_robot/model/.venv/lib64/python3.12/site-packages/pip/_internal/metadata/importlib/__pycache__/_envs.cpython-312.pyc
[1.879s] -- Up-to-date symlink: /home/hornet/Desktop/pathfollowingbot/install/mobile_robot/share/mobile_robot/model/.venv/lib64/python3.12/site-packages/pip/_internal/metadata/importlib/_compat.py
[1.879s] -- Up-to-date symlink: /home/hornet/Desktop/pathfollowingbot/install/mobile_robot/share/mobile_robot/model/.venv/lib64/python3.12/site-packages/pip/_internal/metadata/importlib/_dists.py
[1.879s] -- Up-to-date symlink: /home/hornet/Desktop/pathfollowingbot/install/mobile_robot/share/mobile_robot/model/.venv/lib64/python3.12/site-packages/pip/_internal/metadata/importlib/_envs.py
[1.879s] -- Up-to-date symlink: /home/hornet/Desktop/pathfollowingbot/install/mobile_robot/share/mobile_robot/model/.venv/lib64/python3.12/site-packages/pip/_internal/metadata/pkg_resources.py
[1.879s] -- Up-to-date symlink: /home/hornet/Desktop/pathfollowingbot/install/mobile_robot/share/mobile_robot/model/.venv/lib64/python3.12/site-packages/pip/_internal/models/__init__.py
[1.879s] -- Up-to-date symlink: /home/hornet/Desktop/pathfollowingbot/install/mobile_robot/share/mobile_robot/model/.venv/lib64/python3.12/site-packages/pip/_internal/models/__pycache__/__init__.cpython-312.pyc
[1.879s] -- Up-to-date symlink: /home/hornet/Desktop/pathfollowingbot/install/mobile_robot/share/mobile_robot/model/.venv/lib64/python3.12/site-packages/pip/_internal/models/__pycache__/candidate.cpython-312.pyc
[1.879s] -- Up-to-date symlink: /home/hornet/Desktop/pathfollowingbot/install/mobile_robot/share/mobile_robot/model/.venv/lib64/python3.12/site-packages/pip/_internal/models/__pycache__/direct_url.cpython-312.pyc
[1.879s] -- Up-to-date symlink: /home/hornet/Desktop/pathfollowingbot/install/mobile_robot/share/mobile_robot/model/.venv/lib64/python3.12/site-packages/pip/_internal/models/__pycache__/format_control.cpython-312.pyc
[1.879s] -- Up-to-date symlink: /home/hornet/Desktop/pathfollowingbot/install/mobile_robot/share/mobile_robot/model/.venv/lib64/python3.12/site-packages/pip/_internal/models/__pycache__/index.cpython-312.pyc
[1.879s] -- Up-to-date symlink: /home/hornet/Desktop/pathfollowingbot/install/mobile_robot/share/mobile_robot/model/.venv/lib64/python3.12/site-packages/pip/_internal/models/__pycache__/installation_report.cpython-312.pyc
[1.880s] -- Up-to-date symlink: /home/hornet/Desktop/pathfollowingbot/install/mobile_robot/share/mobile_robot/model/.venv/lib64/python3.12/site-packages/pip/_internal/models/__pycache__/link.cpython-312.pyc
[1.880s] -- Up-to-date symlink: /home/hornet/Desktop/pathfollowingbot/install/mobile_robot/share/mobile_robot/model/.venv/lib64/python3.12/site-packages/pip/_internal/models/__pycache__/pylock.cpython-312.pyc
[1.880s] -- Up-to-date symlink: /home/hornet/Desktop/pathfollowingbot/install/mobile_robot/share/mobile_robot/model/.venv/lib64/python3.12/site-packages/pip/_internal/models/__pycache__/scheme.cpython-312.pyc
[1.880s] -- Up-to-date symlink: /home/hornet/Desktop/pathfollowingbot/install/mobile_robot/share/mobile_robot/model/.venv/lib64/python3.12/site-packages/pip/_internal/models/__pycache__/search_scope.cpython-312.pyc
[1.880s] -- Up-to-date symlink: /home/hornet/Desktop/pathfollowingbot/install/mobile_robot/share/mobile_robot/model/.venv/lib64/python3.12/site-packages/pip/_internal/models/__pycache__/selection_prefs.cpython-312.pyc
[1.880s] -- Up-to-date symlink: /home/hornet/Desktop/pathfollowingbot/install/mobile_robot/share/mobile_robot/model/.venv/lib64/python3.12/site-packages/pip/_internal/models/__pycache__/target_python.cpython-312.pyc
[1.880s] -- Up-to-date symlink: /home/hornet/Desktop/pathfollowingbot/install/mobile_robot/share/mobile_robot/model/.venv/lib64/python3.12/site-packages/pip/_internal/models/__pycache__/wheel.cpython-312.pyc
[1.880s] -- Up-to-date symlink: /home/hornet/Desktop/pathfollowingbot/install/mobile_robot/share/mobile_robot/model/.venv/lib64/python3.12/site-packages/pip/_internal/models/candidate.py
[1.880s] -- Up-to-date symlink: /home/hornet/Desktop/pathfollowingbot/install/mobile_robot/share/mobile_robot/model/.venv/lib64/python3.12/site-packages/pip/_internal/models/direct_url.py
[1.880s] -- Up-to-date symlink: /home/hornet/Desktop/pathfollowingbot/install/mobile_robot/share/mobile_robot/model/.venv/lib64/python3.12/site-packages/pip/_internal/models/format_control.py
[1.880s] -- Up-to-date symlink: /home/hornet/Desktop/pathfollowingbot/install/mobile_robot/share/mobile_robot/model/.venv/lib64/python3.12/site-packages/pip/_internal/models/index.py
[1.880s] -- Up-to-date symlink: /home/hornet/Desktop/pathfollowingbot/install/mobile_robot/share/mobile_robot/model/.venv/lib64/python3.12/site-packages/pip/_internal/models/installation_report.py
[1.880s] -- Up-to-date symlink: /home/hornet/Desktop/pathfollowingbot/install/mobile_robot/share/mobile_robot/model/.venv/lib64/python3.12/site-packages/pip/_internal/models/link.py
[1.880s] -- Up-to-date symlink: /home/hornet/Desktop/pathfollowingbot/install/mobile_robot/share/mobile_robot/model/.venv/lib64/python3.12/site-packages/pip/_internal/models/pylock.py
[1.880s] -- Up-to-date symlink: /home/hornet/Desktop/pathfollowingbot/install/mobile_robot/share/mobile_robot/model/.venv/lib64/python3.12/site-packages/pip/_internal/models/scheme.py
[1.880s] -- Up-to-date symlink: /home/hornet/Desktop/pathfollowingbot/install/mobile_robot/share/mobile_robot/model/.venv/lib64/python3.12/site-packages/pip/_internal/models/search_scope.py
[1.880s] -- Up-to-date symlink: /home/hornet/Desktop/pathfollowingbot/install/mobile_robot/share/mobile_robot/model/.venv/lib64/python3.12/site-packages/pip/_internal/models/selection_prefs.py
[1.880s] -- Up-to-date symlink: /home/hornet/Desktop/pathfollowingbot/install/mobile_robot/share/mobile_robot/model/.venv/lib64/python3.12/site-packages/pip/_internal/models/target_python.py
[1.880s] -- Up-to-date symlink: /home/hornet/Desktop/pathfollowingbot/install/mobile_robot/share/mobile_robot/model/.venv/lib64/python3.12/site-packages/pip/_internal/models/wheel.py
[1.880s] -- Up-to-date symlink: /home/hornet/Desktop/pathfollowingbot/install/mobile_robot/share/mobile_robot/model/.venv/lib64/python3.12/site-packages/pip/_internal/network/__init__.py
[1.881s] -- Up-to-date symlink: /home/hornet/Desktop/pathfollowingbot/install/mobile_robot/share/mobile_robot/model/.venv/lib64/python3.12/site-packages/pip/_internal/network/__pycache__/__init__.cpython-312.pyc
[1.881s] -- Up-to-date symlink: /home/hornet/Desktop/pathfollowingbot/install/mobile_robot/share/mobile_robot/model/.venv/lib64/python3.12/site-packages/pip/_internal/network/__pycache__/auth.cpython-312.pyc
[1.881s] -- Up-to-date symlink: /home/hornet/Desktop/pathfollowingbot/install/mobile_robot/share/mobile_robot/model/.venv/lib64/python3.12/site-packages/pip/_internal/network/__pycache__/cache.cpython-312.pyc
[1.881s] -- Up-to-date symlink: /home/hornet/Desktop/pathfollowingbot/install/mobile_robot/share/mobile_robot/model/.venv/lib64/python3.12/site-packages/pip/_internal/network/__pycache__/download.cpython-312.pyc
[1.881s] -- Up-to-date symlink: /home/hornet/Desktop/pathfollowingbot/install/mobile_robot/share/mobile_robot/model/.venv/lib64/python3.12/site-packages/pip/_internal/network/__pycache__/lazy_wheel.cpython-312.pyc
[1.881s] -- Up-to-date symlink: /home/hornet/Desktop/pathfollowingbot/install/mobile_robot/share/mobile_robot/model/.venv/lib64/python3.12/site-packages/pip/_internal/network/__pycache__/session.cpython-312.pyc
[1.881s] -- Up-to-date symlink: /home/hornet/Desktop/pathfollowingbot/install/mobile_robot/share/mobile_robot/model/.venv/lib64/python3.12/site-packages/pip/_internal/network/__pycache__/utils.cpython-312.pyc
[1.881s] -- Up-to-date symlink: /home/hornet/Desktop/pathfollowingbot/install/mobile_robot/share/mobile_robot/model/.venv/lib64/python3.12/site-packages/pip/_internal/network/__pycache__/xmlrpc.cpython-312.pyc
[1.881s] -- Up-to-date symlink: /home/hornet/Desktop/pathfollowingbot/install/mobile_robot/share/mobile_robot/model/.venv/lib64/python3.12/site-packages/pip/_internal/network/auth.py
[1.881s] -- Up-to-date symlink: /home/hornet/Desktop/pathfollowingbot/install/mobile_robot/share/mobile_robot/model/.venv/lib64/python3.12/site-packages/pip/_internal/network/cache.py
[1.881s] -- Up-to-date symlink: /home/hornet/Desktop/pathfollowingbot/install/mobile_robot/share/mobile_robot/model/.venv/lib64/python3.12/site-packages/pip/_internal/network/download.py
[1.881s] -- Up-to-date symlink: /home/hornet/Desktop/pathfollowingbot/install/mobile_robot/share/mobile_robot/model/.venv/lib64/python3.12/site-packages/pip/_internal/network/lazy_wheel.py
[1.881s] -- Up-to-date symlink: /home/hornet/Desktop/pathfollowingbot/install/mobile_robot/share/mobile_robot/model/.venv/lib64/python3.12/site-packages/pip/_internal/network/session.py
[1.881s] -- Up-to-date symlink: /home/hornet/Desktop/pathfollowingbot/install/mobile_robot/share/mobile_robot/model/.venv/lib64/python3.12/site-packages/pip/_internal/network/utils.py
[1.881s] -- Up-to-date symlink: /home/hornet/Desktop/pathfollowingbot/install/mobile_robot/share/mobile_robot/model/.venv/lib64/python3.12/site-packages/pip/_internal/network/xmlrpc.py
[1.882s] -- Up-to-date symlink: /home/hornet/Desktop/pathfollowingbot/install/mobile_robot/share/mobile_robot/model/.venv/lib64/python3.12/site-packages/pip/_internal/operations/__init__.py
[1.882s] -- Up-to-date symlink: /home/hornet/Desktop/pathfollowingbot/install/mobile_robot/share/mobile_robot/model/.venv/lib64/python3.12/site-packages/pip/_internal/operations/__pycache__/__init__.cpython-312.pyc
[1.882s] -- Up-to-date symlink: /home/hornet/Desktop/pathfollowingbot/install/mobile_robot/share/mobile_robot/model/.venv/lib64/python3.12/site-packages/pip/_internal/operations/__pycache__/check.cpython-312.pyc
[1.882s] -- Up-to-date symlink: /home/hornet/Desktop/pathfollowingbot/install/mobile_robot/share/mobile_robot/model/.venv/lib64/python3.12/site-packages/pip/_internal/operations/__pycache__/freeze.cpython-312.pyc
[1.882s] -- Up-to-date symlink: /home/hornet/Desktop/pathfollowingbot/install/mobile_robot/share/mobile_robot/model/.venv/lib64/python3.12/site-packages/pip/_internal/operations/__pycache__/prepare.cpython-312.pyc
[1.882s] -- Up-to-date symlink: /home/hornet/Desktop/pathfollowingbot/install/mobile_robot/share/mobile_robot/model/.venv/lib64/python3.12/site-packages/pip/_internal/operations/build/__init__.py
[1.882s] -- Up-to-date symlink: /home/hornet/Desktop/pathfollowingbot/install/mobile_robot/share/mobile_robot/model/.venv/lib64/python3.12/site-packages/pip/_internal/operations/build/__pycache__/__init__.cpython-312.pyc
[1.882s] -- Up-to-date symlink: /home/hornet/Desktop/pathfollowingbot/install/mobile_robot/share/mobile_robot/model/.venv/lib64/python3.12/site-packages/pip/_internal/operations/build/__pycache__/build_tracker.cpython-312.pyc
[1.882s] -- Up-to-date symlink: /home/hornet/Desktop/pathfollowingbot/install/mobile_robot/share/mobile_robot/model/.venv/lib64/python3.12/site-packages/pip/_internal/operations/build/__pycache__/metadata.cpython-312.pyc
[1.882s] -- Up-to-date symlink: /home/hornet/Desktop/pathfollowingbot/install/mobile_robot/share/mobile_robot/model/.venv/lib64/python3.12/site-packages/pip/_internal/operations/build/__pycache__/metadata_editable.cpython-312.pyc
[1.882s] -- Up-to-date symlink: /home/hornet/Desktop/pathfollowingbot/install/mobile_robot/share/mobile_robot/model/.venv/lib64/python3.12/site-packages/pip/_internal/operations/build/__pycache__/wheel.cpython-312.pyc
[1.882s] -- Up-to-date symlink: /home/hornet/Desktop/pathfollowingbot/install/mobile_robot/share/mobile_robot/model/.venv/lib64/python3.12/site-packages/pip/_internal/operations/build/__pycache__/wheel_editable.cpython-312.pyc
[1.882s] -- Up-to-date symlink: /home/hornet/Desktop/pathfollowingbot/install/mobile_robot/share/mobile_robot/model/.venv/lib64/python3.12/site-packages/pip/_internal/operations/build/build_tracker.py
[1.882s] -- Up-to-date symlink: /home/hornet/Desktop/pathfollowingbot/install/mobile_robot/share/mobile_robot/model/.venv/lib64/python3.12/site-packages/pip/_internal/operations/build/metadata.py
[1.882s] -- Up-to-date symlink: /home/hornet/Desktop/pathfollowingbot/install/mobile_robot/share/mobile_robot/model/.venv/lib64/python3.12/site-packages/pip/_internal/operations/build/metadata_editable.py
[1.882s] -- Up-to-date symlink: /home/hornet/Desktop/pathfollowingbot/install/mobile_robot/share/mobile_robot/model/.venv/lib64/python3.12/site-packages/pip/_internal/operations/build/wheel.py
[1.883s] -- Up-to-date symlink: /home/hornet/Desktop/pathfollowingbot/install/mobile_robot/share/mobile_robot/model/.venv/lib64/python3.12/site-packages/pip/_internal/operations/build/wheel_editable.py
[1.883s] -- Up-to-date symlink: /home/hornet/Desktop/pathfollowingbot/install/mobile_robot/share/mobile_robot/model/.venv/lib64/python3.12/site-packages/pip/_internal/operations/check.py
[1.883s] -- Up-to-date symlink: /home/hornet/Desktop/pathfollowingbot/install/mobile_robot/share/mobile_robot/model/.venv/lib64/python3.12/site-packages/pip/_internal/operations/freeze.py
[1.883s] -- Up-to-date symlink: /home/hornet/Desktop/pathfollowingbot/install/mobile_robot/share/mobile_robot/model/.venv/lib64/python3.12/site-packages/pip/_internal/operations/install/__init__.py
[1.883s] -- Up-to-date symlink: /home/hornet/Desktop/pathfollowingbot/install/mobile_robot/share/mobile_robot/model/.venv/lib64/python3.12/site-packages/pip/_internal/operations/install/__pycache__/__init__.cpython-312.pyc
[1.883s] -- Up-to-date symlink: /home/hornet/Desktop/pathfollowingbot/install/mobile_robot/share/mobile_robot/model/.venv/lib64/python3.12/site-packages/pip/_internal/operations/install/__pycache__/wheel.cpython-312.pyc
[1.883s] -- Up-to-date symlink: /home/hornet/Desktop/pathfollowingbot/install/mobile_robot/share/mobile_robot/model/.venv/lib64/python3.12/site-packages/pip/_internal/operations/install/wheel.py
[1.883s] -- Up-to-date symlink: /home/hornet/Desktop/pathfollowingbot/install/mobile_robot/share/mobile_robot/model/.venv/lib64/python3.12/site-packages/pip/_internal/operations/prepare.py
[1.883s] -- Up-to-date symlink: /home/hornet/Desktop/pathfollowingbot/install/mobile_robot/share/mobile_robot/model/.venv/lib64/python3.12/site-packages/pip/_internal/pyproject.py
[1.883s] -- Up-to-date symlink: /home/hornet/Desktop/pathfollowingbot/install/mobile_robot/share/mobile_robot/model/.venv/lib64/python3.12/site-packages/pip/_internal/req/__init__.py
[1.883s] -- Up-to-date symlink: /home/hornet/Desktop/pathfollowingbot/install/mobile_robot/share/mobile_robot/model/.venv/lib64/python3.12/site-packages/pip/_internal/req/__pycache__/__init__.cpython-312.pyc
[1.883s] -- Up-to-date symlink: /home/hornet/Desktop/pathfollowingbot/install/mobile_robot/share/mobile_robot/model/.venv/lib64/python3.12/site-packages/pip/_internal/req/__pycache__/constructors.cpython-312.pyc
[1.883s] -- Up-to-date symlink: /home/hornet/Desktop/pathfollowingbot/install/mobile_robot/share/mobile_robot/model/.venv/lib64/python3.12/site-packages/pip/_internal/req/__pycache__/req_dependency_group.cpython-312.pyc
[1.883s] -- Up-to-date symlink: /home/hornet/Desktop/pathfollowingbot/install/mobile_robot/share/mobile_robot/model/.venv/lib64/python3.12/site-packages/pip/_internal/req/__pycache__/req_file.cpython-312.pyc
[1.883s] -- Up-to-date symlink: /home/hornet/Desktop/pathfollowingbot/install/mobile_robot/share/mobile_robot/model/.venv/lib64/python3.12/site-packages/pip/_internal/req/__pycache__/req_install.cpython-312.pyc
[1.883s] -- Up-to-date symlink: /home/hornet/Desktop/pathfollowingbot/install/mobile_robot/share/mobile_robot/model/.venv/lib64/python3.12/site-packages/pip/_internal/req/__pycache__/req_set.cpython-312.pyc
[1.883s] -- Up-to-date symlink: /home/hornet/Desktop/pathfollowingbot/install/mobile_robot/share/mobile_robot/model/.venv/lib64/python3.12/site-packages/pip/_internal/req/__pycache__/req_uninstall.cpython-312.pyc
[1.883s] -- Up-to-date symlink: /home/hornet/Desktop/pathfollowingbot/install/mobile_robot/share/mobile_robot/model/.venv/lib64/python3.12/site-packages/pip/_internal/req/constructors.py
[1.883s] -- Up-to-date symlink: /home/hornet/Desktop/pathfollowingbot/install/mobile_robot/share/mobile_robot/model/.venv/lib64/python3.12/site-packages/pip/_internal/req/req_dependency_group.py
[1.883s] -- Up-to-date symlink: /home/hornet/Desktop/pathfollowingbot/install/mobile_robot/share/mobile_robot/model/.venv/lib64/python3.12/site-packages/pip/_internal/req/req_file.py
[1.883s] -- Up-to-date symlink: /home/hornet/Desktop/pathfollowingbot/install/mobile_robot/share/mobile_robot/model/.venv/lib64/python3.12/site-packages/pip/_internal/req/req_install.py
[1.883s] -- Up-to-date symlink: /home/hornet/Desktop/pathfollowingbot/install/mobile_robot/share/mobile_robot/model/.venv/lib64/python3.12/site-packages/pip/_internal/req/req_set.py
[1.883s] -- Up-to-date symlink: /home/hornet/Desktop/pathfollowingbot/install/mobile_robot/share/mobile_robot/model/.venv/lib64/python3.12/site-packages/pip/_internal/req/req_uninstall.py
[1.884s] -- Up-to-date symlink: /home/hornet/Desktop/pathfollowingbot/install/mobile_robot/share/mobile_robot/model/.venv/lib64/python3.12/site-packages/pip/_internal/resolution/__init__.py
[1.884s] -- Up-to-date symlink: /home/hornet/Desktop/pathfollowingbot/install/mobile_robot/share/mobile_robot/model/.venv/lib64/python3.12/site-packages/pip/_internal/resolution/__pycache__/__init__.cpython-312.pyc
[1.884s] -- Up-to-date symlink: /home/hornet/Desktop/pathfollowingbot/install/mobile_robot/share/mobile_robot/model/.venv/lib64/python3.12/site-packages/pip/_internal/resolution/__pycache__/base.cpython-312.pyc
[1.884s] -- Up-to-date symlink: /home/hornet/Desktop/pathfollowingbot/install/mobile_robot/share/mobile_robot/model/.venv/lib64/python3.12/site-packages/pip/_internal/resolution/base.py
[1.884s] -- Up-to-date symlink: /home/hornet/Desktop/pathfollowingbot/install/mobile_robot/share/mobile_robot/model/.venv/lib64/python3.12/site-packages/pip/_internal/resolution/legacy/__init__.py
[1.884s] -- Up-to-date symlink: /home/hornet/Desktop/pathfollowingbot/install/mobile_robot/share/mobile_robot/model/.venv/lib64/python3.12/site-packages/pip/_internal/resolution/legacy/__pycache__/__init__.cpython-312.pyc
[1.884s] -- Up-to-date symlink: /home/hornet/Desktop/pathfollowingbot/install/mobile_robot/share/mobile_robot/model/.venv/lib64/python3.12/site-packages/pip/_internal/resolution/legacy/__pycache__/resolver.cpython-312.pyc
[1.884s] -- Up-to-date symlink: /home/hornet/Desktop/pathfollowingbot/install/mobile_robot/share/mobile_robot/model/.venv/lib64/python3.12/site-packages/pip/_internal/resolution/legacy/resolver.py
[1.884s] -- Up-to-date symlink: /home/hornet/Desktop/pathfollowingbot/install/mobile_robot/share/mobile_robot/model/.venv/lib64/python3.12/site-packages/pip/_internal/resolution/resolvelib/__init__.py
[1.884s] -- Up-to-date symlink: /home/hornet/Desktop/pathfollowingbot/install/mobile_robot/share/mobile_robot/model/.venv/lib64/python3.12/site-packages/pip/_internal/resolution/resolvelib/__pycache__/__init__.cpython-312.pyc
[1.884s] -- Up-to-date symlink: /home/hornet/Desktop/pathfollowingbot/install/mobile_robot/share/mobile_robot/model/.venv/lib64/python3.12/site-packages/pip/_internal/resolution/resolvelib/__pycache__/base.cpython-312.pyc
[1.884s] -- Up-to-date symlink: /home/hornet/Desktop/pathfollowingbot/install/mobile_robot/share/mobile_robot/model/.venv/lib64/python3.12/site-packages/pip/_internal/resolution/resolvelib/__pycache__/candidates.cpython-312.pyc
[1.884s] -- Up-to-date symlink: /home/hornet/Desktop/pathfollowingbot/install/mobile_robot/share/mobile_robot/model/.venv/lib64/python3.12/site-packages/pip/_internal/resolution/resolvelib/__pycache__/factory.cpython-312.pyc
[1.884s] -- Up-to-date symlink: /home/hornet/Desktop/pathfollowingbot/install/mobile_robot/share/mobile_robot/model/.venv/lib64/python3.12/site-packages/pip/_internal/resolution/resolvelib/__pycache__/found_candidates.cpython-312.pyc
[1.884s] -- Up-to-date symlink: /home/hornet/Desktop/pathfollowingbot/install/mobile_robot/share/mobile_robot/model/.venv/lib64/python3.12/site-packages/pip/_internal/resolution/resolvelib/__pycache__/provider.cpython-312.pyc
[1.884s] -- Up-to-date symlink: /home/hornet/Desktop/pathfollowingbot/install/mobile_robot/share/mobile_robot/model/.venv/lib64/python3.12/site-packages/pip/_internal/resolution/resolvelib/__pycache__/reporter.cpython-312.pyc
[1.884s] -- Up-to-date symlink: /home/hornet/Desktop/pathfollowingbot/install/mobile_robot/share/mobile_robot/model/.venv/lib64/python3.12/site-packages/pip/_internal/resolution/resolvelib/__pycache__/requirements.cpython-312.pyc
[1.885s] -- Up-to-date symlink: /home/hornet/Desktop/pathfollowingbot/install/mobile_robot/share/mobile_robot/model/.venv/lib64/python3.12/site-packages/pip/_internal/resolution/resolvelib/__pycache__/resolver.cpython-312.pyc
[1.885s] -- Up-to-date symlink: /home/hornet/Desktop/pathfollowingbot/install/mobile_robot/share/mobile_robot/model/.venv/lib64/python3.12/site-packages/pip/_internal/resolution/resolvelib/base.py
[1.885s] -- Up-to-date symlink: /home/hornet/Desktop/pathfollowingbot/install/mobile_robot/share/mobile_robot/model/.venv/lib64/python3.12/site-packages/pip/_internal/resolution/resolvelib/candidates.py
[1.885s] -- Up-to-date symlink: /home/hornet/Desktop/pathfollowingbot/install/mobile_robot/share/mobile_robot/model/.venv/lib64/python3.12/site-packages/pip/_internal/resolution/resolvelib/factory.py
[1.885s] -- Up-to-date symlink: /home/hornet/Desktop/pathfollowingbot/install/mobile_robot/share/mobile_robot/model/.venv/lib64/python3.12/site-packages/pip/_internal/resolution/resolvelib/found_candidates.py
[1.885s] -- Up-to-date symlink: /home/hornet/Desktop/pathfollowingbot/install/mobile_robot/share/mobile_robot/model/.venv/lib64/python3.12/site-packages/pip/_internal/resolution/resolvelib/provider.py
[1.885s] -- Up-to-date symlink: /home/hornet/Desktop/pathfollowingbot/install/mobile_robot/share/mobile_robot/model/.venv/lib64/python3.12/site-packages/pip/_internal/resolution/resolvelib/reporter.py
[1.885s] -- Up-to-date symlink: /home/hornet/Desktop/pathfollowingbot/install/mobile_robot/share/mobile_robot/model/.venv/lib64/python3.12/site-packages/pip/_internal/resolution/resolvelib/requirements.py
[1.885s] -- Up-to-date symlink: /home/hornet/Desktop/pathfollowingbot/install/mobile_robot/share/mobile_robot/model/.venv/lib64/python3.12/site-packages/pip/_internal/resolution/resolvelib/resolver.py
[1.885s] -- Up-to-date symlink: /home/hornet/Desktop/pathfollowingbot/install/mobile_robot/share/mobile_robot/model/.venv/lib64/python3.12/site-packages/pip/_internal/self_outdated_check.py
[1.885s] -- Up-to-date symlink: /home/hornet/Desktop/pathfollowingbot/install/mobile_robot/share/mobile_robot/model/.venv/lib64/python3.12/site-packages/pip/_internal/utils/__init__.py
[1.885s] -- Up-to-date symlink: /home/hornet/Desktop/pathfollowingbot/install/mobile_robot/share/mobile_robot/model/.venv/lib64/python3.12/site-packages/pip/_internal/utils/__pycache__/__init__.cpython-312.pyc
[1.885s] -- Up-to-date symlink: /home/hornet/Desktop/pathfollowingbot/install/mobile_robot/share/mobile_robot/model/.venv/lib64/python3.12/site-packages/pip/_internal/utils/__pycache__/_jaraco_text.cpython-312.pyc
[1.885s] -- Up-to-date symlink: /home/hornet/Desktop/pathfollowingbot/install/mobile_robot/share/mobile_robot/model/.venv/lib64/python3.12/site-packages/pip/_internal/utils/__pycache__/_log.cpython-312.pyc
[1.885s] -- Up-to-date symlink: /home/hornet/Desktop/pathfollowingbot/install/mobile_robot/share/mobile_robot/model/.venv/lib64/python3.12/site-packages/pip/_internal/utils/__pycache__/appdirs.cpython-312.pyc
[1.885s] -- Up-to-date symlink: /home/hornet/Desktop/pathfollowingbot/install/mobile_robot/share/mobile_robot/model/.venv/lib64/python3.12/site-packages/pip/_internal/utils/__pycache__/compat.cpython-312.pyc
[1.885s] -- Up-to-date symlink: /home/hornet/Desktop/pathfollowingbot/install/mobile_robot/share/mobile_robot/model/.venv/lib64/python3.12/site-packages/pip/_internal/utils/__pycache__/compatibility_tags.cpython-312.pyc
[1.886s] -- Up-to-date symlink: /home/hornet/Desktop/pathfollowingbot/install/mobile_robot/share/mobile_robot/model/.venv/lib64/python3.12/site-packages/pip/_internal/utils/__pycache__/datetime.cpython-312.pyc
[1.886s] -- Up-to-date symlink: /home/hornet/Desktop/pathfollowingbot/install/mobile_robot/share/mobile_robot/model/.venv/lib64/python3.12/site-packages/pip/_internal/utils/__pycache__/deprecation.cpython-312.pyc
[1.886s] -- Up-to-date symlink: /home/hornet/Desktop/pathfollowingbot/install/mobile_robot/share/mobile_robot/model/.venv/lib64/python3.12/site-packages/pip/_internal/utils/__pycache__/direct_url_helpers.cpython-312.pyc
[1.886s] -- Up-to-date symlink: /home/hornet/Desktop/pathfollowingbot/install/mobile_robot/share/mobile_robot/model/.venv/lib64/python3.12/site-packages/pip/_internal/utils/__pycache__/egg_link.cpython-312.pyc
[1.886s] -- Up-to-date symlink: /home/hornet/Desktop/pathfollowingbot/install/mobile_robot/share/mobile_robot/model/.venv/lib64/python3.12/site-packages/pip/_internal/utils/__pycache__/entrypoints.cpython-312.pyc
[1.886s] -- Up-to-date symlink: /home/hornet/Desktop/pathfollowingbot/install/mobile_robot/share/mobile_robot/model/.venv/lib64/python3.12/site-packages/pip/_internal/utils/__pycache__/filesystem.cpython-312.pyc
[1.886s] -- Up-to-date symlink: /home/hornet/Desktop/pathfollowingbot/install/mobile_robot/share/mobile_robot/model/.venv/lib64/python3.12/site-packages/pip/_internal/utils/__pycache__/filetypes.cpython-312.pyc
[1.886s] -- Up-to-date symlink: /home/hornet/Desktop/pathfollowingbot/install/mobile_robot/share/mobile_robot/model/.venv/lib64/python3.12/site-packages/pip/_internal/utils/__pycache__/glibc.cpython-312.pyc
[1.886s] -- Up-to-date symlink: /home/hornet/Desktop/pathfollowingbot/install/mobile_robot/share/mobile_robot/model/.venv/lib64/python3.12/site-packages/pip/_internal/utils/__pycache__/hashes.cpython-312.pyc
[1.886s] -- Up-to-date symlink: /home/hornet/Desktop/pathfollowingbot/install/mobile_robot/share/mobile_robot/model/.venv/lib64/python3.12/site-packages/pip/_internal/utils/__pycache__/logging.cpython-312.pyc
[1.886s] -- Up-to-date symlink: /home/hornet/Desktop/pathfollowingbot/install/mobile_robot/share/mobile_robot/model/.venv/lib64/python3.12/site-packages/pip/_internal/utils/__pycache__/misc.cpython-312.pyc
[1.886s] -- Up-to-date symlink: /home/hornet/Desktop/pathfollowingbot/install/mobile_robot/share/mobile_robot/model/.venv/lib64/python3.12/site-packages/pip/_internal/utils/__pycache__/packaging.cpython-312.pyc
[1.886s] -- Up-to-date symlink: /home/hornet/Desktop/pathfollowingbot/install/mobile_robot/share/mobile_robot/model/.venv/lib64/python3.12/site-packages/pip/_internal/utils/__pycache__/retry.cpython-312.pyc
[1.886s] -- Up-to-date symlink: /home/hornet/Desktop/pathfollowingbot/install/mobile_robot/share/mobile_robot/model/.venv/lib64/python3.12/site-packages/pip/_internal/utils/__pycache__/subprocess.cpython-312.pyc
[1.886s] -- Up-to-date symlink: /home/hornet/Desktop/pathfollowingbot/install/mobile_robot/share/mobile_robot/model/.venv/lib64/python3.12/site-packages/pip/_internal/utils/__pycache__/temp_dir.cpython-312.pyc
[1.886s] -- Up-to-date symlink: /home/hornet/Desktop/pathfollowingbot/install/mobile_robot/share/mobile_robot/model/.venv/lib64/python3.12/site-packages/pip/_internal/utils/__pycache__/unpacking.cpython-312.pyc
[1.886s] -- Up-to-date symlink: /home/hornet/Desktop/pathfollowingbot/install/mobile_robot/share/mobile_robot/model/.venv/lib64/python3.12/site-packages/pip/_internal/utils/__pycache__/urls.cpython-312.pyc
[1.887s] -- Up-to-date symlink: /home/hornet/Desktop/pathfollowingbot/install/mobile_robot/share/mobile_robot/model/.venv/lib64/python3.12/site-packages/pip/_internal/utils/__pycache__/virtualenv.cpython-312.pyc
[1.887s] -- Up-to-date symlink: /home/hornet/Desktop/pathfollowingbot/install/mobile_robot/share/mobile_robot/model/.venv/lib64/python3.12/site-packages/pip/_internal/utils/__pycache__/wheel.cpython-312.pyc
[1.887s] -- Up-to-date symlink: /home/hornet/Desktop/pathfollowingbot/install/mobile_robot/share/mobile_robot/model/.venv/lib64/python3.12/site-packages/pip/_internal/utils/_jaraco_text.py
[1.887s] -- Up-to-date symlink: /home/hornet/Desktop/pathfollowingbot/install/mobile_robot/share/mobile_robot/model/.venv/lib64/python3.12/site-packages/pip/_internal/utils/_log.py
[1.887s] -- Up-to-date symlink: /home/hornet/Desktop/pathfollowingbot/install/mobile_robot/share/mobile_robot/model/.venv/lib64/python3.12/site-packages/pip/_internal/utils/appdirs.py
[1.887s] -- Up-to-date symlink: /home/hornet/Desktop/pathfollowingbot/install/mobile_robot/share/mobile_robot/model/.venv/lib64/python3.12/site-packages/pip/_internal/utils/compat.py
[1.887s] -- Up-to-date symlink: /home/hornet/Desktop/pathfollowingbot/install/mobile_robot/share/mobile_robot/model/.venv/lib64/python3.12/site-packages/pip/_internal/utils/compatibility_tags.py
[1.887s] -- Up-to-date symlink: /home/hornet/Desktop/pathfollowingbot/install/mobile_robot/share/mobile_robot/model/.venv/lib64/python3.12/site-packages/pip/_internal/utils/datetime.py
[1.887s] -- Up-to-date symlink: /home/hornet/Desktop/pathfollowingbot/install/mobile_robot/share/mobile_robot/model/.venv/lib64/python3.12/site-packages/pip/_internal/utils/deprecation.py
[1.887s] -- Up-to-date symlink: /home/hornet/Desktop/pathfollowingbot/install/mobile_robot/share/mobile_robot/model/.venv/lib64/python3.12/site-packages/pip/_internal/utils/direct_url_helpers.py
[1.887s] -- Up-to-date symlink: /home/hornet/Desktop/pathfollowingbot/install/mobile_robot/share/mobile_robot/model/.venv/lib64/python3.12/site-packages/pip/_internal/utils/egg_link.py
[1.887s] -- Up-to-date symlink: /home/hornet/Desktop/pathfollowingbot/install/mobile_robot/share/mobile_robot/model/.venv/lib64/python3.12/site-packages/pip/_internal/utils/entrypoints.py
[1.887s] -- Up-to-date symlink: /home/hornet/Desktop/pathfollowingbot/install/mobile_robot/share/mobile_robot/model/.venv/lib64/python3.12/site-packages/pip/_internal/utils/filesystem.py
[1.887s] -- Up-to-date symlink: /home/hornet/Desktop/pathfollowingbot/install/mobile_robot/share/mobile_robot/model/.venv/lib64/python3.12/site-packages/pip/_internal/utils/filetypes.py
[1.887s] -- Up-to-date symlink: /home/hornet/Desktop/pathfollowingbot/install/mobile_robot/share/mobile_robot/model/.venv/lib64/python3.12/site-packages/pip/_internal/utils/glibc.py
[1.887s] -- Up-to-date symlink: /home/hornet/Desktop/pathfollowingbot/install/mobile_robot/share/mobile_robot/model/.venv/lib64/python3.12/site-packages/pip/_internal/utils/hashes.py
[1.887s] -- Up-to-date symlink: /home/hornet/Desktop/pathfollowingbot/install/mobile_robot/share/mobile_robot/model/.venv/lib64/python3.12/site-packages/pip/_internal/utils/logging.py
[1.887s] -- Up-to-date symlink: /home/hornet/Desktop/pathfollowingbot/install/mobile_robot/share/mobile_robot/model/.venv/lib64/python3.12/site-packages/pip/_internal/utils/misc.py
[1.888s] -- Up-to-date symlink: /home/hornet/Desktop/pathfollowingbot/install/mobile_robot/share/mobile_robot/model/.venv/lib64/python3.12/site-packages/pip/_internal/utils/packaging.py
[1.888s] -- Up-to-date symlink: /home/hornet/Desktop/pathfollowingbot/install/mobile_robot/share/mobile_robot/model/.venv/lib64/python3.12/site-packages/pip/_internal/utils/retry.py
[1.888s] -- Up-to-date symlink: /home/hornet/Desktop/pathfollowingbot/install/mobile_robot/share/mobile_robot/model/.venv/lib64/python3.12/site-packages/pip/_internal/utils/subprocess.py
[1.888s] -- Up-to-date symlink: /home/hornet/Desktop/pathfollowingbot/install/mobile_robot/share/mobile_robot/model/.venv/lib64/python3.12/site-packages/pip/_internal/utils/temp_dir.py
[1.888s] -- Up-to-date symlink: /home/hornet/Desktop/pathfollowingbot/install/mobile_robot/share/mobile_robot/model/.venv/lib64/python3.12/site-packages/pip/_internal/utils/unpacking.py
[1.888s] -- Up-to-date symlink: /home/hornet/Desktop/pathfollowingbot/install/mobile_robot/share/mobile_robot/model/.venv/lib64/python3.12/site-packages/pip/_internal/utils/urls.py
[1.888s] -- Up-to-date symlink: /home/hornet/Desktop/pathfollowingbot/install/mobile_robot/share/mobile_robot/model/.venv/lib64/python3.12/site-packages/pip/_internal/utils/virtualenv.py
[1.888s] -- Up-to-date symlink: /home/hornet/Desktop/pathfollowingbot/install/mobile_robot/share/mobile_robot/model/.venv/lib64/python3.12/site-packages/pip/_internal/utils/wheel.py
[1.888s] -- Up-to-date symlink: /home/hornet/Desktop/pathfollowingbot/install/mobile_robot/share/mobile_robot/model/.venv/lib64/python3.12/site-packages/pip/_internal/vcs/__init__.py
[1.888s] -- Up-to-date symlink: /home/hornet/Desktop/pathfollowingbot/install/mobile_robot/share/mobile_robot/model/.venv/lib64/python3.12/site-packages/pip/_internal/vcs/__pycache__/__init__.cpython-312.pyc
[1.888s] -- Up-to-date symlink: /home/hornet/Desktop/pathfollowingbot/install/mobile_robot/share/mobile_robot/model/.venv/lib64/python3.12/site-packages/pip/_internal/vcs/__pycache__/bazaar.cpython-312.pyc
[1.888s] -- Up-to-date symlink: /home/hornet/Desktop/pathfollowingbot/install/mobile_robot/share/mobile_robot/model/.venv/lib64/python3.12/site-packages/pip/_internal/vcs/__pycache__/git.cpython-312.pyc
[1.888s] -- Up-to-date symlink: /home/hornet/Desktop/pathfollowingbot/install/mobile_robot/share/mobile_robot/model/.venv/lib64/python3.12/site-packages/pip/_internal/vcs/__pycache__/mercurial.cpython-312.pyc
[1.888s] -- Up-to-date symlink: /home/hornet/Desktop/pathfollowingbot/install/mobile_robot/share/mobile_robot/model/.venv/lib64/python3.12/site-packages/pip/_internal/vcs/__pycache__/subversion.cpython-312.pyc
[1.888s] -- Up-to-date symlink: /home/hornet/Desktop/pathfollowingbot/install/mobile_robot/share/mobile_robot/model/.venv/lib64/python3.12/site-packages/pip/_internal/vcs/__pycache__/versioncontrol.cpython-312.pyc
[1.888s] -- Up-to-date symlink: /home/hornet/Desktop/pathfollowingbot/install/mobile_robot/share/mobile_robot/model/.venv/lib64/python3.12/site-packages/pip/_internal/vcs/bazaar.py
[1.888s] -- Up-to-date symlink: /home/hornet/Desktop/pathfollowingbot/install/mobile_robot/share/mobile_robot/model/.venv/lib64/python3.12/site-packages/pip/_internal/vcs/git.py
[1.888s] -- Up-to-date symlink: /home/hornet/Desktop/pathfollowingbot/install/mobile_robot/share/mobile_robot/model/.venv/lib64/python3.12/site-packages/pip/_internal/vcs/mercurial.py
[1.889s] -- Up-to-date symlink: /home/hornet/Desktop/pathfollowingbot/install/mobile_robot/share/mobile_robot/model/.venv/lib64/python3.12/site-packages/pip/_internal/vcs/subversion.py
[1.889s] -- Up-to-date symlink: /home/hornet/Desktop/pathfollowingbot/install/mobile_robot/share/mobile_robot/model/.venv/lib64/python3.12/site-packages/pip/_internal/vcs/versioncontrol.py
[1.889s] -- Up-to-date symlink: /home/hornet/Desktop/pathfollowingbot/install/mobile_robot/share/mobile_robot/model/.venv/lib64/python3.12/site-packages/pip/_internal/wheel_builder.py
[1.889s] -- Up-to-date symlink: /home/hornet/Desktop/pathfollowingbot/install/mobile_robot/share/mobile_robot/model/.venv/lib64/python3.12/site-packages/pip/_vendor/README.rst
[1.889s] -- Up-to-date symlink: /home/hornet/Desktop/pathfollowingbot/install/mobile_robot/share/mobile_robot/model/.venv/lib64/python3.12/site-packages/pip/_vendor/__init__.py
[1.889s] -- Up-to-date symlink: /home/hornet/Desktop/pathfollowingbot/install/mobile_robot/share/mobile_robot/model/.venv/lib64/python3.12/site-packages/pip/_vendor/__pycache__/__init__.cpython-312.pyc
[1.889s] -- Up-to-date symlink: /home/hornet/Desktop/pathfollowingbot/install/mobile_robot/share/mobile_robot/model/.venv/lib64/python3.12/site-packages/pip/_vendor/cachecontrol/LICENSE.txt
[1.889s] -- Up-to-date symlink: /home/hornet/Desktop/pathfollowingbot/install/mobile_robot/share/mobile_robot/model/.venv/lib64/python3.12/site-packages/pip/_vendor/cachecontrol/__init__.py
[1.889s] -- Up-to-date symlink: /home/hornet/Desktop/pathfollowingbot/install/mobile_robot/share/mobile_robot/model/.venv/lib64/python3.12/site-packages/pip/_vendor/cachecontrol/__pycache__/__init__.cpython-312.pyc
[1.889s] -- Up-to-date symlink: /home/hornet/Desktop/pathfollowingbot/install/mobile_robot/share/mobile_robot/model/.venv/lib64/python3.12/site-packages/pip/_vendor/cachecontrol/__pycache__/_cmd.cpython-312.pyc
[1.889s] -- Up-to-date symlink: /home/hornet/Desktop/pathfollowingbot/install/mobile_robot/share/mobile_robot/model/.venv/lib64/python3.12/site-packages/pip/_vendor/cachecontrol/__pycache__/adapter.cpython-312.pyc
[1.889s] -- Up-to-date symlink: /home/hornet/Desktop/pathfollowingbot/install/mobile_robot/share/mobile_robot/model/.venv/lib64/python3.12/site-packages/pip/_vendor/cachecontrol/__pycache__/cache.cpython-312.pyc
[1.889s] -- Up-to-date symlink: /home/hornet/Desktop/pathfollowingbot/install/mobile_robot/share/mobile_robot/model/.venv/lib64/python3.12/site-packages/pip/_vendor/cachecontrol/__pycache__/controller.cpython-312.pyc
[1.889s] -- Up-to-date symlink: /home/hornet/Desktop/pathfollowingbot/install/mobile_robot/share/mobile_robot/model/.venv/lib64/python3.12/site-packages/pip/_vendor/cachecontrol/__pycache__/filewrapper.cpython-312.pyc
[1.889s] -- Up-to-date symlink: /home/hornet/Desktop/pathfollowingbot/install/mobile_robot/share/mobile_robot/model/.venv/lib64/python3.12/site-packages/pip/_vendor/cachecontrol/__pycache__/heuristics.cpython-312.pyc
[1.889s] -- Up-to-date symlink: /home/hornet/Desktop/pathfollowingbot/install/mobile_robot/share/mobile_robot/model/.venv/lib64/python3.12/site-packages/pip/_vendor/cachecontrol/__pycache__/serialize.cpython-312.pyc
[1.889s] -- Up-to-date symlink: /home/hornet/Desktop/pathfollowingbot/install/mobile_robot/share/mobile_robot/model/.venv/lib64/python3.12/site-packages/pip/_vendor/cachecontrol/__pycache__/wrapper.cpython-312.pyc
[1.889s] -- Up-to-date symlink: /home/hornet/Desktop/pathfollowingbot/install/mobile_robot/share/mobile_robot/model/.venv/lib64/python3.12/site-packages/pip/_vendor/cachecontrol/_cmd.py
[1.889s] -- Up-to-date symlink: /home/hornet/Desktop/pathfollowingbot/install/mobile_robot/share/mobile_robot/model/.venv/lib64/python3.12/site-packages/pip/_vendor/cachecontrol/adapter.py
[1.890s] -- Up-to-date symlink: /home/hornet/Desktop/pathfollowingbot/install/mobile_robot/share/mobile_robot/model/.venv/lib64/python3.12/site-packages/pip/_vendor/cachecontrol/cache.py
[1.890s] -- Up-to-date symlink: /home/hornet/Desktop/pathfollowingbot/install/mobile_robot/share/mobile_robot/model/.venv/lib64/python3.12/site-packages/pip/_vendor/cachecontrol/caches/__init__.py
[1.890s] -- Up-to-date symlink: /home/hornet/Desktop/pathfollowingbot/install/mobile_robot/share/mobile_robot/model/.venv/lib64/python3.12/site-packages/pip/_vendor/cachecontrol/caches/__pycache__/__init__.cpython-312.pyc
[1.890s] -- Up-to-date symlink: /home/hornet/Desktop/pathfollowingbot/install/mobile_robot/share/mobile_robot/model/.venv/lib64/python3.12/site-packages/pip/_vendor/cachecontrol/caches/__pycache__/file_cache.cpython-312.pyc
[1.890s] -- Up-to-date symlink: /home/hornet/Desktop/pathfollowingbot/install/mobile_robot/share/mobile_robot/model/.venv/lib64/python3.12/site-packages/pip/_vendor/cachecontrol/caches/__pycache__/redis_cache.cpython-312.pyc
[1.890s] -- Up-to-date symlink: /home/hornet/Desktop/pathfollowingbot/install/mobile_robot/share/mobile_robot/model/.venv/lib64/python3.12/site-packages/pip/_vendor/cachecontrol/caches/file_cache.py
[1.890s] -- Up-to-date symlink: /home/hornet/Desktop/pathfollowingbot/install/mobile_robot/share/mobile_robot/model/.venv/lib64/python3.12/site-packages/pip/_vendor/cachecontrol/caches/redis_cache.py
[1.890s] -- Up-to-date symlink: /home/hornet/Desktop/pathfollowingbot/install/mobile_robot/share/mobile_robot/model/.venv/lib64/python3.12/site-packages/pip/_vendor/cachecontrol/controller.py
[1.890s] -- Up-to-date symlink: /home/hornet/Desktop/pathfollowingbot/install/mobile_robot/share/mobile_robot/model/.venv/lib64/python3.12/site-packages/pip/_vendor/cachecontrol/filewrapper.py
[1.890s] -- Up-to-date symlink: /home/hornet/Desktop/pathfollowingbot/install/mobile_robot/share/mobile_robot/model/.venv/lib64/python3.12/site-packages/pip/_vendor/cachecontrol/heuristics.py
[1.890s] -- Up-to-date symlink: /home/hornet/Desktop/pathfollowingbot/install/mobile_robot/share/mobile_robot/model/.venv/lib64/python3.12/site-packages/pip/_vendor/cachecontrol/py.typed
[1.890s] -- Up-to-date symlink: /home/hornet/Desktop/pathfollowingbot/install/mobile_robot/share/mobile_robot/model/.venv/lib64/python3.12/site-packages/pip/_vendor/cachecontrol/serialize.py
[1.890s] -- Up-to-date symlink: /home/hornet/Desktop/pathfollowingbot/install/mobile_robot/share/mobile_robot/model/.venv/lib64/python3.12/site-packages/pip/_vendor/cachecontrol/wrapper.py
[1.890s] -- Up-to-date symlink: /home/hornet/Desktop/pathfollowingbot/install/mobile_robot/share/mobile_robot/model/.venv/lib64/python3.12/site-packages/pip/_vendor/certifi/LICENSE
[1.890s] -- Up-to-date symlink: /home/hornet/Desktop/pathfollowingbot/install/mobile_robot/share/mobile_robot/model/.venv/lib64/python3.12/site-packages/pip/_vendor/certifi/__init__.py
[1.890s] -- Up-to-date symlink: /home/hornet/Desktop/pathfollowingbot/install/mobile_robot/share/mobile_robot/model/.venv/lib64/python3.12/site-packages/pip/_vendor/certifi/__main__.py
[1.891s] -- Up-to-date symlink: /home/hornet/Desktop/pathfollowingbot/install/mobile_robot/share/mobile_robot/model/.venv/lib64/python3.12/site-packages/pip/_vendor/certifi/__pycache__/__init__.cpython-312.pyc
[1.891s] -- Up-to-date symlink: /home/hornet/Desktop/pathfollowingbot/install/mobile_robot/share/mobile_robot/model/.venv/lib64/python3.12/site-packages/pip/_vendor/certifi/__pycache__/__main__.cpython-312.pyc
[1.891s] -- Up-to-date symlink: /home/hornet/Desktop/pathfollowingbot/install/mobile_robot/share/mobile_robot/model/.venv/lib64/python3.12/site-packages/pip/_vendor/certifi/__pycache__/core.cpython-312.pyc
[1.891s] -- Up-to-date symlink: /home/hornet/Desktop/pathfollowingbot/install/mobile_robot/share/mobile_robot/model/.venv/lib64/python3.12/site-packages/pip/_vendor/certifi/cacert.pem
[1.891s] -- Up-to-date symlink: /home/hornet/Desktop/pathfollowingbot/install/mobile_robot/share/mobile_robot/model/.venv/lib64/python3.12/site-packages/pip/_vendor/certifi/core.py
[1.891s] -- Up-to-date symlink: /home/hornet/Desktop/pathfollowingbot/install/mobile_robot/share/mobile_robot/model/.venv/lib64/python3.12/site-packages/pip/_vendor/certifi/py.typed
[1.891s] -- Up-to-date symlink: /home/hornet/Desktop/pathfollowingbot/install/mobile_robot/share/mobile_robot/model/.venv/lib64/python3.12/site-packages/pip/_vendor/dependency_groups/LICENSE.txt
[1.891s] -- Up-to-date symlink: /home/hornet/Desktop/pathfollowingbot/install/mobile_robot/share/mobile_robot/model/.venv/lib64/python3.12/site-packages/pip/_vendor/dependency_groups/__init__.py
[1.891s] -- Up-to-date symlink: /home/hornet/Desktop/pathfollowingbot/install/mobile_robot/share/mobile_robot/model/.venv/lib64/python3.12/site-packages/pip/_vendor/dependency_groups/__main__.py
[1.891s] -- Up-to-date symlink: /home/hornet/Desktop/pathfollowingbot/install/mobile_robot/share/mobile_robot/model/.venv/lib64/python3.12/site-packages/pip/_vendor/dependency_groups/__pycache__/__init__.cpython-312.pyc
[1.891s] -- Up-to-date symlink: /home/hornet/Desktop/pathfollowingbot/install/mobile_robot/share/mobile_robot/model/.venv/lib64/python3.12/site-packages/pip/_vendor/dependency_groups/__pycache__/__main__.cpython-312.pyc
[1.891s] -- Up-to-date symlink: /home/hornet/Desktop/pathfollowingbot/install/mobile_robot/share/mobile_robot/model/.venv/lib64/python3.12/site-packages/pip/_vendor/dependency_groups/__pycache__/_implementation.cpython-312.pyc
[1.891s] -- Up-to-date symlink: /home/hornet/Desktop/pathfollowingbot/install/mobile_robot/share/mobile_robot/model/.venv/lib64/python3.12/site-packages/pip/_vendor/dependency_groups/__pycache__/_lint_dependency_groups.cpython-312.pyc
[1.891s] -- Up-to-date symlink: /home/hornet/Desktop/pathfollowingbot/install/mobile_robot/share/mobile_robot/model/.venv/lib64/python3.12/site-packages/pip/_vendor/dependency_groups/__pycache__/_pip_wrapper.cpython-312.pyc
[1.891s] -- Up-to-date symlink: /home/hornet/Desktop/pathfollowingbot/install/mobile_robot/share/mobile_robot/model/.venv/lib64/python3.12/site-packages/pip/_vendor/dependency_groups/__pycache__/_toml_compat.cpython-312.pyc
[1.891s] -- Up-to-date symlink: /home/hornet/Desktop/pathfollowingbot/install/mobile_robot/share/mobile_robot/model/.venv/lib64/python3.12/site-packages/pip/_vendor/dependency_groups/_implementation.py
[1.891s] -- Up-to-date symlink: /home/hornet/Desktop/pathfollowingbot/install/mobile_robot/share/mobile_robot/model/.venv/lib64/python3.12/site-packages/pip/_vendor/dependency_groups/_lint_dependency_groups.py
[1.891s] -- Up-to-date symlink: /home/hornet/Desktop/pathfollowingbot/install/mobile_robot/share/mobile_robot/model/.venv/lib64/python3.12/site-packages/pip/_vendor/dependency_groups/_pip_wrapper.py
[1.892s] -- Up-to-date symlink: /home/hornet/Desktop/pathfollowingbot/install/mobile_robot/share/mobile_robot/model/.venv/lib64/python3.12/site-packages/pip/_vendor/dependency_groups/_toml_compat.py
[1.892s] -- Up-to-date symlink: /home/hornet/Desktop/pathfollowingbot/install/mobile_robot/share/mobile_robot/model/.venv/lib64/python3.12/site-packages/pip/_vendor/dependency_groups/py.typed
[1.892s] -- Up-to-date symlink: /home/hornet/Desktop/pathfollowingbot/install/mobile_robot/share/mobile_robot/model/.venv/lib64/python3.12/site-packages/pip/_vendor/distlib/LICENSE.txt
[1.892s] -- Up-to-date symlink: /home/hornet/Desktop/pathfollowingbot/install/mobile_robot/share/mobile_robot/model/.venv/lib64/python3.12/site-packages/pip/_vendor/distlib/__init__.py
[1.892s] -- Up-to-date symlink: /home/hornet/Desktop/pathfollowingbot/install/mobile_robot/share/mobile_robot/model/.venv/lib64/python3.12/site-packages/pip/_vendor/distlib/__pycache__/__init__.cpython-312.pyc
[1.892s] -- Up-to-date symlink: /home/hornet/Desktop/pathfollowingbot/install/mobile_robot/share/mobile_robot/model/.venv/lib64/python3.12/site-packages/pip/_vendor/distlib/__pycache__/compat.cpython-312.pyc
[1.892s] -- Up-to-date symlink: /home/hornet/Desktop/pathfollowingbot/install/mobile_robot/share/mobile_robot/model/.venv/lib64/python3.12/site-packages/pip/_vendor/distlib/__pycache__/resources.cpython-312.pyc
[1.892s] -- Up-to-date symlink: /home/hornet/Desktop/pathfollowingbot/install/mobile_robot/share/mobile_robot/model/.venv/lib64/python3.12/site-packages/pip/_vendor/distlib/__pycache__/scripts.cpython-312.pyc
[1.892s] -- Up-to-date symlink: /home/hornet/Desktop/pathfollowingbot/install/mobile_robot/share/mobile_robot/model/.venv/lib64/python3.12/site-packages/pip/_vendor/distlib/__pycache__/util.cpython-312.pyc
[1.892s] -- Up-to-date symlink: /home/hornet/Desktop/pathfollowingbot/install/mobile_robot/share/mobile_robot/model/.venv/lib64/python3.12/site-packages/pip/_vendor/distlib/compat.py
[1.893s] -- Up-to-date symlink: /home/hornet/Desktop/pathfollowingbot/install/mobile_robot/share/mobile_robot/model/.venv/lib64/python3.12/site-packages/pip/_vendor/distlib/resources.py
[1.893s] -- Up-to-date symlink: /home/hornet/Desktop/pathfollowingbot/install/mobile_robot/share/mobile_robot/model/.venv/lib64/python3.12/site-packages/pip/_vendor/distlib/scripts.py
[1.893s] -- Up-to-date symlink: /home/hornet/Desktop/pathfollowingbot/install/mobile_robot/share/mobile_robot/model/.venv/lib64/python3.12/site-packages/pip/_vendor/distlib/t32.exe
[1.893s] -- Up-to-date symlink: /home/hornet/Desktop/pathfollowingbot/install/mobile_robot/share/mobile_robot/model/.venv/lib64/python3.12/site-packages/pip/_vendor/distlib/t64-arm.exe
[1.893s] -- Up-to-date symlink: /home/hornet/Desktop/pathfollowingbot/install/mobile_robot/share/mobile_robot/model/.venv/lib64/python3.12/site-packages/pip/_vendor/distlib/t64.exe
[1.893s] -- Up-to-date symlink: /home/hornet/Desktop/pathfollowingbot/install/mobile_robot/share/mobile_robot/model/.venv/lib64/python3.12/site-packages/pip/_vendor/distlib/util.py
[1.893s] -- Up-to-date symlink: /home/hornet/Desktop/pathfollowingbot/install/mobile_robot/share/mobile_robot/model/.venv/lib64/python3.12/site-packages/pip/_vendor/distlib/w32.exe
[1.893s] -- Up-to-date symlink: /home/hornet/Desktop/pathfollowingbot/install/mobile_robot/share/mobile_robot/model/.venv/lib64/python3.12/site-packages/pip/_vendor/distlib/w64-arm.exe
[1.893s] -- Up-to-date symlink: /home/hornet/Desktop/pathfollowingbot/install/mobile_robot/share/mobile_robot/model/.venv/lib64/python3.12/site-packages/pip/_vendor/distlib/w64.exe
[1.893s] -- Up-to-date symlink: /home/hornet/Desktop/pathfollowingbot/install/mobile_robot/share/mobile_robot/model/.venv/lib64/python3.12/site-packages/pip/_vendor/distro/LICENSE
[1.893s] -- Up-to-date symlink: /home/hornet/Desktop/pathfollowingbot/install/mobile_robot/share/mobile_robot/model/.venv/lib64/python3.12/site-packages/pip/_vendor/distro/__init__.py
[1.893s] -- Up-to-date symlink: /home/hornet/Desktop/pathfollowingbot/install/mobile_robot/share/mobile_robot/model/.venv/lib64/python3.12/site-packages/pip/_vendor/distro/__main__.py
[1.893s] -- Up-to-date symlink: /home/hornet/Desktop/pathfollowingbot/install/mobile_robot/share/mobile_robot/model/.venv/lib64/python3.12/site-packages/pip/_vendor/distro/__pycache__/__init__.cpython-312.pyc
[1.893s] -- Up-to-date symlink: /home/hornet/Desktop/pathfollowingbot/install/mobile_robot/share/mobile_robot/model/.venv/lib64/python3.12/site-packages/pip/_vendor/distro/__pycache__/__main__.cpython-312.pyc
[1.894s] -- Up-to-date symlink: /home/hornet/Desktop/pathfollowingbot/install/mobile_robot/share/mobile_robot/model/.venv/lib64/python3.12/site-packages/pip/_vendor/distro/__pycache__/distro.cpython-312.pyc
[1.894s] -- Up-to-date symlink: /home/hornet/Desktop/pathfollowingbot/install/mobile_robot/share/mobile_robot/model/.venv/lib64/python3.12/site-packages/pip/_vendor/distro/distro.py
[1.894s] -- Up-to-date symlink: /home/hornet/Desktop/pathfollowingbot/install/mobile_robot/share/mobile_robot/model/.venv/lib64/python3.12/site-packages/pip/_vendor/distro/py.typed
[1.894s] -- Up-to-date symlink: /home/hornet/Desktop/pathfollowingbot/install/mobile_robot/share/mobile_robot/model/.venv/lib64/python3.12/site-packages/pip/_vendor/idna/LICENSE.md
[1.894s] -- Up-to-date symlink: /home/hornet/Desktop/pathfollowingbot/install/mobile_robot/share/mobile_robot/model/.venv/lib64/python3.12/site-packages/pip/_vendor/idna/__init__.py
[1.894s] -- Up-to-date symlink: /home/hornet/Desktop/pathfollowingbot/install/mobile_robot/share/mobile_robot/model/.venv/lib64/python3.12/site-packages/pip/_vendor/idna/__pycache__/__init__.cpython-312.pyc
[1.894s] -- Up-to-date symlink: /home/hornet/Desktop/pathfollowingbot/install/mobile_robot/share/mobile_robot/model/.venv/lib64/python3.12/site-packages/pip/_vendor/idna/__pycache__/codec.cpython-312.pyc
[1.895s] -- Up-to-date symlink: /home/hornet/Desktop/pathfollowingbot/install/mobile_robot/share/mobile_robot/model/.venv/lib64/python3.12/site-packages/pip/_vendor/idna/__pycache__/compat.cpython-312.pyc
[1.895s] -- Up-to-date symlink: /home/hornet/Desktop/pathfollowingbot/install/mobile_robot/share/mobile_robot/model/.venv/lib64/python3.12/site-packages/pip/_vendor/idna/__pycache__/core.cpython-312.pyc
[1.895s] -- Up-to-date symlink: /home/hornet/Desktop/pathfollowingbot/install/mobile_robot/share/mobile_robot/model/.venv/lib64/python3.12/site-packages/pip/_vendor/idna/__pycache__/idnadata.cpython-312.pyc
[1.895s] -- Up-to-date symlink: /home/hornet/Desktop/pathfollowingbot/install/mobile_robot/share/mobile_robot/model/.venv/lib64/python3.12/site-packages/pip/_vendor/idna/__pycache__/intranges.cpython-312.pyc
[1.895s] -- Up-to-date symlink: /home/hornet/Desktop/pathfollowingbot/install/mobile_robot/share/mobile_robot/model/.venv/lib64/python3.12/site-packages/pip/_vendor/idna/__pycache__/package_data.cpython-312.pyc
[1.895s] -- Up-to-date symlink: /home/hornet/Desktop/pathfollowingbot/install/mobile_robot/share/mobile_robot/model/.venv/lib64/python3.12/site-packages/pip/_vendor/idna/__pycache__/uts46data.cpython-312.pyc
[1.895s] -- Up-to-date symlink: /home/hornet/Desktop/pathfollowingbot/install/mobile_robot/share/mobile_robot/model/.venv/lib64/python3.12/site-packages/pip/_vendor/idna/codec.py
[1.895s] -- Up-to-date symlink: /home/hornet/Desktop/pathfollowingbot/install/mobile_robot/share/mobile_robot/model/.venv/lib64/python3.12/site-packages/pip/_vendor/idna/compat.py
[1.895s] -- Up-to-date symlink: /home/hornet/Desktop/pathfollowingbot/install/mobile_robot/share/mobile_robot/model/.venv/lib64/python3.12/site-packages/pip/_vendor/idna/core.py
[1.896s] -- Up-to-date symlink: /home/hornet/Desktop/pathfollowingbot/install/mobile_robot/share/mobile_robot/model/.venv/lib64/python3.12/site-packages/pip/_vendor/idna/idnadata.py
[1.896s] -- Up-to-date symlink: /home/hornet/Desktop/pathfollowingbot/install/mobile_robot/share/mobile_robot/model/.venv/lib64/python3.12/site-packages/pip/_vendor/idna/intranges.py
[1.896s] -- Up-to-date symlink: /home/hornet/Desktop/pathfollowingbot/install/mobile_robot/share/mobile_robot/model/.venv/lib64/python3.12/site-packages/pip/_vendor/idna/package_data.py
[1.896s] -- Up-to-date symlink: /home/hornet/Desktop/pathfollowingbot/install/mobile_robot/share/mobile_robot/model/.venv/lib64/python3.12/site-packages/pip/_vendor/idna/py.typed
[1.896s] -- Up-to-date symlink: /home/hornet/Desktop/pathfollowingbot/install/mobile_robot/share/mobile_robot/model/.venv/lib64/python3.12/site-packages/pip/_vendor/idna/uts46data.py
[1.896s] -- Up-to-date symlink: /home/hornet/Desktop/pathfollowingbot/install/mobile_robot/share/mobile_robot/model/.venv/lib64/python3.12/site-packages/pip/_vendor/msgpack/COPYING
[1.896s] -- Up-to-date symlink: /home/hornet/Desktop/pathfollowingbot/install/mobile_robot/share/mobile_robot/model/.venv/lib64/python3.12/site-packages/pip/_vendor/msgpack/__init__.py
[1.896s] -- Up-to-date symlink: /home/hornet/Desktop/pathfollowingbot/install/mobile_robot/share/mobile_robot/model/.venv/lib64/python3.12/site-packages/pip/_vendor/msgpack/__pycache__/__init__.cpython-312.pyc
[1.896s] -- Up-to-date symlink: /home/hornet/Desktop/pathfollowingbot/install/mobile_robot/share/mobile_robot/model/.venv/lib64/python3.12/site-packages/pip/_vendor/msgpack/__pycache__/exceptions.cpython-312.pyc
[1.896s] -- Up-to-date symlink: /home/hornet/Desktop/pathfollowingbot/install/mobile_robot/share/mobile_robot/model/.venv/lib64/python3.12/site-packages/pip/_vendor/msgpack/__pycache__/ext.cpython-312.pyc
[1.896s] -- Up-to-date symlink: /home/hornet/Desktop/pathfollowingbot/install/mobile_robot/share/mobile_robot/model/.venv/lib64/python3.12/site-packages/pip/_vendor/msgpack/__pycache__/fallback.cpython-312.pyc
[1.896s] -- Up-to-date symlink: /home/hornet/Desktop/pathfollowingbot/install/mobile_robot/share/mobile_robot/model/.venv/lib64/python3.12/site-packages/pip/_vendor/msgpack/exceptions.py
[1.896s] -- Up-to-date symlink: /home/hornet/Desktop/pathfollowingbot/install/mobile_robot/share/mobile_robot/model/.venv/lib64/python3.12/site-packages/pip/_vendor/msgpack/ext.py
[1.897s] -- Up-to-date symlink: /home/hornet/Desktop/pathfollowingbot/install/mobile_robot/share/mobile_robot/model/.venv/lib64/python3.12/site-packages/pip/_vendor/msgpack/fallback.py
[1.897s] -- Up-to-date symlink: /home/hornet/Desktop/pathfollowingbot/install/mobile_robot/share/mobile_robot/model/.venv/lib64/python3.12/site-packages/pip/_vendor/packaging/LICENSE
[1.897s] -- Up-to-date symlink: /home/hornet/Desktop/pathfollowingbot/install/mobile_robot/share/mobile_robot/model/.venv/lib64/python3.12/site-packages/pip/_vendor/packaging/LICENSE.APACHE
[1.897s] -- Up-to-date symlink: /home/hornet/Desktop/pathfollowingbot/install/mobile_robot/share/mobile_robot/model/.venv/lib64/python3.12/site-packages/pip/_vendor/packaging/LICENSE.BSD
[1.897s] -- Up-to-date symlink: /home/hornet/Desktop/pathfollowingbot/install/mobile_robot/share/mobile_robot/model/.venv/lib64/python3.12/site-packages/pip/_vendor/packaging/__init__.py
[1.897s] -- Up-to-date symlink: /home/hornet/Desktop/pathfollowingbot/install/mobile_robot/share/mobile_robot/model/.venv/lib64/python3.12/site-packages/pip/_vendor/packaging/__pycache__/__init__.cpython-312.pyc
[1.897s] -- Up-to-date symlink: /home/hornet/Desktop/pathfollowingbot/install/mobile_robot/share/mobile_robot/model/.venv/lib64/python3.12/site-packages/pip/_vendor/packaging/__pycache__/_elffile.cpython-312.pyc
[1.897s] -- Up-to-date symlink: /home/hornet/Desktop/pathfollowingbot/install/mobile_robot/share/mobile_robot/model/.venv/lib64/python3.12/site-packages/pip/_vendor/packaging/__pycache__/_manylinux.cpython-312.pyc
[1.897s] -- Up-to-date symlink: /home/hornet/Desktop/pathfollowingbot/install/mobile_robot/share/mobile_robot/model/.venv/lib64/python3.12/site-packages/pip/_vendor/packaging/__pycache__/_musllinux.cpython-312.pyc
[1.897s] -- Up-to-date symlink: /home/hornet/Desktop/pathfollowingbot/install/mobile_robot/share/mobile_robot/model/.venv/lib64/python3.12/site-packages/pip/_vendor/packaging/__pycache__/_parser.cpython-312.pyc
[1.897s] -- Up-to-date symlink: /home/hornet/Desktop/pathfollowingbot/install/mobile_robot/share/mobile_robot/model/.venv/lib64/python3.12/site-packages/pip/_vendor/packaging/__pycache__/_structures.cpython-312.pyc
[1.897s] -- Up-to-date symlink: /home/hornet/Desktop/pathfollowingbot/install/mobile_robot/share/mobile_robot/model/.venv/lib64/python3.12/site-packages/pip/_vendor/packaging/__pycache__/_tokenizer.cpython-312.pyc
[1.897s] -- Up-to-date symlink: /home/hornet/Desktop/pathfollowingbot/install/mobile_robot/share/mobile_robot/model/.venv/lib64/python3.12/site-packages/pip/_vendor/packaging/__pycache__/markers.cpython-312.pyc
[1.897s] -- Up-to-date symlink: /home/hornet/Desktop/pathfollowingbot/install/mobile_robot/share/mobile_robot/model/.venv/lib64/python3.12/site-packages/pip/_vendor/packaging/__pycache__/metadata.cpython-312.pyc
[1.898s] -- Up-to-date symlink: /home/hornet/Desktop/pathfollowingbot/install/mobile_robot/share/mobile_robot/model/.venv/lib64/python3.12/site-packages/pip/_vendor/packaging/__pycache__/requirements.cpython-312.pyc
[1.898s] -- Up-to-date symlink: /home/hornet/Desktop/pathfollowingbot/install/mobile_robot/share/mobile_robot/model/.venv/lib64/python3.12/site-packages/pip/_vendor/packaging/__pycache__/specifiers.cpython-312.pyc
[1.898s] -- Up-to-date symlink: /home/hornet/Desktop/pathfollowingbot/install/mobile_robot/share/mobile_robot/model/.venv/lib64/python3.12/site-packages/pip/_vendor/packaging/__pycache__/tags.cpython-312.pyc
[1.898s] -- Up-to-date symlink: /home/hornet/Desktop/pathfollowingbot/install/mobile_robot/share/mobile_robot/model/.venv/lib64/python3.12/site-packages/pip/_vendor/packaging/__pycache__/utils.cpython-312.pyc
[1.898s] -- Up-to-date symlink: /home/hornet/Desktop/pathfollowingbot/install/mobile_robot/share/mobile_robot/model/.venv/lib64/python3.12/site-packages/pip/_vendor/packaging/__pycache__/version.cpython-312.pyc
[1.898s] -- Up-to-date symlink: /home/hornet/Desktop/pathfollowingbot/install/mobile_robot/share/mobile_robot/model/.venv/lib64/python3.12/site-packages/pip/_vendor/packaging/_elffile.py
[1.898s] -- Up-to-date symlink: /home/hornet/Desktop/pathfollowingbot/install/mobile_robot/share/mobile_robot/model/.venv/lib64/python3.12/site-packages/pip/_vendor/packaging/_manylinux.py
[1.898s] -- Up-to-date symlink: /home/hornet/Desktop/pathfollowingbot/install/mobile_robot/share/mobile_robot/model/.venv/lib64/python3.12/site-packages/pip/_vendor/packaging/_musllinux.py
[1.898s] -- Up-to-date symlink: /home/hornet/Desktop/pathfollowingbot/install/mobile_robot/share/mobile_robot/model/.venv/lib64/python3.12/site-packages/pip/_vendor/packaging/_parser.py
[1.898s] -- Up-to-date symlink: /home/hornet/Desktop/pathfollowingbot/install/mobile_robot/share/mobile_robot/model/.venv/lib64/python3.12/site-packages/pip/_vendor/packaging/_structures.py
[1.899s] -- Up-to-date symlink: /home/hornet/Desktop/pathfollowingbot/install/mobile_robot/share/mobile_robot/model/.venv/lib64/python3.12/site-packages/pip/_vendor/packaging/_tokenizer.py
[1.899s] -- Up-to-date symlink: /home/hornet/Desktop/pathfollowingbot/install/mobile_robot/share/mobile_robot/model/.venv/lib64/python3.12/site-packages/pip/_vendor/packaging/licenses/__init__.py
[1.899s] -- Up-to-date symlink: /home/hornet/Desktop/pathfollowingbot/install/mobile_robot/share/mobile_robot/model/.venv/lib64/python3.12/site-packages/pip/_vendor/packaging/licenses/__pycache__/__init__.cpython-312.pyc
[1.899s] -- Up-to-date symlink: /home/hornet/Desktop/pathfollowingbot/install/mobile_robot/share/mobile_robot/model/.venv/lib64/python3.12/site-packages/pip/_vendor/packaging/licenses/__pycache__/_spdx.cpython-312.pyc
[1.899s] -- Up-to-date symlink: /home/hornet/Desktop/pathfollowingbot/install/mobile_robot/share/mobile_robot/model/.venv/lib64/python3.12/site-packages/pip/_vendor/packaging/licenses/_spdx.py
[1.899s] -- Up-to-date symlink: /home/hornet/Desktop/pathfollowingbot/install/mobile_robot/share/mobile_robot/model/.venv/lib64/python3.12/site-packages/pip/_vendor/packaging/markers.py
[1.899s] -- Up-to-date symlink: /home/hornet/Desktop/pathfollowingbot/install/mobile_robot/share/mobile_robot/model/.venv/lib64/python3.12/site-packages/pip/_vendor/packaging/metadata.py
[1.899s] -- Up-to-date symlink: /home/hornet/Desktop/pathfollowingbot/install/mobile_robot/share/mobile_robot/model/.venv/lib64/python3.12/site-packages/pip/_vendor/packaging/py.typed
[1.899s] -- Up-to-date symlink: /home/hornet/Desktop/pathfollowingbot/install/mobile_robot/share/mobile_robot/model/.venv/lib64/python3.12/site-packages/pip/_vendor/packaging/requirements.py
[1.899s] -- Up-to-date symlink: /home/hornet/Desktop/pathfollowingbot/install/mobile_robot/share/mobile_robot/model/.venv/lib64/python3.12/site-packages/pip/_vendor/packaging/specifiers.py
[1.900s] -- Up-to-date symlink: /home/hornet/Desktop/pathfollowingbot/install/mobile_robot/share/mobile_robot/model/.venv/lib64/python3.12/site-packages/pip/_vendor/packaging/tags.py
[1.900s] -- Up-to-date symlink: /home/hornet/Desktop/pathfollowingbot/install/mobile_robot/share/mobile_robot/model/.venv/lib64/python3.12/site-packages/pip/_vendor/packaging/utils.py
[1.900s] -- Up-to-date symlink: /home/hornet/Desktop/pathfollowingbot/install/mobile_robot/share/mobile_robot/model/.venv/lib64/python3.12/site-packages/pip/_vendor/packaging/version.py
[1.900s] -- Up-to-date symlink: /home/hornet/Desktop/pathfollowingbot/install/mobile_robot/share/mobile_robot/model/.venv/lib64/python3.12/site-packages/pip/_vendor/pkg_resources/LICENSE
[1.900s] -- Up-to-date symlink: /home/hornet/Desktop/pathfollowingbot/install/mobile_robot/share/mobile_robot/model/.venv/lib64/python3.12/site-packages/pip/_vendor/pkg_resources/__init__.py
[1.900s] -- Up-to-date symlink: /home/hornet/Desktop/pathfollowingbot/install/mobile_robot/share/mobile_robot/model/.venv/lib64/python3.12/site-packages/pip/_vendor/pkg_resources/__pycache__/__init__.cpython-312.pyc
[1.900s] -- Up-to-date symlink: /home/hornet/Desktop/pathfollowingbot/install/mobile_robot/share/mobile_robot/model/.venv/lib64/python3.12/site-packages/pip/_vendor/platformdirs/LICENSE
[1.900s] -- Up-to-date symlink: /home/hornet/Desktop/pathfollowingbot/install/mobile_robot/share/mobile_robot/model/.venv/lib64/python3.12/site-packages/pip/_vendor/platformdirs/__init__.py
[1.901s] -- Up-to-date symlink: /home/hornet/Desktop/pathfollowingbot/install/mobile_robot/share/mobile_robot/model/.venv/lib64/python3.12/site-packages/pip/_vendor/platformdirs/__main__.py
[1.901s] -- Up-to-date symlink: /home/hornet/Desktop/pathfollowingbot/install/mobile_robot/share/mobile_robot/model/.venv/lib64/python3.12/site-packages/pip/_vendor/platformdirs/__pycache__/__init__.cpython-312.pyc
[1.901s] -- Up-to-date symlink: /home/hornet/Desktop/pathfollowingbot/install/mobile_robot/share/mobile_robot/model/.venv/lib64/python3.12/site-packages/pip/_vendor/platformdirs/__pycache__/__main__.cpython-312.pyc
[1.901s] -- Up-to-date symlink: /home/hornet/Desktop/pathfollowingbot/install/mobile_robot/share/mobile_robot/model/.venv/lib64/python3.12/site-packages/pip/_vendor/platformdirs/__pycache__/android.cpython-312.pyc
[1.901s] -- Up-to-date symlink: /home/hornet/Desktop/pathfollowingbot/install/mobile_robot/share/mobile_robot/model/.venv/lib64/python3.12/site-packages/pip/_vendor/platformdirs/__pycache__/api.cpython-312.pyc
[1.901s] -- Up-to-date symlink: /home/hornet/Desktop/pathfollowingbot/install/mobile_robot/share/mobile_robot/model/.venv/lib64/python3.12/site-packages/pip/_vendor/platformdirs/__pycache__/macos.cpython-312.pyc
[1.901s] -- Up-to-date symlink: /home/hornet/Desktop/pathfollowingbot/install/mobile_robot/share/mobile_robot/model/.venv/lib64/python3.12/site-packages/pip/_vendor/platformdirs/__pycache__/unix.cpython-312.pyc
[1.901s] -- Up-to-date symlink: /home/hornet/Desktop/pathfollowingbot/install/mobile_robot/share/mobile_robot/model/.venv/lib64/python3.12/site-packages/pip/_vendor/platformdirs/__pycache__/version.cpython-312.pyc
[1.901s] -- Up-to-date symlink: /home/hornet/Desktop/pathfollowingbot/install/mobile_robot/share/mobile_robot/model/.venv/lib64/python3.12/site-packages/pip/_vendor/platformdirs/__pycache__/windows.cpython-312.pyc
[1.901s] -- Up-to-date symlink: /home/hornet/Desktop/pathfollowingbot/install/mobile_robot/share/mobile_robot/model/.venv/lib64/python3.12/site-packages/pip/_vendor/platformdirs/android.py
[1.901s] -- Up-to-date symlink: /home/hornet/Desktop/pathfollowingbot/install/mobile_robot/share/mobile_robot/model/.venv/lib64/python3.12/site-packages/pip/_vendor/platformdirs/api.py
[1.901s] -- Up-to-date symlink: /home/hornet/Desktop/pathfollowingbot/install/mobile_robot/share/mobile_robot/model/.venv/lib64/python3.12/site-packages/pip/_vendor/platformdirs/macos.py
[1.901s] -- Up-to-date symlink: /home/hornet/Desktop/pathfollowingbot/install/mobile_robot/share/mobile_robot/model/.venv/lib64/python3.12/site-packages/pip/_vendor/platformdirs/py.typed
[1.901s] -- Up-to-date symlink: /home/hornet/Desktop/pathfollowingbot/install/mobile_robot/share/mobile_robot/model/.venv/lib64/python3.12/site-packages/pip/_vendor/platformdirs/unix.py
[1.901s] -- Up-to-date symlink: /home/hornet/Desktop/pathfollowingbot/install/mobile_robot/share/mobile_robot/model/.venv/lib64/python3.12/site-packages/pip/_vendor/platformdirs/version.py
[1.901s] -- Up-to-date symlink: /home/hornet/Desktop/pathfollowingbot/install/mobile_robot/share/mobile_robot/model/.venv/lib64/python3.12/site-packages/pip/_vendor/platformdirs/windows.py
[1.902s] -- Up-to-date symlink: /home/hornet/Desktop/pathfollowingbot/install/mobile_robot/share/mobile_robot/model/.venv/lib64/python3.12/site-packages/pip/_vendor/pygments/LICENSE
[1.902s] -- Up-to-date symlink: /home/hornet/Desktop/pathfollowingbot/install/mobile_robot/share/mobile_robot/model/.venv/lib64/python3.12/site-packages/pip/_vendor/pygments/__init__.py
[1.902s] -- Up-to-date symlink: /home/hornet/Desktop/pathfollowingbot/install/mobile_robot/share/mobile_robot/model/.venv/lib64/python3.12/site-packages/pip/_vendor/pygments/__main__.py
[1.902s] -- Up-to-date symlink: /home/hornet/Desktop/pathfollowingbot/install/mobile_robot/share/mobile_robot/model/.venv/lib64/python3.12/site-packages/pip/_vendor/pygments/__pycache__/__init__.cpython-312.pyc
[1.902s] -- Up-to-date symlink: /home/hornet/Desktop/pathfollowingbot/install/mobile_robot/share/mobile_robot/model/.venv/lib64/python3.12/site-packages/pip/_vendor/pygments/__pycache__/__main__.cpython-312.pyc
[1.902s] -- Up-to-date symlink: /home/hornet/Desktop/pathfollowingbot/install/mobile_robot/share/mobile_robot/model/.venv/lib64/python3.12/site-packages/pip/_vendor/pygments/__pycache__/console.cpython-312.pyc
[1.902s] -- Up-to-date symlink: /home/hornet/Desktop/pathfollowingbot/install/mobile_robot/share/mobile_robot/model/.venv/lib64/python3.12/site-packages/pip/_vendor/pygments/__pycache__/filter.cpython-312.pyc
[1.902s] -- Up-to-date symlink: /home/hornet/Desktop/pathfollowingbot/install/mobile_robot/share/mobile_robot/model/.venv/lib64/python3.12/site-packages/pip/_vendor/pygments/__pycache__/formatter.cpython-312.pyc
[1.902s] -- Up-to-date symlink: /home/hornet/Desktop/pathfollowingbot/install/mobile_robot/share/mobile_robot/model/.venv/lib64/python3.12/site-packages/pip/_vendor/pygments/__pycache__/lexer.cpython-312.pyc
[1.902s] -- Up-to-date symlink: /home/hornet/Desktop/pathfollowingbot/install/mobile_robot/share/mobile_robot/model/.venv/lib64/python3.12/site-packages/pip/_vendor/pygments/__pycache__/modeline.cpython-312.pyc
[1.903s] -- Up-to-date symlink: /home/hornet/Desktop/pathfollowingbot/install/mobile_robot/share/mobile_robot/model/.venv/lib64/python3.12/site-packages/pip/_vendor/pygments/__pycache__/plugin.cpython-312.pyc
[1.903s] -- Up-to-date symlink: /home/hornet/Desktop/pathfollowingbot/install/mobile_robot/share/mobile_robot/model/.venv/lib64/python3.12/site-packages/pip/_vendor/pygments/__pycache__/regexopt.cpython-312.pyc
[1.903s] -- Up-to-date symlink: /home/hornet/Desktop/pathfollowingbot/install/mobile_robot/share/mobile_robot/model/.venv/lib64/python3.12/site-packages/pip/_vendor/pygments/__pycache__/scanner.cpython-312.pyc
[1.903s] -- Up-to-date symlink: /home/hornet/Desktop/pathfollowingbot/install/mobile_robot/share/mobile_robot/model/.venv/lib64/python3.12/site-packages/pip/_vendor/pygments/__pycache__/sphinxext.cpython-312.pyc
[1.903s] -- Up-to-date symlink: /home/hornet/Desktop/pathfollowingbot/install/mobile_robot/share/mobile_robot/model/.venv/lib64/python3.12/site-packages/pip/_vendor/pygments/__pycache__/style.cpython-312.pyc
[1.903s] -- Up-to-date symlink: /home/hornet/Desktop/pathfollowingbot/install/mobile_robot/share/mobile_robot/model/.venv/lib64/python3.12/site-packages/pip/_vendor/pygments/__pycache__/token.cpython-312.pyc
[1.903s] -- Up-to-date symlink: /home/hornet/Desktop/pathfollowingbot/install/mobile_robot/share/mobile_robot/model/.venv/lib64/python3.12/site-packages/pip/_vendor/pygments/__pycache__/unistring.cpython-312.pyc
[1.903s] -- Up-to-date symlink: /home/hornet/Desktop/pathfollowingbot/install/mobile_robot/share/mobile_robot/model/.venv/lib64/python3.12/site-packages/pip/_vendor/pygments/__pycache__/util.cpython-312.pyc
[1.903s] -- Up-to-date symlink: /home/hornet/Desktop/pathfollowingbot/install/mobile_robot/share/mobile_robot/model/.venv/lib64/python3.12/site-packages/pip/_vendor/pygments/console.py
[1.903s] -- Up-to-date symlink: /home/hornet/Desktop/pathfollowingbot/install/mobile_robot/share/mobile_robot/model/.venv/lib64/python3.12/site-packages/pip/_vendor/pygments/filter.py
[1.903s] -- Up-to-date symlink: /home/hornet/Desktop/pathfollowingbot/install/mobile_robot/share/mobile_robot/model/.venv/lib64/python3.12/site-packages/pip/_vendor/pygments/filters/__init__.py
[1.903s] -- Up-to-date symlink: /home/hornet/Desktop/pathfollowingbot/install/mobile_robot/share/mobile_robot/model/.venv/lib64/python3.12/site-packages/pip/_vendor/pygments/filters/__pycache__/__init__.cpython-312.pyc
[1.903s] -- Up-to-date symlink: /home/hornet/Desktop/pathfollowingbot/install/mobile_robot/share/mobile_robot/model/.venv/lib64/python3.12/site-packages/pip/_vendor/pygments/formatter.py
[1.904s] -- Up-to-date symlink: /home/hornet/Desktop/pathfollowingbot/install/mobile_robot/share/mobile_robot/model/.venv/lib64/python3.12/site-packages/pip/_vendor/pygments/formatters/__init__.py
[1.904s] -- Up-to-date symlink: /home/hornet/Desktop/pathfollowingbot/install/mobile_robot/share/mobile_robot/model/.venv/lib64/python3.12/site-packages/pip/_vendor/pygments/formatters/__pycache__/__init__.cpython-312.pyc
[1.904s] -- Up-to-date symlink: /home/hornet/Desktop/pathfollowingbot/install/mobile_robot/share/mobile_robot/model/.venv/lib64/python3.12/site-packages/pip/_vendor/pygments/formatters/__pycache__/_mapping.cpython-312.pyc
[1.904s] -- Up-to-date symlink: /home/hornet/Desktop/pathfollowingbot/install/mobile_robot/share/mobile_robot/model/.venv/lib64/python3.12/site-packages/pip/_vendor/pygments/formatters/_mapping.py
[1.904s] -- Up-to-date symlink: /home/hornet/Desktop/pathfollowingbot/install/mobile_robot/share/mobile_robot/model/.venv/lib64/python3.12/site-packages/pip/_vendor/pygments/lexer.py
[1.904s] -- Up-to-date symlink: /home/hornet/Desktop/pathfollowingbot/install/mobile_robot/share/mobile_robot/model/.venv/lib64/python3.12/site-packages/pip/_vendor/pygments/lexers/__init__.py
[1.904s] -- Up-to-date symlink: /home/hornet/Desktop/pathfollowingbot/install/mobile_robot/share/mobile_robot/model/.venv/lib64/python3.12/site-packages/pip/_vendor/pygments/lexers/__pycache__/__init__.cpython-312.pyc
[1.904s] -- Up-to-date symlink: /home/hornet/Desktop/pathfollowingbot/install/mobile_robot/share/mobile_robot/model/.venv/lib64/python3.12/site-packages/pip/_vendor/pygments/lexers/__pycache__/_mapping.cpython-312.pyc
[1.904s] -- Up-to-date symlink: /home/hornet/Desktop/pathfollowingbot/install/mobile_robot/share/mobile_robot/model/.venv/lib64/python3.12/site-packages/pip/_vendor/pygments/lexers/__pycache__/python.cpython-312.pyc
[1.904s] -- Up-to-date symlink: /home/hornet/Desktop/pathfollowingbot/install/mobile_robot/share/mobile_robot/model/.venv/lib64/python3.12/site-packages/pip/_vendor/pygments/lexers/_mapping.py
[1.904s] -- Up-to-date symlink: /home/hornet/Desktop/pathfollowingbot/install/mobile_robot/share/mobile_robot/model/.venv/lib64/python3.12/site-packages/pip/_vendor/pygments/lexers/python.py
[1.904s] -- Up-to-date symlink: /home/hornet/Desktop/pathfollowingbot/install/mobile_robot/share/mobile_robot/model/.venv/lib64/python3.12/site-packages/pip/_vendor/pygments/modeline.py
[1.905s] -- Up-to-date symlink: /home/hornet/Desktop/pathfollowingbot/install/mobile_robot/share/mobile_robot/model/.venv/lib64/python3.12/site-packages/pip/_vendor/pygments/plugin.py
[1.905s] -- Up-to-date symlink: /home/hornet/Desktop/pathfollowingbot/install/mobile_robot/share/mobile_robot/model/.venv/lib64/python3.12/site-packages/pip/_vendor/pygments/regexopt.py
[1.905s] -- Up-to-date symlink: /home/hornet/Desktop/pathfollowingbot/install/mobile_robot/share/mobile_robot/model/.venv/lib64/python3.12/site-packages/pip/_vendor/pygments/scanner.py
[1.905s] -- Up-to-date symlink: /home/hornet/Desktop/pathfollowingbot/install/mobile_robot/share/mobile_robot/model/.venv/lib64/python3.12/site-packages/pip/_vendor/pygments/sphinxext.py
[1.905s] -- Up-to-date symlink: /home/hornet/Desktop/pathfollowingbot/install/mobile_robot/share/mobile_robot/model/.venv/lib64/python3.12/site-packages/pip/_vendor/pygments/style.py
[1.905s] -- Up-to-date symlink: /home/hornet/Desktop/pathfollowingbot/install/mobile_robot/share/mobile_robot/model/.venv/lib64/python3.12/site-packages/pip/_vendor/pygments/styles/__init__.py
[1.905s] -- Up-to-date symlink: /home/hornet/Desktop/pathfollowingbot/install/mobile_robot/share/mobile_robot/model/.venv/lib64/python3.12/site-packages/pip/_vendor/pygments/styles/__pycache__/__init__.cpython-312.pyc
[1.905s] -- Up-to-date symlink: /home/hornet/Desktop/pathfollowingbot/install/mobile_robot/share/mobile_robot/model/.venv/lib64/python3.12/site-packages/pip/_vendor/pygments/styles/__pycache__/_mapping.cpython-312.pyc
[1.905s] -- Up-to-date symlink: /home/hornet/Desktop/pathfollowingbot/install/mobile_robot/share/mobile_robot/model/.venv/lib64/python3.12/site-packages/pip/_vendor/pygments/styles/_mapping.py
[1.905s] -- Up-to-date symlink: /home/hornet/Desktop/pathfollowingbot/install/mobile_robot/share/mobile_robot/model/.venv/lib64/python3.12/site-packages/pip/_vendor/pygments/token.py
[1.905s] -- Up-to-date symlink: /home/hornet/Desktop/pathfollowingbot/install/mobile_robot/share/mobile_robot/model/.venv/lib64/python3.12/site-packages/pip/_vendor/pygments/unistring.py
[1.906s] -- Up-to-date symlink: /home/hornet/Desktop/pathfollowingbot/install/mobile_robot/share/mobile_robot/model/.venv/lib64/python3.12/site-packages/pip/_vendor/pygments/util.py
[1.906s] -- Up-to-date symlink: /home/hornet/Desktop/pathfollowingbot/install/mobile_robot/share/mobile_robot/model/.venv/lib64/python3.12/site-packages/pip/_vendor/pyproject_hooks/LICENSE
[1.906s] -- Up-to-date symlink: /home/hornet/Desktop/pathfollowingbot/install/mobile_robot/share/mobile_robot/model/.venv/lib64/python3.12/site-packages/pip/_vendor/pyproject_hooks/__init__.py
[1.906s] -- Up-to-date symlink: /home/hornet/Desktop/pathfollowingbot/install/mobile_robot/share/mobile_robot/model/.venv/lib64/python3.12/site-packages/pip/_vendor/pyproject_hooks/__pycache__/__init__.cpython-312.pyc
[1.906s] -- Up-to-date symlink: /home/hornet/Desktop/pathfollowingbot/install/mobile_robot/share/mobile_robot/model/.venv/lib64/python3.12/site-packages/pip/_vendor/pyproject_hooks/__pycache__/_impl.cpython-312.pyc
[1.906s] -- Up-to-date symlink: /home/hornet/Desktop/pathfollowingbot/install/mobile_robot/share/mobile_robot/model/.venv/lib64/python3.12/site-packages/pip/_vendor/pyproject_hooks/_impl.py
[1.906s] -- Up-to-date symlink: /home/hornet/Desktop/pathfollowingbot/install/mobile_robot/share/mobile_robot/model/.venv/lib64/python3.12/site-packages/pip/_vendor/pyproject_hooks/_in_process/__init__.py
[1.906s] -- Up-to-date symlink: /home/hornet/Desktop/pathfollowingbot/install/mobile_robot/share/mobile_robot/model/.venv/lib64/python3.12/site-packages/pip/_vendor/pyproject_hooks/_in_process/__pycache__/__init__.cpython-312.pyc
[1.906s] -- Up-to-date symlink: /home/hornet/Desktop/pathfollowingbot/install/mobile_robot/share/mobile_robot/model/.venv/lib64/python3.12/site-packages/pip/_vendor/pyproject_hooks/_in_process/__pycache__/_in_process.cpython-312.pyc
[1.906s] -- Up-to-date symlink: /home/hornet/Desktop/pathfollowingbot/install/mobile_robot/share/mobile_robot/model/.venv/lib64/python3.12/site-packages/pip/_vendor/pyproject_hooks/_in_process/_in_process.py
[1.906s] -- Up-to-date symlink: /home/hornet/Desktop/pathfollowingbot/install/mobile_robot/share/mobile_robot/model/.venv/lib64/python3.12/site-packages/pip/_vendor/pyproject_hooks/py.typed
[1.906s] -- Up-to-date symlink: /home/hornet/Desktop/pathfollowingbot/install/mobile_robot/share/mobile_robot/model/.venv/lib64/python3.12/site-packages/pip/_vendor/requests/LICENSE
[1.907s] -- Up-to-date symlink: /home/hornet/Desktop/pathfollowingbot/install/mobile_robot/share/mobile_robot/model/.venv/lib64/python3.12/site-packages/pip/_vendor/requests/__init__.py
[1.907s] -- Up-to-date symlink: /home/hornet/Desktop/pathfollowingbot/install/mobile_robot/share/mobile_robot/model/.venv/lib64/python3.12/site-packages/pip/_vendor/requests/__pycache__/__init__.cpython-312.pyc
[1.907s] -- Up-to-date symlink: /home/hornet/Desktop/pathfollowingbot/install/mobile_robot/share/mobile_robot/model/.venv/lib64/python3.12/site-packages/pip/_vendor/requests/__pycache__/__version__.cpython-312.pyc
[1.907s] -- Up-to-date symlink: /home/hornet/Desktop/pathfollowingbot/install/mobile_robot/share/mobile_robot/model/.venv/lib64/python3.12/site-packages/pip/_vendor/requests/__pycache__/_internal_utils.cpython-312.pyc
[1.907s] -- Up-to-date symlink: /home/hornet/Desktop/pathfollowingbot/install/mobile_robot/share/mobile_robot/model/.venv/lib64/python3.12/site-packages/pip/_vendor/requests/__pycache__/adapters.cpython-312.pyc
[1.907s] -- Up-to-date symlink: /home/hornet/Desktop/pathfollowingbot/install/mobile_robot/share/mobile_robot/model/.venv/lib64/python3.12/site-packages/pip/_vendor/requests/__pycache__/api.cpython-312.pyc
[1.907s] -- Up-to-date symlink: /home/hornet/Desktop/pathfollowingbot/install/mobile_robot/share/mobile_robot/model/.venv/lib64/python3.12/site-packages/pip/_vendor/requests/__pycache__/auth.cpython-312.pyc
[1.907s] -- Up-to-date symlink: /home/hornet/Desktop/pathfollowingbot/install/mobile_robot/share/mobile_robot/model/.venv/lib64/python3.12/site-packages/pip/_vendor/requests/__pycache__/certs.cpython-312.pyc
[1.908s] -- Up-to-date symlink: /home/hornet/Desktop/pathfollowingbot/install/mobile_robot/share/mobile_robot/model/.venv/lib64/python3.12/site-packages/pip/_vendor/requests/__pycache__/compat.cpython-312.pyc
[1.908s] -- Up-to-date symlink: /home/hornet/Desktop/pathfollowingbot/install/mobile_robot/share/mobile_robot/model/.venv/lib64/python3.12/site-packages/pip/_vendor/requests/__pycache__/cookies.cpython-312.pyc
[1.908s] -- Up-to-date symlink: /home/hornet/Desktop/pathfollowingbot/install/mobile_robot/share/mobile_robot/model/.venv/lib64/python3.12/site-packages/pip/_vendor/requests/__pycache__/exceptions.cpython-312.pyc
[1.908s] -- Up-to-date symlink: /home/hornet/Desktop/pathfollowingbot/install/mobile_robot/share/mobile_robot/model/.venv/lib64/python3.12/site-packages/pip/_vendor/requests/__pycache__/help.cpython-312.pyc
[1.908s] -- Up-to-date symlink: /home/hornet/Desktop/pathfollowingbot/install/mobile_robot/share/mobile_robot/model/.venv/lib64/python3.12/site-packages/pip/_vendor/requests/__pycache__/hooks.cpython-312.pyc
[1.908s] -- Up-to-date symlink: /home/hornet/Desktop/pathfollowingbot/install/mobile_robot/share/mobile_robot/model/.venv/lib64/python3.12/site-packages/pip/_vendor/requests/__pycache__/models.cpython-312.pyc
[1.908s] -- Up-to-date symlink: /home/hornet/Desktop/pathfollowingbot/install/mobile_robot/share/mobile_robot/model/.venv/lib64/python3.12/site-packages/pip/_vendor/requests/__pycache__/packages.cpython-312.pyc
[1.908s] -- Up-to-date symlink: /home/hornet/Desktop/pathfollowingbot/install/mobile_robot/share/mobile_robot/model/.venv/lib64/python3.12/site-packages/pip/_vendor/requests/__pycache__/sessions.cpython-312.pyc
[1.908s] -- Up-to-date symlink: /home/hornet/Desktop/pathfollowingbot/install/mobile_robot/share/mobile_robot/model/.venv/lib64/python3.12/site-packages/pip/_vendor/requests/__pycache__/status_codes.cpython-312.pyc
[1.908s] -- Up-to-date symlink: /home/hornet/Desktop/pathfollowingbot/install/mobile_robot/share/mobile_robot/model/.venv/lib64/python3.12/site-packages/pip/_vendor/requests/__pycache__/structures.cpython-312.pyc
[1.908s] -- Up-to-date symlink: /home/hornet/Desktop/pathfollowingbot/install/mobile_robot/share/mobile_robot/model/.venv/lib64/python3.12/site-packages/pip/_vendor/requests/__pycache__/utils.cpython-312.pyc
[1.909s] -- Up-to-date symlink: /home/hornet/Desktop/pathfollowingbot/install/mobile_robot/share/mobile_robot/model/.venv/lib64/python3.12/site-packages/pip/_vendor/requests/__version__.py
[1.909s] -- Up-to-date symlink: /home/hornet/Desktop/pathfollowingbot/install/mobile_robot/share/mobile_robot/model/.venv/lib64/python3.12/site-packages/pip/_vendor/requests/_internal_utils.py
[1.909s] -- Up-to-date symlink: /home/hornet/Desktop/pathfollowingbot/install/mobile_robot/share/mobile_robot/model/.venv/lib64/python3.12/site-packages/pip/_vendor/requests/adapters.py
[1.909s] -- Up-to-date symlink: /home/hornet/Desktop/pathfollowingbot/install/mobile_robot/share/mobile_robot/model/.venv/lib64/python3.12/site-packages/pip/_vendor/requests/api.py
[1.909s] -- Up-to-date symlink: /home/hornet/Desktop/pathfollowingbot/install/mobile_robot/share/mobile_robot/model/.venv/lib64/python3.12/site-packages/pip/_vendor/requests/auth.py
[1.909s] -- Up-to-date symlink: /home/hornet/Desktop/pathfollowingbot/install/mobile_robot/share/mobile_robot/model/.venv/lib64/python3.12/site-packages/pip/_vendor/requests/certs.py
[1.909s] -- Up-to-date symlink: /home/hornet/Desktop/pathfollowingbot/install/mobile_robot/share/mobile_robot/model/.venv/lib64/python3.12/site-packages/pip/_vendor/requests/compat.py
[1.909s] -- Up-to-date symlink: /home/hornet/Desktop/pathfollowingbot/install/mobile_robot/share/mobile_robot/model/.venv/lib64/python3.12/site-packages/pip/_vendor/requests/cookies.py
[1.909s] -- Up-to-date symlink: /home/hornet/Desktop/pathfollowingbot/install/mobile_robot/share/mobile_robot/model/.venv/lib64/python3.12/site-packages/pip/_vendor/requests/exceptions.py
[1.909s] -- Up-to-date symlink: /home/hornet/Desktop/pathfollowingbot/install/mobile_robot/share/mobile_robot/model/.venv/lib64/python3.12/site-packages/pip/_vendor/requests/help.py
[1.909s] -- Up-to-date symlink: /home/hornet/Desktop/pathfollowingbot/install/mobile_robot/share/mobile_robot/model/.venv/lib64/python3.12/site-packages/pip/_vendor/requests/hooks.py
[1.909s] -- Up-to-date symlink: /home/hornet/Desktop/pathfollowingbot/install/mobile_robot/share/mobile_robot/model/.venv/lib64/python3.12/site-packages/pip/_vendor/requests/models.py
[1.909s] -- Up-to-date symlink: /home/hornet/Desktop/pathfollowingbot/install/mobile_robot/share/mobile_robot/model/.venv/lib64/python3.12/site-packages/pip/_vendor/requests/packages.py
[1.910s] -- Up-to-date symlink: /home/hornet/Desktop/pathfollowingbot/install/mobile_robot/share/mobile_robot/model/.venv/lib64/python3.12/site-packages/pip/_vendor/requests/sessions.py
[1.910s] -- Up-to-date symlink: /home/hornet/Desktop/pathfollowingbot/install/mobile_robot/share/mobile_robot/model/.venv/lib64/python3.12/site-packages/pip/_vendor/requests/status_codes.py
[1.910s] -- Up-to-date symlink: /home/hornet/Desktop/pathfollowingbot/install/mobile_robot/share/mobile_robot/model/.venv/lib64/python3.12/site-packages/pip/_vendor/requests/structures.py
[1.910s] -- Up-to-date symlink: /home/hornet/Desktop/pathfollowingbot/install/mobile_robot/share/mobile_robot/model/.venv/lib64/python3.12/site-packages/pip/_vendor/requests/utils.py
[1.910s] -- Up-to-date symlink: /home/hornet/Desktop/pathfollowingbot/install/mobile_robot/share/mobile_robot/model/.venv/lib64/python3.12/site-packages/pip/_vendor/resolvelib/LICENSE
[1.910s] -- Up-to-date symlink: /home/hornet/Desktop/pathfollowingbot/install/mobile_robot/share/mobile_robot/model/.venv/lib64/python3.12/site-packages/pip/_vendor/resolvelib/__init__.py
[1.910s] -- Up-to-date symlink: /home/hornet/Desktop/pathfollowingbot/install/mobile_robot/share/mobile_robot/model/.venv/lib64/python3.12/site-packages/pip/_vendor/resolvelib/__pycache__/__init__.cpython-312.pyc
[1.910s] -- Up-to-date symlink: /home/hornet/Desktop/pathfollowingbot/install/mobile_robot/share/mobile_robot/model/.venv/lib64/python3.12/site-packages/pip/_vendor/resolvelib/__pycache__/providers.cpython-312.pyc
[1.910s] -- Up-to-date symlink: /home/hornet/Desktop/pathfollowingbot/install/mobile_robot/share/mobile_robot/model/.venv/lib64/python3.12/site-packages/pip/_vendor/resolvelib/__pycache__/reporters.cpython-312.pyc
[1.910s] -- Up-to-date symlink: /home/hornet/Desktop/pathfollowingbot/install/mobile_robot/share/mobile_robot/model/.venv/lib64/python3.12/site-packages/pip/_vendor/resolvelib/__pycache__/structs.cpython-312.pyc
[1.910s] -- Up-to-date symlink: /home/hornet/Desktop/pathfollowingbot/install/mobile_robot/share/mobile_robot/model/.venv/lib64/python3.12/site-packages/pip/_vendor/resolvelib/providers.py
[1.910s] -- Up-to-date symlink: /home/hornet/Desktop/pathfollowingbot/install/mobile_robot/share/mobile_robot/model/.venv/lib64/python3.12/site-packages/pip/_vendor/resolvelib/py.typed
[1.911s] -- Up-to-date symlink: /home/hornet/Desktop/pathfollowingbot/install/mobile_robot/share/mobile_robot/model/.venv/lib64/python3.12/site-packages/pip/_vendor/resolvelib/reporters.py
[1.911s] -- Up-to-date symlink: /home/hornet/Desktop/pathfollowingbot/install/mobile_robot/share/mobile_robot/model/.venv/lib64/python3.12/site-packages/pip/_vendor/resolvelib/resolvers/__init__.py
[1.911s] -- Up-to-date symlink: /home/hornet/Desktop/pathfollowingbot/install/mobile_robot/share/mobile_robot/model/.venv/lib64/python3.12/site-packages/pip/_vendor/resolvelib/resolvers/__pycache__/__init__.cpython-312.pyc
[1.911s] -- Up-to-date symlink: /home/hornet/Desktop/pathfollowingbot/install/mobile_robot/share/mobile_robot/model/.venv/lib64/python3.12/site-packages/pip/_vendor/resolvelib/resolvers/__pycache__/abstract.cpython-312.pyc
[1.911s] -- Up-to-date symlink: /home/hornet/Desktop/pathfollowingbot/install/mobile_robot/share/mobile_robot/model/.venv/lib64/python3.12/site-packages/pip/_vendor/resolvelib/resolvers/__pycache__/criterion.cpython-312.pyc
[1.911s] -- Up-to-date symlink: /home/hornet/Desktop/pathfollowingbot/install/mobile_robot/share/mobile_robot/model/.venv/lib64/python3.12/site-packages/pip/_vendor/resolvelib/resolvers/__pycache__/exceptions.cpython-312.pyc
[1.911s] -- Up-to-date symlink: /home/hornet/Desktop/pathfollowingbot/install/mobile_robot/share/mobile_robot/model/.venv/lib64/python3.12/site-packages/pip/_vendor/resolvelib/resolvers/__pycache__/resolution.cpython-312.pyc
[1.911s] -- Up-to-date symlink: /home/hornet/Desktop/pathfollowingbot/install/mobile_robot/share/mobile_robot/model/.venv/lib64/python3.12/site-packages/pip/_vendor/resolvelib/resolvers/abstract.py
[1.911s] -- Up-to-date symlink: /home/hornet/Desktop/pathfollowingbot/install/mobile_robot/share/mobile_robot/model/.venv/lib64/python3.12/site-packages/pip/_vendor/resolvelib/resolvers/criterion.py
[1.911s] -- Up-to-date symlink: /home/hornet/Desktop/pathfollowingbot/install/mobile_robot/share/mobile_robot/model/.venv/lib64/python3.12/site-packages/pip/_vendor/resolvelib/resolvers/exceptions.py
[1.911s] -- Up-to-date symlink: /home/hornet/Desktop/pathfollowingbot/install/mobile_robot/share/mobile_robot/model/.venv/lib64/python3.12/site-packages/pip/_vendor/resolvelib/resolvers/resolution.py
[1.911s] -- Up-to-date symlink: /home/hornet/Desktop/pathfollowingbot/install/mobile_robot/share/mobile_robot/model/.venv/lib64/python3.12/site-packages/pip/_vendor/resolvelib/structs.py
[1.911s] -- Up-to-date symlink: /home/hornet/Desktop/pathfollowingbot/install/mobile_robot/share/mobile_robot/model/.venv/lib64/python3.12/site-packages/pip/_vendor/rich/LICENSE
[1.911s] -- Up-to-date symlink: /home/hornet/Desktop/pathfollowingbot/install/mobile_robot/share/mobile_robot/model/.venv/lib64/python3.12/site-packages/pip/_vendor/rich/__init__.py
[1.911s] -- Up-to-date symlink: /home/hornet/Desktop/pathfollowingbot/install/mobile_robot/share/mobile_robot/model/.venv/lib64/python3.12/site-packages/pip/_vendor/rich/__main__.py
[1.911s] -- Up-to-date symlink: /home/hornet/Desktop/pathfollowingbot/install/mobile_robot/share/mobile_robot/model/.venv/lib64/python3.12/site-packages/pip/_vendor/rich/__pycache__/__init__.cpython-312.pyc
[1.911s] -- Up-to-date symlink: /home/hornet/Desktop/pathfollowingbot/install/mobile_robot/share/mobile_robot/model/.venv/lib64/python3.12/site-packages/pip/_vendor/rich/__pycache__/__main__.cpython-312.pyc
[1.911s] -- Up-to-date symlink: /home/hornet/Desktop/pathfollowingbot/install/mobile_robot/share/mobile_robot/model/.venv/lib64/python3.12/site-packages/pip/_vendor/rich/__pycache__/_cell_widths.cpython-312.pyc
[1.911s] -- Up-to-date symlink: /home/hornet/Desktop/pathfollowingbot/install/mobile_robot/share/mobile_robot/model/.venv/lib64/python3.12/site-packages/pip/_vendor/rich/__pycache__/_emoji_codes.cpython-312.pyc
[1.912s] -- Up-to-date symlink: /home/hornet/Desktop/pathfollowingbot/install/mobile_robot/share/mobile_robot/model/.venv/lib64/python3.12/site-packages/pip/_vendor/rich/__pycache__/_emoji_replace.cpython-312.pyc
[1.912s] -- Up-to-date symlink: /home/hornet/Desktop/pathfollowingbot/install/mobile_robot/share/mobile_robot/model/.venv/lib64/python3.12/site-packages/pip/_vendor/rich/__pycache__/_export_format.cpython-312.pyc
[1.912s] -- Up-to-date symlink: /home/hornet/Desktop/pathfollowingbot/install/mobile_robot/share/mobile_robot/model/.venv/lib64/python3.12/site-packages/pip/_vendor/rich/__pycache__/_extension.cpython-312.pyc
[1.912s] -- Up-to-date symlink: /home/hornet/Desktop/pathfollowingbot/install/mobile_robot/share/mobile_robot/model/.venv/lib64/python3.12/site-packages/pip/_vendor/rich/__pycache__/_fileno.cpython-312.pyc
[1.912s] -- Up-to-date symlink: /home/hornet/Desktop/pathfollowingbot/install/mobile_robot/share/mobile_robot/model/.venv/lib64/python3.12/site-packages/pip/_vendor/rich/__pycache__/_inspect.cpython-312.pyc
[1.912s] -- Up-to-date symlink: /home/hornet/Desktop/pathfollowingbot/install/mobile_robot/share/mobile_robot/model/.venv/lib64/python3.12/site-packages/pip/_vendor/rich/__pycache__/_log_render.cpython-312.pyc
[1.912s] -- Up-to-date symlink: /home/hornet/Desktop/pathfollowingbot/install/mobile_robot/share/mobile_robot/model/.venv/lib64/python3.12/site-packages/pip/_vendor/rich/__pycache__/_loop.cpython-312.pyc
[1.912s] -- Up-to-date symlink: /home/hornet/Desktop/pathfollowingbot/install/mobile_robot/share/mobile_robot/model/.venv/lib64/python3.12/site-packages/pip/_vendor/rich/__pycache__/_null_file.cpython-312.pyc
[1.912s] -- Up-to-date symlink: /home/hornet/Desktop/pathfollowingbot/install/mobile_robot/share/mobile_robot/model/.venv/lib64/python3.12/site-packages/pip/_vendor/rich/__pycache__/_palettes.cpython-312.pyc
[1.912s] -- Up-to-date symlink: /home/hornet/Desktop/pathfollowingbot/install/mobile_robot/share/mobile_robot/model/.venv/lib64/python3.12/site-packages/pip/_vendor/rich/__pycache__/_pick.cpython-312.pyc
[1.912s] -- Up-to-date symlink: /home/hornet/Desktop/pathfollowingbot/install/mobile_robot/share/mobile_robot/model/.venv/lib64/python3.12/site-packages/pip/_vendor/rich/__pycache__/_ratio.cpython-312.pyc
[1.912s] -- Up-to-date symlink: /home/hornet/Desktop/pathfollowingbot/install/mobile_robot/share/mobile_robot/model/.venv/lib64/python3.12/site-packages/pip/_vendor/rich/__pycache__/_spinners.cpython-312.pyc
[1.912s] -- Up-to-date symlink: /home/hornet/Desktop/pathfollowingbot/install/mobile_robot/share/mobile_robot/model/.venv/lib64/python3.12/site-packages/pip/_vendor/rich/__pycache__/_stack.cpython-312.pyc
[1.913s] -- Up-to-date symlink: /home/hornet/Desktop/pathfollowingbot/install/mobile_robot/share/mobile_robot/model/.venv/lib64/python3.12/site-packages/pip/_vendor/rich/__pycache__/_timer.cpython-312.pyc
[1.913s] -- Up-to-date symlink: /home/hornet/Desktop/pathfollowingbot/install/mobile_robot/share/mobile_robot/model/.venv/lib64/python3.12/site-packages/pip/_vendor/rich/__pycache__/_win32_console.cpython-312.pyc
[1.913s] -- Up-to-date symlink: /home/hornet/Desktop/pathfollowingbot/install/mobile_robot/share/mobile_robot/model/.venv/lib64/python3.12/site-packages/pip/_vendor/rich/__pycache__/_windows.cpython-312.pyc
[1.913s] -- Up-to-date symlink: /home/hornet/Desktop/pathfollowingbot/install/mobile_robot/share/mobile_robot/model/.venv/lib64/python3.12/site-packages/pip/_vendor/rich/__pycache__/_windows_renderer.cpython-312.pyc
[1.913s] -- Up-to-date symlink: /home/hornet/Desktop/pathfollowingbot/install/mobile_robot/share/mobile_robot/model/.venv/lib64/python3.12/site-packages/pip/_vendor/rich/__pycache__/_wrap.cpython-312.pyc
[1.913s] -- Up-to-date symlink: /home/hornet/Desktop/pathfollowingbot/install/mobile_robot/share/mobile_robot/model/.venv/lib64/python3.12/site-packages/pip/_vendor/rich/__pycache__/abc.cpython-312.pyc
[1.913s] -- Up-to-date symlink: /home/hornet/Desktop/pathfollowingbot/install/mobile_robot/share/mobile_robot/model/.venv/lib64/python3.12/site-packages/pip/_vendor/rich/__pycache__/align.cpython-312.pyc
[1.914s] -- Up-to-date symlink: /home/hornet/Desktop/pathfollowingbot/install/mobile_robot/share/mobile_robot/model/.venv/lib64/python3.12/site-packages/pip/_vendor/rich/__pycache__/ansi.cpython-312.pyc
[1.914s] -- Up-to-date symlink: /home/hornet/Desktop/pathfollowingbot/install/mobile_robot/share/mobile_robot/model/.venv/lib64/python3.12/site-packages/pip/_vendor/rich/__pycache__/bar.cpython-312.pyc
[1.914s] -- Up-to-date symlink: /home/hornet/Desktop/pathfollowingbot/install/mobile_robot/share/mobile_robot/model/.venv/lib64/python3.12/site-packages/pip/_vendor/rich/__pycache__/box.cpython-312.pyc
[1.915s] -- Up-to-date symlink: /home/hornet/Desktop/pathfollowingbot/install/mobile_robot/share/mobile_robot/model/.venv/lib64/python3.12/site-packages/pip/_vendor/rich/__pycache__/cells.cpython-312.pyc
[1.915s] -- Up-to-date symlink: /home/hornet/Desktop/pathfollowingbot/install/mobile_robot/share/mobile_robot/model/.venv/lib64/python3.12/site-packages/pip/_vendor/rich/__pycache__/color.cpython-312.pyc
[1.916s] -- Up-to-date symlink: /home/hornet/Desktop/pathfollowingbot/install/mobile_robot/share/mobile_robot/model/.venv/lib64/python3.12/site-packages/pip/_vendor/rich/__pycache__/color_triplet.cpython-312.pyc
[1.916s] -- Up-to-date symlink: /home/hornet/Desktop/pathfollowingbot/install/mobile_robot/share/mobile_robot/model/.venv/lib64/python3.12/site-packages/pip/_vendor/rich/__pycache__/columns.cpython-312.pyc
[1.916s] -- Up-to-date symlink: /home/hornet/Desktop/pathfollowingbot/install/mobile_robot/share/mobile_robot/model/.venv/lib64/python3.12/site-packages/pip/_vendor/rich/__pycache__/console.cpython-312.pyc
[1.916s] -- Up-to-date symlink: /home/hornet/Desktop/pathfollowingbot/install/mobile_robot/share/mobile_robot/model/.venv/lib64/python3.12/site-packages/pip/_vendor/rich/__pycache__/constrain.cpython-312.pyc
[1.916s] -- Up-to-date symlink: /home/hornet/Desktop/pathfollowingbot/install/mobile_robot/share/mobile_robot/model/.venv/lib64/python3.12/site-packages/pip/_vendor/rich/__pycache__/containers.cpython-312.pyc
[1.916s] -- Up-to-date symlink: /home/hornet/Desktop/pathfollowingbot/install/mobile_robot/share/mobile_robot/model/.venv/lib64/python3.12/site-packages/pip/_vendor/rich/__pycache__/control.cpython-312.pyc
[1.916s] -- Up-to-date symlink: /home/hornet/Desktop/pathfollowingbot/install/mobile_robot/share/mobile_robot/model/.venv/lib64/python3.12/site-packages/pip/_vendor/rich/__pycache__/default_styles.cpython-312.pyc
[1.916s] -- Up-to-date symlink: /home/hornet/Desktop/pathfollowingbot/install/mobile_robot/share/mobile_robot/model/.venv/lib64/python3.12/site-packages/pip/_vendor/rich/__pycache__/diagnose.cpython-312.pyc
[1.916s] -- Up-to-date symlink: /home/hornet/Desktop/pathfollowingbot/install/mobile_robot/share/mobile_robot/model/.venv/lib64/python3.12/site-packages/pip/_vendor/rich/__pycache__/emoji.cpython-312.pyc
[1.916s] -- Up-to-date symlink: /home/hornet/Desktop/pathfollowingbot/install/mobile_robot/share/mobile_robot/model/.venv/lib64/python3.12/site-packages/pip/_vendor/rich/__pycache__/errors.cpython-312.pyc
[1.916s] -- Up-to-date symlink: /home/hornet/Desktop/pathfollowingbot/install/mobile_robot/share/mobile_robot/model/.venv/lib64/python3.12/site-packages/pip/_vendor/rich/__pycache__/file_proxy.cpython-312.pyc
[1.916s] -- Up-to-date symlink: /home/hornet/Desktop/pathfollowingbot/install/mobile_robot/share/mobile_robot/model/.venv/lib64/python3.12/site-packages/pip/_vendor/rich/__pycache__/filesize.cpython-312.pyc
[1.916s] -- Up-to-date symlink: /home/hornet/Desktop/pathfollowingbot/install/mobile_robot/share/mobile_robot/model/.venv/lib64/python3.12/site-packages/pip/_vendor/rich/__pycache__/highlighter.cpython-312.pyc
[1.916s] -- Up-to-date symlink: /home/hornet/Desktop/pathfollowingbot/install/mobile_robot/share/mobile_robot/model/.venv/lib64/python3.12/site-packages/pip/_vendor/rich/__pycache__/json.cpython-312.pyc
[1.916s] -- Up-to-date symlink: /home/hornet/Desktop/pathfollowingbot/install/mobile_robot/share/mobile_robot/model/.venv/lib64/python3.12/site-packages/pip/_vendor/rich/__pycache__/jupyter.cpython-312.pyc
[1.917s] -- Up-to-date symlink: /home/hornet/Desktop/pathfollowingbot/install/mobile_robot/share/mobile_robot/model/.venv/lib64/python3.12/site-packages/pip/_vendor/rich/__pycache__/layout.cpython-312.pyc
[1.917s] -- Up-to-date symlink: /home/hornet/Desktop/pathfollowingbot/install/mobile_robot/share/mobile_robot/model/.venv/lib64/python3.12/site-packages/pip/_vendor/rich/__pycache__/live.cpython-312.pyc
[1.917s] -- Up-to-date symlink: /home/hornet/Desktop/pathfollowingbot/install/mobile_robot/share/mobile_robot/model/.venv/lib64/python3.12/site-packages/pip/_vendor/rich/__pycache__/live_render.cpython-312.pyc
[1.917s] -- Up-to-date symlink: /home/hornet/Desktop/pathfollowingbot/install/mobile_robot/share/mobile_robot/model/.venv/lib64/python3.12/site-packages/pip/_vendor/rich/__pycache__/logging.cpython-312.pyc
[1.917s] -- Up-to-date symlink: /home/hornet/Desktop/pathfollowingbot/install/mobile_robot/share/mobile_robot/model/.venv/lib64/python3.12/site-packages/pip/_vendor/rich/__pycache__/markup.cpython-312.pyc
[1.917s] -- Up-to-date symlink: /home/hornet/Desktop/pathfollowingbot/install/mobile_robot/share/mobile_robot/model/.venv/lib64/python3.12/site-packages/pip/_vendor/rich/__pycache__/measure.cpython-312.pyc
[1.917s] -- Up-to-date symlink: /home/hornet/Desktop/pathfollowingbot/install/mobile_robot/share/mobile_robot/model/.venv/lib64/python3.12/site-packages/pip/_vendor/rich/__pycache__/padding.cpython-312.pyc
[1.917s] -- Up-to-date symlink: /home/hornet/Desktop/pathfollowingbot/install/mobile_robot/share/mobile_robot/model/.venv/lib64/python3.12/site-packages/pip/_vendor/rich/__pycache__/pager.cpython-312.pyc
[1.917s] -- Up-to-date symlink: /home/hornet/Desktop/pathfollowingbot/install/mobile_robot/share/mobile_robot/model/.venv/lib64/python3.12/site-packages/pip/_vendor/rich/__pycache__/palette.cpython-312.pyc
[1.917s] -- Up-to-date symlink: /home/hornet/Desktop/pathfollowingbot/install/mobile_robot/share/mobile_robot/model/.venv/lib64/python3.12/site-packages/pip/_vendor/rich/__pycache__/panel.cpython-312.pyc
[1.917s] -- Up-to-date symlink: /home/hornet/Desktop/pathfollowingbot/install/mobile_robot/share/mobile_robot/model/.venv/lib64/python3.12/site-packages/pip/_vendor/rich/__pycache__/pretty.cpython-312.pyc
[1.917s] -- Up-to-date symlink: /home/hornet/Desktop/pathfollowingbot/install/mobile_robot/share/mobile_robot/model/.venv/lib64/python3.12/site-packages/pip/_vendor/rich/__pycache__/progress.cpython-312.pyc
[1.917s] -- Up-to-date symlink: /home/hornet/Desktop/pathfollowingbot/install/mobile_robot/share/mobile_robot/model/.venv/lib64/python3.12/site-packages/pip/_vendor/rich/__pycache__/progress_bar.cpython-312.pyc
[1.917s] -- Up-to-date symlink: /home/hornet/Desktop/pathfollowingbot/install/mobile_robot/share/mobile_robot/model/.venv/lib64/python3.12/site-packages/pip/_vendor/rich/__pycache__/prompt.cpython-312.pyc
[1.917s] -- Up-to-date symlink: /home/hornet/Desktop/pathfollowingbot/install/mobile_robot/share/mobile_robot/model/.venv/lib64/python3.12/site-packages/pip/_vendor/rich/__pycache__/protocol.cpython-312.pyc
[1.918s] -- Up-to-date symlink: /home/hornet/Desktop/pathfollowingbot/install/mobile_robot/share/mobile_robot/model/.venv/lib64/python3.12/site-packages/pip/_vendor/rich/__pycache__/region.cpython-312.pyc
[1.918s] -- Up-to-date symlink: /home/hornet/Desktop/pathfollowingbot/install/mobile_robot/share/mobile_robot/model/.venv/lib64/python3.12/site-packages/pip/_vendor/rich/__pycache__/repr.cpython-312.pyc
[1.918s] -- Up-to-date symlink: /home/hornet/Desktop/pathfollowingbot/install/mobile_robot/share/mobile_robot/model/.venv/lib64/python3.12/site-packages/pip/_vendor/rich/__pycache__/rule.cpython-312.pyc
[1.918s] -- Up-to-date symlink: /home/hornet/Desktop/pathfollowingbot/install/mobile_robot/share/mobile_robot/model/.venv/lib64/python3.12/site-packages/pip/_vendor/rich/__pycache__/scope.cpython-312.pyc
[1.918s] -- Up-to-date symlink: /home/hornet/Desktop/pathfollowingbot/install/mobile_robot/share/mobile_robot/model/.venv/lib64/python3.12/site-packages/pip/_vendor/rich/__pycache__/screen.cpython-312.pyc
[1.918s] -- Up-to-date symlink: /home/hornet/Desktop/pathfollowingbot/install/mobile_robot/share/mobile_robot/model/.venv/lib64/python3.12/site-packages/pip/_vendor/rich/__pycache__/segment.cpython-312.pyc
[1.918s] -- Up-to-date symlink: /home/hornet/Desktop/pathfollowingbot/install/mobile_robot/share/mobile_robot/model/.venv/lib64/python3.12/site-packages/pip/_vendor/rich/__pycache__/spinner.cpython-312.pyc
[1.918s] -- Up-to-date symlink: /home/hornet/Desktop/pathfollowingbot/install/mobile_robot/share/mobile_robot/model/.venv/lib64/python3.12/site-packages/pip/_vendor/rich/__pycache__/status.cpython-312.pyc
[1.918s] -- Up-to-date symlink: /home/hornet/Desktop/pathfollowingbot/install/mobile_robot/share/mobile_robot/model/.venv/lib64/python3.12/site-packages/pip/_vendor/rich/__pycache__/style.cpython-312.pyc
[1.918s] -- Up-to-date symlink: /home/hornet/Desktop/pathfollowingbot/install/mobile_robot/share/mobile_robot/model/.venv/lib64/python3.12/site-packages/pip/_vendor/rich/__pycache__/styled.cpython-312.pyc
[1.918s] -- Up-to-date symlink: /home/hornet/Desktop/pathfollowingbot/install/mobile_robot/share/mobile_robot/model/.venv/lib64/python3.12/site-packages/pip/_vendor/rich/__pycache__/syntax.cpython-312.pyc
[1.918s] -- Up-to-date symlink: /home/hornet/Desktop/pathfollowingbot/install/mobile_robot/share/mobile_robot/model/.venv/lib64/python3.12/site-packages/pip/_vendor/rich/__pycache__/table.cpython-312.pyc
[1.918s] -- Up-to-date symlink: /home/hornet/Desktop/pathfollowingbot/install/mobile_robot/share/mobile_robot/model/.venv/lib64/python3.12/site-packages/pip/_vendor/rich/__pycache__/terminal_theme.cpython-312.pyc
[1.918s] -- Up-to-date symlink: /home/hornet/Desktop/pathfollowingbot/install/mobile_robot/share/mobile_robot/model/.venv/lib64/python3.12/site-packages/pip/_vendor/rich/__pycache__/text.cpython-312.pyc
[1.918s] -- Up-to-date symlink: /home/hornet/Desktop/pathfollowingbot/install/mobile_robot/share/mobile_robot/model/.venv/lib64/python3.12/site-packages/pip/_vendor/rich/__pycache__/theme.cpython-312.pyc
[1.918s] -- Up-to-date symlink: /home/hornet/Desktop/pathfollowingbot/install/mobile_robot/share/mobile_robot/model/.venv/lib64/python3.12/site-packages/pip/_vendor/rich/__pycache__/themes.cpython-312.pyc
[1.919s] -- Up-to-date symlink: /home/hornet/Desktop/pathfollowingbot/install/mobile_robot/share/mobile_robot/model/.venv/lib64/python3.12/site-packages/pip/_vendor/rich/__pycache__/traceback.cpython-312.pyc
[1.919s] -- Up-to-date symlink: /home/hornet/Desktop/pathfollowingbot/install/mobile_robot/share/mobile_robot/model/.venv/lib64/python3.12/site-packages/pip/_vendor/rich/__pycache__/tree.cpython-312.pyc
[1.919s] -- Up-to-date symlink: /home/hornet/Desktop/pathfollowingbot/install/mobile_robot/share/mobile_robot/model/.venv/lib64/python3.12/site-packages/pip/_vendor/rich/_cell_widths.py
[1.919s] -- Up-to-date symlink: /home/hornet/Desktop/pathfollowingbot/install/mobile_robot/share/mobile_robot/model/.venv/lib64/python3.12/site-packages/pip/_vendor/rich/_emoji_codes.py
[1.919s] -- Up-to-date symlink: /home/hornet/Desktop/pathfollowingbot/install/mobile_robot/share/mobile_robot/model/.venv/lib64/python3.12/site-packages/pip/_vendor/rich/_emoji_replace.py
[1.919s] -- Up-to-date symlink: /home/hornet/Desktop/pathfollowingbot/install/mobile_robot/share/mobile_robot/model/.venv/lib64/python3.12/site-packages/pip/_vendor/rich/_export_format.py
[1.919s] -- Up-to-date symlink: /home/hornet/Desktop/pathfollowingbot/install/mobile_robot/share/mobile_robot/model/.venv/lib64/python3.12/site-packages/pip/_vendor/rich/_extension.py
[1.919s] -- Up-to-date symlink: /home/hornet/Desktop/pathfollowingbot/install/mobile_robot/share/mobile_robot/model/.venv/lib64/python3.12/site-packages/pip/_vendor/rich/_fileno.py
[1.919s] -- Up-to-date symlink: /home/hornet/Desktop/pathfollowingbot/install/mobile_robot/share/mobile_robot/model/.venv/lib64/python3.12/site-packages/pip/_vendor/rich/_inspect.py
[1.919s] -- Up-to-date symlink: /home/hornet/Desktop/pathfollowingbot/install/mobile_robot/share/mobile_robot/model/.venv/lib64/python3.12/site-packages/pip/_vendor/rich/_log_render.py
[1.919s] -- Up-to-date symlink: /home/hornet/Desktop/pathfollowingbot/install/mobile_robot/share/mobile_robot/model/.venv/lib64/python3.12/site-packages/pip/_vendor/rich/_loop.py
[1.919s] -- Up-to-date symlink: /home/hornet/Desktop/pathfollowingbot/install/mobile_robot/share/mobile_robot/model/.venv/lib64/python3.12/site-packages/pip/_vendor/rich/_null_file.py
[1.920s] -- Up-to-date symlink: /home/hornet/Desktop/pathfollowingbot/install/mobile_robot/share/mobile_robot/model/.venv/lib64/python3.12/site-packages/pip/_vendor/rich/_palettes.py
[1.920s] -- Up-to-date symlink: /home/hornet/Desktop/pathfollowingbot/install/mobile_robot/share/mobile_robot/model/.venv/lib64/python3.12/site-packages/pip/_vendor/rich/_pick.py
[1.920s] -- Up-to-date symlink: /home/hornet/Desktop/pathfollowingbot/install/mobile_robot/share/mobile_robot/model/.venv/lib64/python3.12/site-packages/pip/_vendor/rich/_ratio.py
[1.920s] -- Up-to-date symlink: /home/hornet/Desktop/pathfollowingbot/install/mobile_robot/share/mobile_robot/model/.venv/lib64/python3.12/site-packages/pip/_vendor/rich/_spinners.py
[1.920s] -- Up-to-date symlink: /home/hornet/Desktop/pathfollowingbot/install/mobile_robot/share/mobile_robot/model/.venv/lib64/python3.12/site-packages/pip/_vendor/rich/_stack.py
[1.920s] -- Up-to-date symlink: /home/hornet/Desktop/pathfollowingbot/install/mobile_robot/share/mobile_robot/model/.venv/lib64/python3.12/site-packages/pip/_vendor/rich/_timer.py
[1.920s] -- Up-to-date symlink: /home/hornet/Desktop/pathfollowingbot/install/mobile_robot/share/mobile_robot/model/.venv/lib64/python3.12/site-packages/pip/_vendor/rich/_win32_console.py
[1.920s] -- Up-to-date symlink: /home/hornet/Desktop/pathfollowingbot/install/mobile_robot/share/mobile_robot/model/.venv/lib64/python3.12/site-packages/pip/_vendor/rich/_windows.py
[1.920s] -- Up-to-date symlink: /home/hornet/Desktop/pathfollowingbot/install/mobile_robot/share/mobile_robot/model/.venv/lib64/python3.12/site-packages/pip/_vendor/rich/_windows_renderer.py
[1.920s] -- Up-to-date symlink: /home/hornet/Desktop/pathfollowingbot/install/mobile_robot/share/mobile_robot/model/.venv/lib64/python3.12/site-packages/pip/_vendor/rich/_wrap.py
[1.921s] -- Up-to-date symlink: /home/hornet/Desktop/pathfollowingbot/install/mobile_robot/share/mobile_robot/model/.venv/lib64/python3.12/site-packages/pip/_vendor/rich/abc.py
[1.921s] -- Up-to-date symlink: /home/hornet/Desktop/pathfollowingbot/install/mobile_robot/share/mobile_robot/model/.venv/lib64/python3.12/site-packages/pip/_vendor/rich/align.py
[1.921s] -- Up-to-date symlink: /home/hornet/Desktop/pathfollowingbot/install/mobile_robot/share/mobile_robot/model/.venv/lib64/python3.12/site-packages/pip/_vendor/rich/ansi.py
[1.921s] -- Up-to-date symlink: /home/hornet/Desktop/pathfollowingbot/install/mobile_robot/share/mobile_robot/model/.venv/lib64/python3.12/site-packages/pip/_vendor/rich/bar.py
[1.921s] -- Up-to-date symlink: /home/hornet/Desktop/pathfollowingbot/install/mobile_robot/share/mobile_robot/model/.venv/lib64/python3.12/site-packages/pip/_vendor/rich/box.py
[1.921s] -- Up-to-date symlink: /home/hornet/Desktop/pathfollowingbot/install/mobile_robot/share/mobile_robot/model/.venv/lib64/python3.12/site-packages/pip/_vendor/rich/cells.py
[1.921s] -- Up-to-date symlink: /home/hornet/Desktop/pathfollowingbot/install/mobile_robot/share/mobile_robot/model/.venv/lib64/python3.12/site-packages/pip/_vendor/rich/color.py
[1.921s] -- Up-to-date symlink: /home/hornet/Desktop/pathfollowingbot/install/mobile_robot/share/mobile_robot/model/.venv/lib64/python3.12/site-packages/pip/_vendor/rich/color_triplet.py
[1.922s] -- Up-to-date symlink: /home/hornet/Desktop/pathfollowingbot/install/mobile_robot/share/mobile_robot/model/.venv/lib64/python3.12/site-packages/pip/_vendor/rich/columns.py
[1.922s] -- Up-to-date symlink: /home/hornet/Desktop/pathfollowingbot/install/mobile_robot/share/mobile_robot/model/.venv/lib64/python3.12/site-packages/pip/_vendor/rich/console.py
[1.922s] -- Up-to-date symlink: /home/hornet/Desktop/pathfollowingbot/install/mobile_robot/share/mobile_robot/model/.venv/lib64/python3.12/site-packages/pip/_vendor/rich/constrain.py
[1.922s] -- Up-to-date symlink: /home/hornet/Desktop/pathfollowingbot/install/mobile_robot/share/mobile_robot/model/.venv/lib64/python3.12/site-packages/pip/_vendor/rich/containers.py
[1.922s] -- Up-to-date symlink: /home/hornet/Desktop/pathfollowingbot/install/mobile_robot/share/mobile_robot/model/.venv/lib64/python3.12/site-packages/pip/_vendor/rich/control.py
[1.922s] -- Up-to-date symlink: /home/hornet/Desktop/pathfollowingbot/install/mobile_robot/share/mobile_robot/model/.venv/lib64/python3.12/site-packages/pip/_vendor/rich/default_styles.py
[1.922s] -- Up-to-date symlink: /home/hornet/Desktop/pathfollowingbot/install/mobile_robot/share/mobile_robot/model/.venv/lib64/python3.12/site-packages/pip/_vendor/rich/diagnose.py
[1.922s] -- Up-to-date symlink: /home/hornet/Desktop/pathfollowingbot/install/mobile_robot/share/mobile_robot/model/.venv/lib64/python3.12/site-packages/pip/_vendor/rich/emoji.py
[1.923s] -- Up-to-date symlink: /home/hornet/Desktop/pathfollowingbot/install/mobile_robot/share/mobile_robot/model/.venv/lib64/python3.12/site-packages/pip/_vendor/rich/errors.py
[1.923s] -- Up-to-date symlink: /home/hornet/Desktop/pathfollowingbot/install/mobile_robot/share/mobile_robot/model/.venv/lib64/python3.12/site-packages/pip/_vendor/rich/file_proxy.py
[1.923s] -- Up-to-date symlink: /home/hornet/Desktop/pathfollowingbot/install/mobile_robot/share/mobile_robot/model/.venv/lib64/python3.12/site-packages/pip/_vendor/rich/filesize.py
[1.923s] -- Up-to-date symlink: /home/hornet/Desktop/pathfollowingbot/install/mobile_robot/share/mobile_robot/model/.venv/lib64/python3.12/site-packages/pip/_vendor/rich/highlighter.py
[1.923s] -- Up-to-date symlink: /home/hornet/Desktop/pathfollowingbot/install/mobile_robot/share/mobile_robot/model/.venv/lib64/python3.12/site-packages/pip/_vendor/rich/json.py
[1.923s] -- Up-to-date symlink: /home/hornet/Desktop/pathfollowingbot/install/mobile_robot/share/mobile_robot/model/.venv/lib64/python3.12/site-packages/pip/_vendor/rich/jupyter.py
[1.923s] -- Up-to-date symlink: /home/hornet/Desktop/pathfollowingbot/install/mobile_robot/share/mobile_robot/model/.venv/lib64/python3.12/site-packages/pip/_vendor/rich/layout.py
[1.923s] -- Up-to-date symlink: /home/hornet/Desktop/pathfollowingbot/install/mobile_robot/share/mobile_robot/model/.venv/lib64/python3.12/site-packages/pip/_vendor/rich/live.py
[1.923s] -- Up-to-date symlink: /home/hornet/Desktop/pathfollowingbot/install/mobile_robot/share/mobile_robot/model/.venv/lib64/python3.12/site-packages/pip/_vendor/rich/live_render.py
[1.923s] -- Up-to-date symlink: /home/hornet/Desktop/pathfollowingbot/install/mobile_robot/share/mobile_robot/model/.venv/lib64/python3.12/site-packages/pip/_vendor/rich/logging.py
[1.923s] -- Up-to-date symlink: /home/hornet/Desktop/pathfollowingbot/install/mobile_robot/share/mobile_robot/model/.venv/lib64/python3.12/site-packages/pip/_vendor/rich/markup.py
[1.923s] -- Up-to-date symlink: /home/hornet/Desktop/pathfollowingbot/install/mobile_robot/share/mobile_robot/model/.venv/lib64/python3.12/site-packages/pip/_vendor/rich/measure.py
[1.924s] -- Up-to-date symlink: /home/hornet/Desktop/pathfollowingbot/install/mobile_robot/share/mobile_robot/model/.venv/lib64/python3.12/site-packages/pip/_vendor/rich/padding.py
[1.924s] -- Up-to-date symlink: /home/hornet/Desktop/pathfollowingbot/install/mobile_robot/share/mobile_robot/model/.venv/lib64/python3.12/site-packages/pip/_vendor/rich/pager.py
[1.924s] -- Up-to-date symlink: /home/hornet/Desktop/pathfollowingbot/install/mobile_robot/share/mobile_robot/model/.venv/lib64/python3.12/site-packages/pip/_vendor/rich/palette.py
[1.924s] -- Up-to-date symlink: /home/hornet/Desktop/pathfollowingbot/install/mobile_robot/share/mobile_robot/model/.venv/lib64/python3.12/site-packages/pip/_vendor/rich/panel.py
[1.924s] -- Up-to-date symlink: /home/hornet/Desktop/pathfollowingbot/install/mobile_robot/share/mobile_robot/model/.venv/lib64/python3.12/site-packages/pip/_vendor/rich/pretty.py
[1.924s] -- Up-to-date symlink: /home/hornet/Desktop/pathfollowingbot/install/mobile_robot/share/mobile_robot/model/.venv/lib64/python3.12/site-packages/pip/_vendor/rich/progress.py
[1.924s] -- Up-to-date symlink: /home/hornet/Desktop/pathfollowingbot/install/mobile_robot/share/mobile_robot/model/.venv/lib64/python3.12/site-packages/pip/_vendor/rich/progress_bar.py
[1.924s] -- Up-to-date symlink: /home/hornet/Desktop/pathfollowingbot/install/mobile_robot/share/mobile_robot/model/.venv/lib64/python3.12/site-packages/pip/_vendor/rich/prompt.py
[1.925s] -- Up-to-date symlink: /home/hornet/Desktop/pathfollowingbot/install/mobile_robot/share/mobile_robot/model/.venv/lib64/python3.12/site-packages/pip/_vendor/rich/protocol.py
[1.925s] -- Up-to-date symlink: /home/hornet/Desktop/pathfollowingbot/install/mobile_robot/share/mobile_robot/model/.venv/lib64/python3.12/site-packages/pip/_vendor/rich/py.typed
[1.925s] -- Up-to-date symlink: /home/hornet/Desktop/pathfollowingbot/install/mobile_robot/share/mobile_robot/model/.venv/lib64/python3.12/site-packages/pip/_vendor/rich/region.py
[1.925s] -- Up-to-date symlink: /home/hornet/Desktop/pathfollowingbot/install/mobile_robot/share/mobile_robot/model/.venv/lib64/python3.12/site-packages/pip/_vendor/rich/repr.py
[1.925s] -- Up-to-date symlink: /home/hornet/Desktop/pathfollowingbot/install/mobile_robot/share/mobile_robot/model/.venv/lib64/python3.12/site-packages/pip/_vendor/rich/rule.py
[1.925s] -- Up-to-date symlink: /home/hornet/Desktop/pathfollowingbot/install/mobile_robot/share/mobile_robot/model/.venv/lib64/python3.12/site-packages/pip/_vendor/rich/scope.py
[1.925s] -- Up-to-date symlink: /home/hornet/Desktop/pathfollowingbot/install/mobile_robot/share/mobile_robot/model/.venv/lib64/python3.12/site-packages/pip/_vendor/rich/screen.py
[1.925s] -- Up-to-date symlink: /home/hornet/Desktop/pathfollowingbot/install/mobile_robot/share/mobile_robot/model/.venv/lib64/python3.12/site-packages/pip/_vendor/rich/segment.py
[1.925s] -- Up-to-date symlink: /home/hornet/Desktop/pathfollowingbot/install/mobile_robot/share/mobile_robot/model/.venv/lib64/python3.12/site-packages/pip/_vendor/rich/spinner.py
[1.925s] -- Up-to-date symlink: /home/hornet/Desktop/pathfollowingbot/install/mobile_robot/share/mobile_robot/model/.venv/lib64/python3.12/site-packages/pip/_vendor/rich/status.py
[1.925s] -- Up-to-date symlink: /home/hornet/Desktop/pathfollowingbot/install/mobile_robot/share/mobile_robot/model/.venv/lib64/python3.12/site-packages/pip/_vendor/rich/style.py
[1.925s] -- Up-to-date symlink: /home/hornet/Desktop/pathfollowingbot/install/mobile_robot/share/mobile_robot/model/.venv/lib64/python3.12/site-packages/pip/_vendor/rich/styled.py
[1.926s] -- Up-to-date symlink: /home/hornet/Desktop/pathfollowingbot/install/mobile_robot/share/mobile_robot/model/.venv/lib64/python3.12/site-packages/pip/_vendor/rich/syntax.py
[1.926s] -- Up-to-date symlink: /home/hornet/Desktop/pathfollowingbot/install/mobile_robot/share/mobile_robot/model/.venv/lib64/python3.12/site-packages/pip/_vendor/rich/table.py
[1.926s] -- Up-to-date symlink: /home/hornet/Desktop/pathfollowingbot/install/mobile_robot/share/mobile_robot/model/.venv/lib64/python3.12/site-packages/pip/_vendor/rich/terminal_theme.py
[1.926s] -- Up-to-date symlink: /home/hornet/Desktop/pathfollowingbot/install/mobile_robot/share/mobile_robot/model/.venv/lib64/python3.12/site-packages/pip/_vendor/rich/text.py
[1.926s] -- Up-to-date symlink: /home/hornet/Desktop/pathfollowingbot/install/mobile_robot/share/mobile_robot/model/.venv/lib64/python3.12/site-packages/pip/_vendor/rich/theme.py
[1.926s] -- Up-to-date symlink: /home/hornet/Desktop/pathfollowingbot/install/mobile_robot/share/mobile_robot/model/.venv/lib64/python3.12/site-packages/pip/_vendor/rich/themes.py
[1.926s] -- Up-to-date symlink: /home/hornet/Desktop/pathfollowingbot/install/mobile_robot/share/mobile_robot/model/.venv/lib64/python3.12/site-packages/pip/_vendor/rich/traceback.py
[1.926s] -- Up-to-date symlink: /home/hornet/Desktop/pathfollowingbot/install/mobile_robot/share/mobile_robot/model/.venv/lib64/python3.12/site-packages/pip/_vendor/rich/tree.py
[1.926s] -- Up-to-date symlink: /home/hornet/Desktop/pathfollowingbot/install/mobile_robot/share/mobile_robot/model/.venv/lib64/python3.12/site-packages/pip/_vendor/tomli/LICENSE
[1.926s] -- Up-to-date symlink: /home/hornet/Desktop/pathfollowingbot/install/mobile_robot/share/mobile_robot/model/.venv/lib64/python3.12/site-packages/pip/_vendor/tomli/__init__.py
[1.926s] -- Up-to-date symlink: /home/hornet/Desktop/pathfollowingbot/install/mobile_robot/share/mobile_robot/model/.venv/lib64/python3.12/site-packages/pip/_vendor/tomli/__pycache__/__init__.cpython-312.pyc
[1.927s] -- Up-to-date symlink: /home/hornet/Desktop/pathfollowingbot/install/mobile_robot/share/mobile_robot/model/.venv/lib64/python3.12/site-packages/pip/_vendor/tomli/__pycache__/_parser.cpython-312.pyc
[1.927s] -- Up-to-date symlink: /home/hornet/Desktop/pathfollowingbot/install/mobile_robot/share/mobile_robot/model/.venv/lib64/python3.12/site-packages/pip/_vendor/tomli/__pycache__/_re.cpython-312.pyc
[1.927s] -- Up-to-date symlink: /home/hornet/Desktop/pathfollowingbot/install/mobile_robot/share/mobile_robot/model/.venv/lib64/python3.12/site-packages/pip/_vendor/tomli/__pycache__/_types.cpython-312.pyc
[1.927s] -- Up-to-date symlink: /home/hornet/Desktop/pathfollowingbot/install/mobile_robot/share/mobile_robot/model/.venv/lib64/python3.12/site-packages/pip/_vendor/tomli/_parser.py
[1.927s] -- Up-to-date symlink: /home/hornet/Desktop/pathfollowingbot/install/mobile_robot/share/mobile_robot/model/.venv/lib64/python3.12/site-packages/pip/_vendor/tomli/_re.py
[1.927s] -- Up-to-date symlink: /home/hornet/Desktop/pathfollowingbot/install/mobile_robot/share/mobile_robot/model/.venv/lib64/python3.12/site-packages/pip/_vendor/tomli/_types.py
[1.927s] -- Up-to-date symlink: /home/hornet/Desktop/pathfollowingbot/install/mobile_robot/share/mobile_robot/model/.venv/lib64/python3.12/site-packages/pip/_vendor/tomli/py.typed
[1.927s] -- Up-to-date symlink: /home/hornet/Desktop/pathfollowingbot/install/mobile_robot/share/mobile_robot/model/.venv/lib64/python3.12/site-packages/pip/_vendor/tomli_w/LICENSE
[1.928s] -- Up-to-date symlink: /home/hornet/Desktop/pathfollowingbot/install/mobile_robot/share/mobile_robot/model/.venv/lib64/python3.12/site-packages/pip/_vendor/tomli_w/__init__.py
[1.928s] -- Up-to-date symlink: /home/hornet/Desktop/pathfollowingbot/install/mobile_robot/share/mobile_robot/model/.venv/lib64/python3.12/site-packages/pip/_vendor/tomli_w/__pycache__/__init__.cpython-312.pyc
[1.928s] -- Up-to-date symlink: /home/hornet/Desktop/pathfollowingbot/install/mobile_robot/share/mobile_robot/model/.venv/lib64/python3.12/site-packages/pip/_vendor/tomli_w/__pycache__/_writer.cpython-312.pyc
[1.928s] -- Up-to-date symlink: /home/hornet/Desktop/pathfollowingbot/install/mobile_robot/share/mobile_robot/model/.venv/lib64/python3.12/site-packages/pip/_vendor/tomli_w/_writer.py
[1.928s] -- Up-to-date symlink: /home/hornet/Desktop/pathfollowingbot/install/mobile_robot/share/mobile_robot/model/.venv/lib64/python3.12/site-packages/pip/_vendor/tomli_w/py.typed
[1.928s] -- Up-to-date symlink: /home/hornet/Desktop/pathfollowingbot/install/mobile_robot/share/mobile_robot/model/.venv/lib64/python3.12/site-packages/pip/_vendor/truststore/LICENSE
[1.928s] -- Up-to-date symlink: /home/hornet/Desktop/pathfollowingbot/install/mobile_robot/share/mobile_robot/model/.venv/lib64/python3.12/site-packages/pip/_vendor/truststore/__init__.py
[1.928s] -- Up-to-date symlink: /home/hornet/Desktop/pathfollowingbot/install/mobile_robot/share/mobile_robot/model/.venv/lib64/python3.12/site-packages/pip/_vendor/truststore/__pycache__/__init__.cpython-312.pyc
[1.929s] -- Up-to-date symlink: /home/hornet/Desktop/pathfollowingbot/install/mobile_robot/share/mobile_robot/model/.venv/lib64/python3.12/site-packages/pip/_vendor/truststore/__pycache__/_api.cpython-312.pyc
[1.929s] -- Up-to-date symlink: /home/hornet/Desktop/pathfollowingbot/install/mobile_robot/share/mobile_robot/model/.venv/lib64/python3.12/site-packages/pip/_vendor/truststore/__pycache__/_macos.cpython-312.pyc
[1.929s] -- Up-to-date symlink: /home/hornet/Desktop/pathfollowingbot/install/mobile_robot/share/mobile_robot/model/.venv/lib64/python3.12/site-packages/pip/_vendor/truststore/__pycache__/_openssl.cpython-312.pyc
[1.929s] -- Up-to-date symlink: /home/hornet/Desktop/pathfollowingbot/install/mobile_robot/share/mobile_robot/model/.venv/lib64/python3.12/site-packages/pip/_vendor/truststore/__pycache__/_ssl_constants.cpython-312.pyc
[1.929s] -- Up-to-date symlink: /home/hornet/Desktop/pathfollowingbot/install/mobile_robot/share/mobile_robot/model/.venv/lib64/python3.12/site-packages/pip/_vendor/truststore/__pycache__/_windows.cpython-312.pyc
[1.929s] -- Up-to-date symlink: /home/hornet/Desktop/pathfollowingbot/install/mobile_robot/share/mobile_robot/model/.venv/lib64/python3.12/site-packages/pip/_vendor/truststore/_api.py
[1.929s] -- Up-to-date symlink: /home/hornet/Desktop/pathfollowingbot/install/mobile_robot/share/mobile_robot/model/.venv/lib64/python3.12/site-packages/pip/_vendor/truststore/_macos.py
[1.929s] -- Up-to-date symlink: /home/hornet/Desktop/pathfollowingbot/install/mobile_robot/share/mobile_robot/model/.venv/lib64/python3.12/site-packages/pip/_vendor/truststore/_openssl.py
[1.929s] -- Up-to-date symlink: /home/hornet/Desktop/pathfollowingbot/install/mobile_robot/share/mobile_robot/model/.venv/lib64/python3.12/site-packages/pip/_vendor/truststore/_ssl_constants.py
[1.929s] -- Up-to-date symlink: /home/hornet/Desktop/pathfollowingbot/install/mobile_robot/share/mobile_robot/model/.venv/lib64/python3.12/site-packages/pip/_vendor/truststore/_windows.py
[1.929s] -- Up-to-date symlink: /home/hornet/Desktop/pathfollowingbot/install/mobile_robot/share/mobile_robot/model/.venv/lib64/python3.12/site-packages/pip/_vendor/truststore/py.typed
[1.930s] -- Up-to-date symlink: /home/hornet/Desktop/pathfollowingbot/install/mobile_robot/share/mobile_robot/model/.venv/lib64/python3.12/site-packages/pip/_vendor/urllib3/LICENSE.txt
[1.930s] -- Up-to-date symlink: /home/hornet/Desktop/pathfollowingbot/install/mobile_robot/share/mobile_robot/model/.venv/lib64/python3.12/site-packages/pip/_vendor/urllib3/__init__.py
[1.930s] -- Up-to-date symlink: /home/hornet/Desktop/pathfollowingbot/install/mobile_robot/share/mobile_robot/model/.venv/lib64/python3.12/site-packages/pip/_vendor/urllib3/__pycache__/__init__.cpython-312.pyc
[1.930s] -- Up-to-date symlink: /home/hornet/Desktop/pathfollowingbot/install/mobile_robot/share/mobile_robot/model/.venv/lib64/python3.12/site-packages/pip/_vendor/urllib3/__pycache__/_collections.cpython-312.pyc
[1.930s] -- Up-to-date symlink: /home/hornet/Desktop/pathfollowingbot/install/mobile_robot/share/mobile_robot/model/.venv/lib64/python3.12/site-packages/pip/_vendor/urllib3/__pycache__/_version.cpython-312.pyc
[1.930s] -- Up-to-date symlink: /home/hornet/Desktop/pathfollowingbot/install/mobile_robot/share/mobile_robot/model/.venv/lib64/python3.12/site-packages/pip/_vendor/urllib3/__pycache__/connection.cpython-312.pyc
[1.930s] -- Up-to-date symlink: /home/hornet/Desktop/pathfollowingbot/install/mobile_robot/share/mobile_robot/model/.venv/lib64/python3.12/site-packages/pip/_vendor/urllib3/__pycache__/connectionpool.cpython-312.pyc
[1.930s] -- Up-to-date symlink: /home/hornet/Desktop/pathfollowingbot/install/mobile_robot/share/mobile_robot/model/.venv/lib64/python3.12/site-packages/pip/_vendor/urllib3/__pycache__/exceptions.cpython-312.pyc
[1.930s] -- Up-to-date symlink: /home/hornet/Desktop/pathfollowingbot/install/mobile_robot/share/mobile_robot/model/.venv/lib64/python3.12/site-packages/pip/_vendor/urllib3/__pycache__/fields.cpython-312.pyc
[1.930s] -- Up-to-date symlink: /home/hornet/Desktop/pathfollowingbot/install/mobile_robot/share/mobile_robot/model/.venv/lib64/python3.12/site-packages/pip/_vendor/urllib3/__pycache__/filepost.cpython-312.pyc
[1.930s] -- Up-to-date symlink: /home/hornet/Desktop/pathfollowingbot/install/mobile_robot/share/mobile_robot/model/.venv/lib64/python3.12/site-packages/pip/_vendor/urllib3/__pycache__/poolmanager.cpython-312.pyc
[1.930s] -- Up-to-date symlink: /home/hornet/Desktop/pathfollowingbot/install/mobile_robot/share/mobile_robot/model/.venv/lib64/python3.12/site-packages/pip/_vendor/urllib3/__pycache__/request.cpython-312.pyc
[1.931s] -- Up-to-date symlink: /home/hornet/Desktop/pathfollowingbot/install/mobile_robot/share/mobile_robot/model/.venv/lib64/python3.12/site-packages/pip/_vendor/urllib3/__pycache__/response.cpython-312.pyc
[1.931s] -- Up-to-date symlink: /home/hornet/Desktop/pathfollowingbot/install/mobile_robot/share/mobile_robot/model/.venv/lib64/python3.12/site-packages/pip/_vendor/urllib3/_collections.py
[1.931s] -- Up-to-date symlink: /home/hornet/Desktop/pathfollowingbot/install/mobile_robot/share/mobile_robot/model/.venv/lib64/python3.12/site-packages/pip/_vendor/urllib3/_version.py
[1.931s] -- Up-to-date symlink: /home/hornet/Desktop/pathfollowingbot/install/mobile_robot/share/mobile_robot/model/.venv/lib64/python3.12/site-packages/pip/_vendor/urllib3/connection.py
[1.931s] -- Up-to-date symlink: /home/hornet/Desktop/pathfollowingbot/install/mobile_robot/share/mobile_robot/model/.venv/lib64/python3.12/site-packages/pip/_vendor/urllib3/connectionpool.py
[1.931s] -- Up-to-date symlink: /home/hornet/Desktop/pathfollowingbot/install/mobile_robot/share/mobile_robot/model/.venv/lib64/python3.12/site-packages/pip/_vendor/urllib3/contrib/__init__.py
[1.931s] -- Up-to-date symlink: /home/hornet/Desktop/pathfollowingbot/install/mobile_robot/share/mobile_robot/model/.venv/lib64/python3.12/site-packages/pip/_vendor/urllib3/contrib/__pycache__/__init__.cpython-312.pyc
[1.931s] -- Up-to-date symlink: /home/hornet/Desktop/pathfollowingbot/install/mobile_robot/share/mobile_robot/model/.venv/lib64/python3.12/site-packages/pip/_vendor/urllib3/contrib/__pycache__/_appengine_environ.cpython-312.pyc
[1.931s] -- Up-to-date symlink: /home/hornet/Desktop/pathfollowingbot/install/mobile_robot/share/mobile_robot/model/.venv/lib64/python3.12/site-packages/pip/_vendor/urllib3/contrib/__pycache__/appengine.cpython-312.pyc
[1.931s] -- Up-to-date symlink: /home/hornet/Desktop/pathfollowingbot/install/mobile_robot/share/mobile_robot/model/.venv/lib64/python3.12/site-packages/pip/_vendor/urllib3/contrib/__pycache__/ntlmpool.cpython-312.pyc
[1.931s] -- Up-to-date symlink: /home/hornet/Desktop/pathfollowingbot/install/mobile_robot/share/mobile_robot/model/.venv/lib64/python3.12/site-packages/pip/_vendor/urllib3/contrib/__pycache__/pyopenssl.cpython-312.pyc
[1.931s] -- Up-to-date symlink: /home/hornet/Desktop/pathfollowingbot/install/mobile_robot/share/mobile_robot/model/.venv/lib64/python3.12/site-packages/pip/_vendor/urllib3/contrib/__pycache__/securetransport.cpython-312.pyc
[1.932s] -- Up-to-date symlink: /home/hornet/Desktop/pathfollowingbot/install/mobile_robot/share/mobile_robot/model/.venv/lib64/python3.12/site-packages/pip/_vendor/urllib3/contrib/__pycache__/socks.cpython-312.pyc
[1.932s] -- Up-to-date symlink: /home/hornet/Desktop/pathfollowingbot/install/mobile_robot/share/mobile_robot/model/.venv/lib64/python3.12/site-packages/pip/_vendor/urllib3/contrib/_appengine_environ.py
[1.932s] -- Up-to-date symlink: /home/hornet/Desktop/pathfollowingbot/install/mobile_robot/share/mobile_robot/model/.venv/lib64/python3.12/site-packages/pip/_vendor/urllib3/contrib/_securetransport/__init__.py
[1.932s] -- Up-to-date symlink: /home/hornet/Desktop/pathfollowingbot/install/mobile_robot/share/mobile_robot/model/.venv/lib64/python3.12/site-packages/pip/_vendor/urllib3/contrib/_securetransport/__pycache__/__init__.cpython-312.pyc
[1.932s] -- Up-to-date symlink: /home/hornet/Desktop/pathfollowingbot/install/mobile_robot/share/mobile_robot/model/.venv/lib64/python3.12/site-packages/pip/_vendor/urllib3/contrib/_securetransport/__pycache__/bindings.cpython-312.pyc
[1.932s] -- Up-to-date symlink: /home/hornet/Desktop/pathfollowingbot/install/mobile_robot/share/mobile_robot/model/.venv/lib64/python3.12/site-packages/pip/_vendor/urllib3/contrib/_securetransport/__pycache__/low_level.cpython-312.pyc
[1.932s] -- Up-to-date symlink: /home/hornet/Desktop/pathfollowingbot/install/mobile_robot/share/mobile_robot/model/.venv/lib64/python3.12/site-packages/pip/_vendor/urllib3/contrib/_securetransport/bindings.py
[1.932s] -- Up-to-date symlink: /home/hornet/Desktop/pathfollowingbot/install/mobile_robot/share/mobile_robot/model/.venv/lib64/python3.12/site-packages/pip/_vendor/urllib3/contrib/_securetransport/low_level.py
[1.932s] -- Up-to-date symlink: /home/hornet/Desktop/pathfollowingbot/install/mobile_robot/share/mobile_robot/model/.venv/lib64/python3.12/site-packages/pip/_vendor/urllib3/contrib/appengine.py
[1.932s] -- Up-to-date symlink: /home/hornet/Desktop/pathfollowingbot/install/mobile_robot/share/mobile_robot/model/.venv/lib64/python3.12/site-packages/pip/_vendor/urllib3/contrib/ntlmpool.py
[1.932s] -- Up-to-date symlink: /home/hornet/Desktop/pathfollowingbot/install/mobile_robot/share/mobile_robot/model/.venv/lib64/python3.12/site-packages/pip/_vendor/urllib3/contrib/pyopenssl.py
[1.932s] -- Up-to-date symlink: /home/hornet/Desktop/pathfollowingbot/install/mobile_robot/share/mobile_robot/model/.venv/lib64/python3.12/site-packages/pip/_vendor/urllib3/contrib/securetransport.py
[1.933s] -- Up-to-date symlink: /home/hornet/Desktop/pathfollowingbot/install/mobile_robot/share/mobile_robot/model/.venv/lib64/python3.12/site-packages/pip/_vendor/urllib3/contrib/socks.py
[1.933s] -- Up-to-date symlink: /home/hornet/Desktop/pathfollowingbot/install/mobile_robot/share/mobile_robot/model/.venv/lib64/python3.12/site-packages/pip/_vendor/urllib3/exceptions.py
[1.933s] -- Up-to-date symlink: /home/hornet/Desktop/pathfollowingbot/install/mobile_robot/share/mobile_robot/model/.venv/lib64/python3.12/site-packages/pip/_vendor/urllib3/fields.py
[1.933s] -- Up-to-date symlink: /home/hornet/Desktop/pathfollowingbot/install/mobile_robot/share/mobile_robot/model/.venv/lib64/python3.12/site-packages/pip/_vendor/urllib3/filepost.py
[1.933s] -- Up-to-date symlink: /home/hornet/Desktop/pathfollowingbot/install/mobile_robot/share/mobile_robot/model/.venv/lib64/python3.12/site-packages/pip/_vendor/urllib3/packages/__init__.py
[1.933s] -- Up-to-date symlink: /home/hornet/Desktop/pathfollowingbot/install/mobile_robot/share/mobile_robot/model/.venv/lib64/python3.12/site-packages/pip/_vendor/urllib3/packages/__pycache__/__init__.cpython-312.pyc
[1.933s] -- Up-to-date symlink: /home/hornet/Desktop/pathfollowingbot/install/mobile_robot/share/mobile_robot/model/.venv/lib64/python3.12/site-packages/pip/_vendor/urllib3/packages/__pycache__/six.cpython-312.pyc
[1.933s] -- Up-to-date symlink: /home/hornet/Desktop/pathfollowingbot/install/mobile_robot/share/mobile_robot/model/.venv/lib64/python3.12/site-packages/pip/_vendor/urllib3/packages/backports/__init__.py
[1.933s] -- Up-to-date symlink: /home/hornet/Desktop/pathfollowingbot/install/mobile_robot/share/mobile_robot/model/.venv/lib64/python3.12/site-packages/pip/_vendor/urllib3/packages/backports/__pycache__/__init__.cpython-312.pyc
[1.933s] -- Up-to-date symlink: /home/hornet/Desktop/pathfollowingbot/install/mobile_robot/share/mobile_robot/model/.venv/lib64/python3.12/site-packages/pip/_vendor/urllib3/packages/backports/__pycache__/makefile.cpython-312.pyc
[1.933s] -- Up-to-date symlink: /home/hornet/Desktop/pathfollowingbot/install/mobile_robot/share/mobile_robot/model/.venv/lib64/python3.12/site-packages/pip/_vendor/urllib3/packages/backports/__pycache__/weakref_finalize.cpython-312.pyc
[1.933s] -- Up-to-date symlink: /home/hornet/Desktop/pathfollowingbot/install/mobile_robot/share/mobile_robot/model/.venv/lib64/python3.12/site-packages/pip/_vendor/urllib3/packages/backports/makefile.py
[1.934s] -- Up-to-date symlink: /home/hornet/Desktop/pathfollowingbot/install/mobile_robot/share/mobile_robot/model/.venv/lib64/python3.12/site-packages/pip/_vendor/urllib3/packages/backports/weakref_finalize.py
[1.934s] -- Up-to-date symlink: /home/hornet/Desktop/pathfollowingbot/install/mobile_robot/share/mobile_robot/model/.venv/lib64/python3.12/site-packages/pip/_vendor/urllib3/packages/six.py
[1.934s] -- Up-to-date symlink: /home/hornet/Desktop/pathfollowingbot/install/mobile_robot/share/mobile_robot/model/.venv/lib64/python3.12/site-packages/pip/_vendor/urllib3/poolmanager.py
[1.934s] -- Up-to-date symlink: /home/hornet/Desktop/pathfollowingbot/install/mobile_robot/share/mobile_robot/model/.venv/lib64/python3.12/site-packages/pip/_vendor/urllib3/request.py
[1.934s] -- Up-to-date symlink: /home/hornet/Desktop/pathfollowingbot/install/mobile_robot/share/mobile_robot/model/.venv/lib64/python3.12/site-packages/pip/_vendor/urllib3/response.py
[1.934s] -- Up-to-date symlink: /home/hornet/Desktop/pathfollowingbot/install/mobile_robot/share/mobile_robot/model/.venv/lib64/python3.12/site-packages/pip/_vendor/urllib3/util/__init__.py
[1.935s] -- Up-to-date symlink: /home/hornet/Desktop/pathfollowingbot/install/mobile_robot/share/mobile_robot/model/.venv/lib64/python3.12/site-packages/pip/_vendor/urllib3/util/__pycache__/__init__.cpython-312.pyc
[1.935s] -- Up-to-date symlink: /home/hornet/Desktop/pathfollowingbot/install/mobile_robot/share/mobile_robot/model/.venv/lib64/python3.12/site-packages/pip/_vendor/urllib3/util/__pycache__/connection.cpython-312.pyc
[1.935s] -- Up-to-date symlink: /home/hornet/Desktop/pathfollowingbot/install/mobile_robot/share/mobile_robot/model/.venv/lib64/python3.12/site-packages/pip/_vendor/urllib3/util/__pycache__/proxy.cpython-312.pyc
[1.935s] -- Up-to-date symlink: /home/hornet/Desktop/pathfollowingbot/install/mobile_robot/share/mobile_robot/model/.venv/lib64/python3.12/site-packages/pip/_vendor/urllib3/util/__pycache__/queue.cpython-312.pyc
[1.935s] -- Up-to-date symlink: /home/hornet/Desktop/pathfollowingbot/install/mobile_robot/share/mobile_robot/model/.venv/lib64/python3.12/site-packages/pip/_vendor/urllib3/util/__pycache__/request.cpython-312.pyc
[1.935s] -- Up-to-date symlink: /home/hornet/Desktop/pathfollowingbot/install/mobile_robot/share/mobile_robot/model/.venv/lib64/python3.12/site-packages/pip/_vendor/urllib3/util/__pycache__/response.cpython-312.pyc
[1.935s] -- Up-to-date symlink: /home/hornet/Desktop/pathfollowingbot/install/mobile_robot/share/mobile_robot/model/.venv/lib64/python3.12/site-packages/pip/_vendor/urllib3/util/__pycache__/retry.cpython-312.pyc
[1.936s] -- Up-to-date symlink: /home/hornet/Desktop/pathfollowingbot/install/mobile_robot/share/mobile_robot/model/.venv/lib64/python3.12/site-packages/pip/_vendor/urllib3/util/__pycache__/ssl_.cpython-312.pyc
[1.936s] -- Up-to-date symlink: /home/hornet/Desktop/pathfollowingbot/install/mobile_robot/share/mobile_robot/model/.venv/lib64/python3.12/site-packages/pip/_vendor/urllib3/util/__pycache__/ssl_match_hostname.cpython-312.pyc
[1.936s] -- Up-to-date symlink: /home/hornet/Desktop/pathfollowingbot/install/mobile_robot/share/mobile_robot/model/.venv/lib64/python3.12/site-packages/pip/_vendor/urllib3/util/__pycache__/ssltransport.cpython-312.pyc
[1.936s] -- Up-to-date symlink: /home/hornet/Desktop/pathfollowingbot/install/mobile_robot/share/mobile_robot/model/.venv/lib64/python3.12/site-packages/pip/_vendor/urllib3/util/__pycache__/timeout.cpython-312.pyc
[1.936s] -- Up-to-date symlink: /home/hornet/Desktop/pathfollowingbot/install/mobile_robot/share/mobile_robot/model/.venv/lib64/python3.12/site-packages/pip/_vendor/urllib3/util/__pycache__/url.cpython-312.pyc
[1.936s] -- Up-to-date symlink: /home/hornet/Desktop/pathfollowingbot/install/mobile_robot/share/mobile_robot/model/.venv/lib64/python3.12/site-packages/pip/_vendor/urllib3/util/__pycache__/wait.cpython-312.pyc
[1.936s] -- Up-to-date symlink: /home/hornet/Desktop/pathfollowingbot/install/mobile_robot/share/mobile_robot/model/.venv/lib64/python3.12/site-packages/pip/_vendor/urllib3/util/connection.py
[1.937s] -- Up-to-date symlink: /home/hornet/Desktop/pathfollowingbot/install/mobile_robot/share/mobile_robot/model/.venv/lib64/python3.12/site-packages/pip/_vendor/urllib3/util/proxy.py
[1.937s] -- Up-to-date symlink: /home/hornet/Desktop/pathfollowingbot/install/mobile_robot/share/mobile_robot/model/.venv/lib64/python3.12/site-packages/pip/_vendor/urllib3/util/queue.py
[1.937s] -- Up-to-date symlink: /home/hornet/Desktop/pathfollowingbot/install/mobile_robot/share/mobile_robot/model/.venv/lib64/python3.12/site-packages/pip/_vendor/urllib3/util/request.py
[1.937s] -- Up-to-date symlink: /home/hornet/Desktop/pathfollowingbot/install/mobile_robot/share/mobile_robot/model/.venv/lib64/python3.12/site-packages/pip/_vendor/urllib3/util/response.py
[1.937s] -- Up-to-date symlink: /home/hornet/Desktop/pathfollowingbot/install/mobile_robot/share/mobile_robot/model/.venv/lib64/python3.12/site-packages/pip/_vendor/urllib3/util/retry.py
[1.937s] -- Up-to-date symlink: /home/hornet/Desktop/pathfollowingbot/install/mobile_robot/share/mobile_robot/model/.venv/lib64/python3.12/site-packages/pip/_vendor/urllib3/util/ssl_.py
[1.938s] -- Up-to-date symlink: /home/hornet/Desktop/pathfollowingbot/install/mobile_robot/share/mobile_robot/model/.venv/lib64/python3.12/site-packages/pip/_vendor/urllib3/util/ssl_match_hostname.py
[1.938s] -- Up-to-date symlink: /home/hornet/Desktop/pathfollowingbot/install/mobile_robot/share/mobile_robot/model/.venv/lib64/python3.12/site-packages/pip/_vendor/urllib3/util/ssltransport.py
[1.938s] -- Up-to-date symlink: /home/hornet/Desktop/pathfollowingbot/install/mobile_robot/share/mobile_robot/model/.venv/lib64/python3.12/site-packages/pip/_vendor/urllib3/util/timeout.py
[1.938s] -- Up-to-date symlink: /home/hornet/Desktop/pathfollowingbot/install/mobile_robot/share/mobile_robot/model/.venv/lib64/python3.12/site-packages/pip/_vendor/urllib3/util/url.py
[1.938s] -- Up-to-date symlink: /home/hornet/Desktop/pathfollowingbot/install/mobile_robot/share/mobile_robot/model/.venv/lib64/python3.12/site-packages/pip/_vendor/urllib3/util/wait.py
[1.938s] -- Up-to-date symlink: /home/hornet/Desktop/pathfollowingbot/install/mobile_robot/share/mobile_robot/model/.venv/lib64/python3.12/site-packages/pip/_vendor/vendor.txt
[1.938s] -- Up-to-date symlink: /home/hornet/Desktop/pathfollowingbot/install/mobile_robot/share/mobile_robot/model/.venv/lib64/python3.12/site-packages/pip/py.typed
[1.938s] -- Up-to-date symlink: /home/hornet/Desktop/pathfollowingbot/install/mobile_robot/share/mobile_robot/model/.venv/lib64/python3.12/site-packages/pyyaml-6.0.3.dist-info/INSTALLER
[1.938s] -- Up-to-date symlink: /home/hornet/Desktop/pathfollowingbot/install/mobile_robot/share/mobile_robot/model/.venv/lib64/python3.12/site-packages/pyyaml-6.0.3.dist-info/METADATA
[1.938s] -- Up-to-date symlink: /home/hornet/Desktop/pathfollowingbot/install/mobile_robot/share/mobile_robot/model/.venv/lib64/python3.12/site-packages/pyyaml-6.0.3.dist-info/RECORD
[1.938s] -- Up-to-date symlink: /home/hornet/Desktop/pathfollowingbot/install/mobile_robot/share/mobile_robot/model/.venv/lib64/python3.12/site-packages/pyyaml-6.0.3.dist-info/WHEEL
[1.938s] -- Up-to-date symlink: /home/hornet/Desktop/pathfollowingbot/install/mobile_robot/share/mobile_robot/model/.venv/lib64/python3.12/site-packages/pyyaml-6.0.3.dist-info/licenses/LICENSE
[1.938s] -- Up-to-date symlink: /home/hornet/Desktop/pathfollowingbot/install/mobile_robot/share/mobile_robot/model/.venv/lib64/python3.12/site-packages/pyyaml-6.0.3.dist-info/top_level.txt
[1.939s] -- Up-to-date symlink: /home/hornet/Desktop/pathfollowingbot/install/mobile_robot/share/mobile_robot/model/.venv/lib64/python3.12/site-packages/xacro-2.1.1.dist-info/INSTALLER
[1.939s] -- Up-to-date symlink: /home/hornet/Desktop/pathfollowingbot/install/mobile_robot/share/mobile_robot/model/.venv/lib64/python3.12/site-packages/xacro-2.1.1.dist-info/METADATA
[1.939s] -- Up-to-date symlink: /home/hornet/Desktop/pathfollowingbot/install/mobile_robot/share/mobile_robot/model/.venv/lib64/python3.12/site-packages/xacro-2.1.1.dist-info/RECORD
[1.939s] -- Up-to-date symlink: /home/hornet/Desktop/pathfollowingbot/install/mobile_robot/share/mobile_robot/model/.venv/lib64/python3.12/site-packages/xacro-2.1.1.dist-info/REQUESTED
[1.939s] -- Up-to-date symlink: /home/hornet/Desktop/pathfollowingbot/install/mobile_robot/share/mobile_robot/model/.venv/lib64/python3.12/site-packages/xacro-2.1.1.dist-info/WHEEL
[1.939s] -- Up-to-date symlink: /home/hornet/Desktop/pathfollowingbot/install/mobile_robot/share/mobile_robot/model/.venv/lib64/python3.12/site-packages/xacro-2.1.1.dist-info/entry_points.txt
[1.939s] -- Up-to-date symlink: /home/hornet/Desktop/pathfollowingbot/install/mobile_robot/share/mobile_robot/model/.venv/lib64/python3.12/site-packages/xacro-2.1.1.dist-info/licenses/LICENSE
[1.939s] -- Up-to-date symlink: /home/hornet/Desktop/pathfollowingbot/install/mobile_robot/share/mobile_robot/model/.venv/lib64/python3.12/site-packages/xacro-2.1.1.dist-info/top_level.txt
[1.939s] -- Up-to-date symlink: /home/hornet/Desktop/pathfollowingbot/install/mobile_robot/share/mobile_robot/model/.venv/lib64/python3.12/site-packages/xacro/__init__.py
[1.939s] -- Up-to-date symlink: /home/hornet/Desktop/pathfollowingbot/install/mobile_robot/share/mobile_robot/model/.venv/lib64/python3.12/site-packages/xacro/__pycache__/__init__.cpython-312.pyc
[1.939s] -- Up-to-date symlink: /home/hornet/Desktop/pathfollowingbot/install/mobile_robot/share/mobile_robot/model/.venv/lib64/python3.12/site-packages/xacro/__pycache__/cli.cpython-312.pyc
[1.939s] -- Up-to-date symlink: /home/hornet/Desktop/pathfollowingbot/install/mobile_robot/share/mobile_robot/model/.venv/lib64/python3.12/site-packages/xacro/__pycache__/color.cpython-312.pyc
[1.939s] -- Up-to-date symlink: /home/hornet/Desktop/pathfollowingbot/install/mobile_robot/share/mobile_robot/model/.venv/lib64/python3.12/site-packages/xacro/__pycache__/substitution_args.cpython-312.pyc
[1.940s] -- Up-to-date symlink: /home/hornet/Desktop/pathfollowingbot/install/mobile_robot/share/mobile_robot/model/.venv/lib64/python3.12/site-packages/xacro/__pycache__/xmlutils.cpython-312.pyc
[1.940s] -- Up-to-date symlink: /home/hornet/Desktop/pathfollowingbot/install/mobile_robot/share/mobile_robot/model/.venv/lib64/python3.12/site-packages/xacro/cli.py
[1.940s] -- Up-to-date symlink: /home/hornet/Desktop/pathfollowingbot/install/mobile_robot/share/mobile_robot/model/.venv/lib64/python3.12/site-packages/xacro/color.py
[1.940s] -- Up-to-date symlink: /home/hornet/Desktop/pathfollowingbot/install/mobile_robot/share/mobile_robot/model/.venv/lib64/python3.12/site-packages/xacro/substitution_args.py
[1.940s] -- Up-to-date symlink: /home/hornet/Desktop/pathfollowingbot/install/mobile_robot/share/mobile_robot/model/.venv/lib64/python3.12/site-packages/xacro/xmlutils.py
[1.940s] -- Up-to-date symlink: /home/hornet/Desktop/pathfollowingbot/install/mobile_robot/share/mobile_robot/model/.venv/lib64/python3.12/site-packages/yaml/__init__.py
[1.940s] -- Up-to-date symlink: /home/hornet/Desktop/pathfollowingbot/install/mobile_robot/share/mobile_robot/model/.venv/lib64/python3.12/site-packages/yaml/__pycache__/__init__.cpython-312.pyc
[1.940s] -- Up-to-date symlink: /home/hornet/Desktop/pathfollowingbot/install/mobile_robot/share/mobile_robot/model/.venv/lib64/python3.12/site-packages/yaml/__pycache__/composer.cpython-312.pyc
[1.940s] -- Up-to-date symlink: /home/hornet/Desktop/pathfollowingbot/install/mobile_robot/share/mobile_robot/model/.venv/lib64/python3.12/site-packages/yaml/__pycache__/constructor.cpython-312.pyc
[1.940s] -- Up-to-date symlink: /home/hornet/Desktop/pathfollowingbot/install/mobile_robot/share/mobile_robot/model/.venv/lib64/python3.12/site-packages/yaml/__pycache__/cyaml.cpython-312.pyc
[1.941s] -- Up-to-date symlink: /home/hornet/Desktop/pathfollowingbot/install/mobile_robot/share/mobile_robot/model/.venv/lib64/python3.12/site-packages/yaml/__pycache__/dumper.cpython-312.pyc
[1.941s] -- Up-to-date symlink: /home/hornet/Desktop/pathfollowingbot/install/mobile_robot/share/mobile_robot/model/.venv/lib64/python3.12/site-packages/yaml/__pycache__/emitter.cpython-312.pyc
[1.941s] -- Up-to-date symlink: /home/hornet/Desktop/pathfollowingbot/install/mobile_robot/share/mobile_robot/model/.venv/lib64/python3.12/site-packages/yaml/__pycache__/error.cpython-312.pyc
[1.941s] -- Up-to-date symlink: /home/hornet/Desktop/pathfollowingbot/install/mobile_robot/share/mobile_robot/model/.venv/lib64/python3.12/site-packages/yaml/__pycache__/events.cpython-312.pyc
[1.941s] -- Up-to-date symlink: /home/hornet/Desktop/pathfollowingbot/install/mobile_robot/share/mobile_robot/model/.venv/lib64/python3.12/site-packages/yaml/__pycache__/loader.cpython-312.pyc
[1.941s] -- Up-to-date symlink: /home/hornet/Desktop/pathfollowingbot/install/mobile_robot/share/mobile_robot/model/.venv/lib64/python3.12/site-packages/yaml/__pycache__/nodes.cpython-312.pyc
[1.941s] -- Up-to-date symlink: /home/hornet/Desktop/pathfollowingbot/install/mobile_robot/share/mobile_robot/model/.venv/lib64/python3.12/site-packages/yaml/__pycache__/parser.cpython-312.pyc
[1.941s] -- Up-to-date symlink: /home/hornet/Desktop/pathfollowingbot/install/mobile_robot/share/mobile_robot/model/.venv/lib64/python3.12/site-packages/yaml/__pycache__/reader.cpython-312.pyc
[1.941s] -- Up-to-date symlink: /home/hornet/Desktop/pathfollowingbot/install/mobile_robot/share/mobile_robot/model/.venv/lib64/python3.12/site-packages/yaml/__pycache__/representer.cpython-312.pyc
[1.941s] -- Up-to-date symlink: /home/hornet/Desktop/pathfollowingbot/install/mobile_robot/share/mobile_robot/model/.venv/lib64/python3.12/site-packages/yaml/__pycache__/resolver.cpython-312.pyc
[1.941s] -- Up-to-date symlink: /home/hornet/Desktop/pathfollowingbot/install/mobile_robot/share/mobile_robot/model/.venv/lib64/python3.12/site-packages/yaml/__pycache__/scanner.cpython-312.pyc
[1.941s] -- Up-to-date symlink: /home/hornet/Desktop/pathfollowingbot/install/mobile_robot/share/mobile_robot/model/.venv/lib64/python3.12/site-packages/yaml/__pycache__/serializer.cpython-312.pyc
[1.941s] -- Up-to-date symlink: /home/hornet/Desktop/pathfollowingbot/install/mobile_robot/share/mobile_robot/model/.venv/lib64/python3.12/site-packages/yaml/__pycache__/tokens.cpython-312.pyc
[1.941s] -- Up-to-date symlink: /home/hornet/Desktop/pathfollowingbot/install/mobile_robot/share/mobile_robot/model/.venv/lib64/python3.12/site-packages/yaml/_yaml.cpython-312-x86_64-linux-gnu.so
[1.941s] -- Up-to-date symlink: /home/hornet/Desktop/pathfollowingbot/install/mobile_robot/share/mobile_robot/model/.venv/lib64/python3.12/site-packages/yaml/composer.py
[1.942s] -- Up-to-date symlink: /home/hornet/Desktop/pathfollowingbot/install/mobile_robot/share/mobile_robot/model/.venv/lib64/python3.12/site-packages/yaml/constructor.py
[1.942s] -- Up-to-date symlink: /home/hornet/Desktop/pathfollowingbot/install/mobile_robot/share/mobile_robot/model/.venv/lib64/python3.12/site-packages/yaml/cyaml.py
[1.942s] -- Up-to-date symlink: /home/hornet/Desktop/pathfollowingbot/install/mobile_robot/share/mobile_robot/model/.venv/lib64/python3.12/site-packages/yaml/dumper.py
[1.942s] -- Up-to-date symlink: /home/hornet/Desktop/pathfollowingbot/install/mobile_robot/share/mobile_robot/model/.venv/lib64/python3.12/site-packages/yaml/emitter.py
[1.942s] -- Up-to-date symlink: /home/hornet/Desktop/pathfollowingbot/install/mobile_robot/share/mobile_robot/model/.venv/lib64/python3.12/site-packages/yaml/error.py
[1.942s] -- Up-to-date symlink: /home/hornet/Desktop/pathfollowingbot/install/mobile_robot/share/mobile_robot/model/.venv/lib64/python3.12/site-packages/yaml/events.py
[1.942s] -- Up-to-date symlink: /home/hornet/Desktop/pathfollowingbot/install/mobile_robot/share/mobile_robot/model/.venv/lib64/python3.12/site-packages/yaml/loader.py
[1.942s] -- Up-to-date symlink: /home/hornet/Desktop/pathfollowingbot/install/mobile_robot/share/mobile_robot/model/.venv/lib64/python3.12/site-packages/yaml/nodes.py
[1.942s] -- Up-to-date symlink: /home/hornet/Desktop/pathfollowingbot/install/mobile_robot/share/mobile_robot/model/.venv/lib64/python3.12/site-packages/yaml/parser.py
[1.942s] -- Up-to-date symlink: /home/hornet/Desktop/pathfollowingbot/install/mobile_robot/share/mobile_robot/model/.venv/lib64/python3.12/site-packages/yaml/reader.py
[1.942s] -- Up-to-date symlink: /home/hornet/Desktop/pathfollowingbot/install/mobile_robot/share/mobile_robot/model/.venv/lib64/python3.12/site-packages/yaml/representer.py
[1.942s] -- Up-to-date symlink: /home/hornet/Desktop/pathfollowingbot/install/mobile_robot/share/mobile_robot/model/.venv/lib64/python3.12/site-packages/yaml/resolver.py
[1.942s] -- Up-to-date symlink: /home/hornet/Desktop/pathfollowingbot/install/mobile_robot/share/mobile_robot/model/.venv/lib64/python3.12/site-packages/yaml/scanner.py
[1.943s] -- Up-to-date symlink: /home/hornet/Desktop/pathfollowingbot/install/mobile_robot/share/mobile_robot/model/.venv/lib64/python3.12/site-packages/yaml/serializer.py
[1.943s] -- Up-to-date symlink: /home/hornet/Desktop/pathfollowingbot/install/mobile_robot/share/mobile_robot/model/.venv/lib64/python3.12/site-packages/yaml/tokens.py
[1.943s] -- Up-to-date symlink: /home/hornet/Desktop/pathfollowingbot/install/mobile_robot/share/mobile_robot/model/.venv/pip.pyz
[1.943s] -- Up-to-date symlink: /home/hornet/Desktop/pathfollowingbot/install/mobile_robot/share/mobile_robot/model/.venv/pyvenv.cfg
[1.943s] -- Up-to-date symlink: /home/hornet/Desktop/pathfollowingbot/install/mobile_robot/share/mobile_robot/model/build/.built_by
[1.943s] -- Up-to-date symlink: /home/hornet/Desktop/pathfollowingbot/install/mobile_robot/share/mobile_robot/model/build/COLCON_IGNORE
[1.943s] -- Up-to-date symlink: /home/hornet/Desktop/pathfollowingbot/install/mobile_robot/share/mobile_robot/model/install/.colcon_install_layout
[1.943s] -- Up-to-date symlink: /home/hornet/Desktop/pathfollowingbot/install/mobile_robot/share/mobile_robot/model/install/COLCON_IGNORE
[1.943s] -- Up-to-date symlink: /home/hornet/Desktop/pathfollowingbot/install/mobile_robot/share/mobile_robot/model/install/_local_setup_util_ps1.py
[1.943s] -- Up-to-date symlink: /home/hornet/Desktop/pathfollowingbot/install/mobile_robot/share/mobile_robot/model/install/_local_setup_util_sh.py
[1.943s] -- Up-to-date symlink: /home/hornet/Desktop/pathfollowingbot/install/mobile_robot/share/mobile_robot/model/install/local_setup.bash
[1.943s] -- Up-to-date symlink: /home/hornet/Desktop/pathfollowingbot/install/mobile_robot/share/mobile_robot/model/install/local_setup.ps1
[1.943s] -- Up-to-date symlink: /home/hornet/Desktop/pathfollowingbot/install/mobile_robot/share/mobile_robot/model/install/local_setup.sh
[1.943s] -- Up-to-date symlink: /home/hornet/Desktop/pathfollowingbot/install/mobile_robot/share/mobile_robot/model/install/local_setup.zsh
[1.944s] -- Up-to-date symlink: /home/hornet/Desktop/pathfollowingbot/install/mobile_robot/share/mobile_robot/model/install/setup.bash
[1.944s] -- Up-to-date symlink: /home/hornet/Desktop/pathfollowingbot/install/mobile_robot/share/mobile_robot/model/install/setup.ps1
[1.944s] -- Up-to-date symlink: /home/hornet/Desktop/pathfollowingbot/install/mobile_robot/share/mobile_robot/model/install/setup.sh
[1.944s] -- Up-to-date symlink: /home/hornet/Desktop/pathfollowingbot/install/mobile_robot/share/mobile_robot/model/install/setup.zsh
[1.944s] -- Up-to-date symlink: /home/hornet/Desktop/pathfollowingbot/install/mobile_robot/share/mobile_robot/model/log/COLCON_IGNORE
[1.944s] -- Up-to-date symlink: /home/hornet/Desktop/pathfollowingbot/install/mobile_robot/share/mobile_robot/model/log/build_2025-12-28_23-05-32/events.log
[1.944s] -- Up-to-date symlink: /home/hornet/Desktop/pathfollowingbot/install/mobile_robot/share/mobile_robot/model/log/build_2025-12-28_23-05-32/logger_all.log
[1.944s] -- Up-to-date symlink: /home/hornet/Desktop/pathfollowingbot/install/mobile_robot/share/mobile_robot/model/log/latest/events.log
[1.944s] -- Up-to-date symlink: /home/hornet/Desktop/pathfollowingbot/install/mobile_robot/share/mobile_robot/model/log/latest/logger_all.log
[1.944s] -- Up-to-date symlink: /home/hornet/Desktop/pathfollowingbot/install/mobile_robot/share/mobile_robot/model/log/latest_build/events.log
[1.944s] -- Up-to-date symlink: /home/hornet/Desktop/pathfollowingbot/install/mobile_robot/share/mobile_robot/model/log/latest_build/logger_all.log
[1.944s] -- Up-to-date symlink: /home/hornet/Desktop/pathfollowingbot/install/mobile_robot/share/mobile_robot/model/robot.gazebo.xacro
[1.944s] -- Up-to-date symlink: /home/hornet/Desktop/pathfollowingbot/install/mobile_robot/share/mobile_robot/model/robot.xacro
[1.945s] -- Up-to-date symlink: /home/hornet/Desktop/pathfollowingbot/install/mobile_robot/share/mobile_robot/parameters/bridge_parameters.yaml
[1.945s] -- Up-to-date symlink: /home/hornet/Desktop/pathfollowingbot/install/mobile_robot/share/mobile_robot/parameters/mapper_params_online_async.yaml
[1.945s] CMake Warning (dev) at ament_cmake_symlink_install/ament_cmake_symlink_install.cmake:67 (file):
[1.945s]   Policy CMP0009 is not set: FILE GLOB_RECURSE calls should not follow
[1.945s]   symlinks by default.  Run "cmake --help-policy CMP0009" for policy details.
[1.945s]   Use the cmake_policy command to set the policy and suppress this warning.
[1.945s] Call Stack (most recent call first):
[1.945s]   ament_cmake_symlink_install/ament_cmake_symlink_install.cmake:325 (ament_cmake_symlink_install_directory)
[1.945s]   cmake_install.cmake:46 (include)
[1.945s] This warning is for project developers.  Use -Wno-dev to suppress it.
[1.945s] 
[1.945s] CMake Warning (dev) at ament_cmake_symlink_install/ament_cmake_symlink_install.cmake:78 (file):
[1.946s]   Policy CMP0009 is not set: FILE GLOB_RECURSE calls should not follow
[1.946s]   symlinks by default.  Run "cmake --help-policy CMP0009" for policy details.
[1.946s]   Use the cmake_policy command to set the policy and suppress this warning.
[1.946s] Call Stack (most recent call first):
[1.946s]   ament_cmake_symlink_install/ament_cmake_symlink_install.cmake:325 (ament_cmake_symlink_install_directory)
[1.946s]   cmake_install.cmake:46 (include)
[1.946s] This warning is for project developers.  Use -Wno-dev to suppress it.
[1.946s] 
[1.946s] CMake Warning (dev) at ament_cmake_symlink_install/ament_cmake_symlink_install.cmake:78 (file):
[1.946s]   Policy CMP0009 is not set: FILE GLOB_RECURSE calls should not follow
[1.946s]   symlinks by default.  Run "cmake --help-policy CMP0009" for policy details.
[1.946s]   Use the cmake_policy command to set the policy and suppress this warning.
[1.946s] Call Stack (most recent call first):
[1.946s]   ament_cmake_symlink_install/ament_cmake_symlink_install.cmake:325 (ament_cmake_symlink_install_directory)
[1.946s]   cmake_install.cmake:46 (include)
[1.946s] This warning is for project developers.  Use -Wno-dev to suppress it.
[1.946s] 
[1.947s] CMake Warning (dev) at ament_cmake_symlink_install/ament_cmake_symlink_install.cmake:78 (file):
[1.947s]   Policy CMP0009 is not set: FILE GLOB_RECURSE calls should not follow
[1.947s]   symlinks by default.  Run "cmake --help-policy CMP0009" for policy details.
[1.947s]   Use the cmake_policy command to set the policy and suppress this warning.
[1.947s] Call Stack (most recent call first):
[1.947s]   ament_cmake_symlink_install/ament_cmake_symlink_install.cmake:325 (ament_cmake_symlink_install_directory)
[1.947s]   cmake_install.cmake:46 (include)
[1.947s] This warning is for project developers.  Use -Wno-dev to suppress it.
[1.947s] 
[1.947s] CMake Warning (dev) at ament_cmake_symlink_install/ament_cmake_symlink_install.cmake:78 (file):
[1.947s]   Policy CMP0009 is not set: FILE GLOB_RECURSE calls should not follow
[1.947s]   symlinks by default.  Run "cmake --help-policy CMP0009" for policy details.
[1.947s]   Use the cmake_policy command to set the policy and suppress this warning.
[1.947s] Call Stack (most recent call first):
[1.947s]   ament_cmake_symlink_install/ament_cmake_symlink_install.cmake:325 (ament_cmake_symlink_install_directory)
[1.947s]   cmake_install.cmake:46 (include)
[1.947s] This warning is for project developers.  Use -Wno-dev to suppress it.
[1.948s] 
[1.948s] -- Up-to-date symlink: /home/hornet/Desktop/pathfollowingbot/install/mobile_robot/share/mobile_robot/worlds/build/.built_by
[1.948s] -- Up-to-date symlink: /home/hornet/Desktop/pathfollowingbot/install/mobile_robot/share/mobile_robot/worlds/build/COLCON_IGNORE
[1.948s] -- Up-to-date symlink: /home/hornet/Desktop/pathfollowingbot/install/mobile_robot/share/mobile_robot/worlds/install/.colcon_install_layout
[1.948s] -- Up-to-date symlink: /home/hornet/Desktop/pathfollowingbot/install/mobile_robot/share/mobile_robot/worlds/install/COLCON_IGNORE
[1.948s] -- Up-to-date symlink: /home/hornet/Desktop/pathfollowingbot/install/mobile_robot/share/mobile_robot/worlds/install/_local_setup_util_ps1.py
[1.948s] -- Up-to-date symlink: /home/hornet/Desktop/pathfollowingbot/install/mobile_robot/share/mobile_robot/worlds/install/_local_setup_util_sh.py
[1.948s] -- Up-to-date symlink: /home/hornet/Desktop/pathfollowingbot/install/mobile_robot/share/mobile_robot/worlds/install/local_setup.bash
[1.948s] -- Up-to-date symlink: /home/hornet/Desktop/pathfollowingbot/install/mobile_robot/share/mobile_robot/worlds/install/local_setup.ps1
[1.948s] -- Up-to-date symlink: /home/hornet/Desktop/pathfollowingbot/install/mobile_robot/share/mobile_robot/worlds/install/local_setup.sh
[1.948s] -- Up-to-date symlink: /home/hornet/Desktop/pathfollowingbot/install/mobile_robot/share/mobile_robot/worlds/install/local_setup.zsh
[1.948s] -- Up-to-date symlink: /home/hornet/Desktop/pathfollowingbot/install/mobile_robot/share/mobile_robot/worlds/install/setup.bash
[1.948s] -- Up-to-date symlink: /home/hornet/Desktop/pathfollowingbot/install/mobile_robot/share/mobile_robot/worlds/install/setup.ps1
[1.948s] -- Up-to-date symlink: /home/hornet/Desktop/pathfollowingbot/install/mobile_robot/share/mobile_robot/worlds/install/setup.sh
[1.948s] -- Up-to-date symlink: /home/hornet/Desktop/pathfollowingbot/install/mobile_robot/share/mobile_robot/worlds/install/setup.zsh
[1.948s] -- Up-to-date symlink: /home/hornet/Desktop/pathfollowingbot/install/mobile_robot/share/mobile_robot/worlds/log/COLCON_IGNORE
[1.948s] -- Up-to-date symlink: /home/hornet/Desktop/pathfollowingbot/install/mobile_robot/share/mobile_robot/worlds/log/build_2026-02-16_22-56-19/events.log
[1.948s] -- Up-to-date symlink: /home/hornet/Desktop/pathfollowingbot/install/mobile_robot/share/mobile_robot/worlds/log/build_2026-02-16_22-56-19/logger_all.log
[1.948s] -- Up-to-date symlink: /home/hornet/Desktop/pathfollowingbot/install/mobile_robot/share/mobile_robot/worlds/log/build_2026-02-17_04-18-17/events.log
[1.948s] -- Up-to-date symlink: /home/hornet/Desktop/pathfollowingbot/install/mobile_robot/share/mobile_robot/worlds/log/build_2026-02-17_04-18-17/logger_all.log
[1.949s] -- Up-to-date symlink: /home/hornet/Desktop/pathfollowingbot/install/mobile_robot/share/mobile_robot/worlds/log/build_2026-02-17_04-19-29/events.log
[1.949s] -- Up-to-date symlink: /home/hornet/Desktop/pathfollowingbot/install/mobile_robot/share/mobile_robot/worlds/log/build_2026-02-17_04-19-29/logger_all.log
[1.949s] -- Up-to-date symlink: /home/hornet/Desktop/pathfollowingbot/install/mobile_robot/share/mobile_robot/worlds/log/latest/events.log
[1.949s] -- Up-to-date symlink: /home/hornet/Desktop/pathfollowingbot/install/mobile_robot/share/mobile_robot/worlds/log/latest/logger_all.log
[1.949s] -- Up-to-date symlink: /home/hornet/Desktop/pathfollowingbot/install/mobile_robot/share/mobile_robot/worlds/log/latest_build/events.log
[1.949s] -- Up-to-date symlink: /home/hornet/Desktop/pathfollowingbot/install/mobile_robot/share/mobile_robot/worlds/log/latest_build/logger_all.log
[1.949s] -- Symlinking: /home/hornet/Desktop/pathfollowingbot/install/mobile_robot/share/mobile_robot/worlds/small_warehouse.world
[1.958s] -- Up-to-date symlink: /home/hornet/Desktop/pathfollowingbot/install/mobile_robot/share/mobile_robot/worlds/track_walls.sdf
[1.961s] -- Symlinking: /home/hornet/Desktop/pathfollowingbot/install/mobile_robot/share/mobile_robot/models/aws_robomaker_warehouse_Bucket_01/materials/textures/aws_robomaker_warehouse_Bucket_01.png
[1.973s] -- Symlinking: /home/hornet/Desktop/pathfollowingbot/install/mobile_robot/share/mobile_robot/models/aws_robomaker_warehouse_Bucket_01/meshes/aws_robomaker_warehouse_Bucket_01_collision.DAE
[1.985s] -- Symlinking: /home/hornet/Desktop/pathfollowingbot/install/mobile_robot/share/mobile_robot/models/aws_robomaker_warehouse_Bucket_01/meshes/aws_robomaker_warehouse_Bucket_01_visual.DAE
[1.995s] -- Symlinking: /home/hornet/Desktop/pathfollowingbot/install/mobile_robot/share/mobile_robot/models/aws_robomaker_warehouse_Bucket_01/model.config
[2.003s] -- Symlinking: /home/hornet/Desktop/pathfollowingbot/install/mobile_robot/share/mobile_robot/models/aws_robomaker_warehouse_Bucket_01/model.sdf
[2.013s] -- Symlinking: /home/hornet/Desktop/pathfollowingbot/install/mobile_robot/share/mobile_robot/models/aws_robomaker_warehouse_ClutteringA_01/materials/textures/aws_robomaker_warehouse_ClutteringA_01.png
[2.024s] -- Symlinking: /home/hornet/Desktop/pathfollowingbot/install/mobile_robot/share/mobile_robot/models/aws_robomaker_warehouse_ClutteringA_01/materials/textures/aws_robomaker_warehouse_ClutteringA_02.png
[2.034s] -- Symlinking: /home/hornet/Desktop/pathfollowingbot/install/mobile_robot/share/mobile_robot/models/aws_robomaker_warehouse_ClutteringA_01/materials/textures/aws_robomaker_warehouse_ClutteringA_03.png
[2.045s] -- Symlinking: /home/hornet/Desktop/pathfollowingbot/install/mobile_robot/share/mobile_robot/models/aws_robomaker_warehouse_ClutteringA_01/meshes/aws_robomaker_warehouse_ClutteringA_01_collision.DAE
[2.055s] -- Symlinking: /home/hornet/Desktop/pathfollowingbot/install/mobile_robot/share/mobile_robot/models/aws_robomaker_warehouse_ClutteringA_01/meshes/aws_robomaker_warehouse_ClutteringA_01_visual.DAE
[2.064s] -- Symlinking: /home/hornet/Desktop/pathfollowingbot/install/mobile_robot/share/mobile_robot/models/aws_robomaker_warehouse_ClutteringA_01/model.config
[2.073s] -- Symlinking: /home/hornet/Desktop/pathfollowingbot/install/mobile_robot/share/mobile_robot/models/aws_robomaker_warehouse_ClutteringA_01/model.sdf
[2.083s] -- Symlinking: /home/hornet/Desktop/pathfollowingbot/install/mobile_robot/share/mobile_robot/models/aws_robomaker_warehouse_ClutteringC_01/materials/textures/aws_robomaker_warehouse_ClutteringC_01.png
[2.093s] -- Symlinking: /home/hornet/Desktop/pathfollowingbot/install/mobile_robot/share/mobile_robot/models/aws_robomaker_warehouse_ClutteringC_01/materials/textures/aws_robomaker_warehouse_ClutteringC_02.png
[2.102s] -- Symlinking: /home/hornet/Desktop/pathfollowingbot/install/mobile_robot/share/mobile_robot/models/aws_robomaker_warehouse_ClutteringC_01/meshes/aws_robomaker_warehouse_ClutteringC_01_collision.DAE
[2.111s] -- Symlinking: /home/hornet/Desktop/pathfollowingbot/install/mobile_robot/share/mobile_robot/models/aws_robomaker_warehouse_ClutteringC_01/meshes/aws_robomaker_warehouse_ClutteringC_01_visual.DAE
[2.122s] -- Symlinking: /home/hornet/Desktop/pathfollowingbot/install/mobile_robot/share/mobile_robot/models/aws_robomaker_warehouse_ClutteringC_01/model.config
[2.132s] -- Symlinking: /home/hornet/Desktop/pathfollowingbot/install/mobile_robot/share/mobile_robot/models/aws_robomaker_warehouse_ClutteringC_01/model.sdf
[2.140s] -- Symlinking: /home/hornet/Desktop/pathfollowingbot/install/mobile_robot/share/mobile_robot/models/aws_robomaker_warehouse_ClutteringD_01/materials/textures/aws_robomaker_warehouse_ClutteringD_01.png
[2.152s] -- Symlinking: /home/hornet/Desktop/pathfollowingbot/install/mobile_robot/share/mobile_robot/models/aws_robomaker_warehouse_ClutteringD_01/materials/textures/aws_robomaker_warehouse_ClutteringD_02.png
[2.164s] -- Symlinking: /home/hornet/Desktop/pathfollowingbot/install/mobile_robot/share/mobile_robot/models/aws_robomaker_warehouse_ClutteringD_01/meshes/aws_robomaker_warehouse_ClutteringD_01_collision.DAE
[2.175s] -- Symlinking: /home/hornet/Desktop/pathfollowingbot/install/mobile_robot/share/mobile_robot/models/aws_robomaker_warehouse_ClutteringD_01/meshes/aws_robomaker_warehouse_ClutteringD_01_visual.DAE
[2.186s] -- Symlinking: /home/hornet/Desktop/pathfollowingbot/install/mobile_robot/share/mobile_robot/models/aws_robomaker_warehouse_ClutteringD_01/model.config
[2.195s] -- Symlinking: /home/hornet/Desktop/pathfollowingbot/install/mobile_robot/share/mobile_robot/models/aws_robomaker_warehouse_ClutteringD_01/model.sdf
[2.204s] -- Symlinking: /home/hornet/Desktop/pathfollowingbot/install/mobile_robot/share/mobile_robot/models/aws_robomaker_warehouse_DeskC_01/materials/textures/aws_robomaker_warehouse_DeskC_01.png
[2.215s] -- Symlinking: /home/hornet/Desktop/pathfollowingbot/install/mobile_robot/share/mobile_robot/models/aws_robomaker_warehouse_DeskC_01/materials/textures/aws_robomaker_warehouse_DeskC_02.png
[2.226s] -- Symlinking: /home/hornet/Desktop/pathfollowingbot/install/mobile_robot/share/mobile_robot/models/aws_robomaker_warehouse_DeskC_01/materials/textures/aws_robomaker_warehouse_DeskC_03.png
[2.235s] -- Symlinking: /home/hornet/Desktop/pathfollowingbot/install/mobile_robot/share/mobile_robot/models/aws_robomaker_warehouse_DeskC_01/materials/textures/aws_robomaker_warehouse_DeskC_03.psd
[2.243s] -- Symlinking: /home/hornet/Desktop/pathfollowingbot/install/mobile_robot/share/mobile_robot/models/aws_robomaker_warehouse_DeskC_01/materials/textures/aws_robomaker_warehouse_DeskC_04.png
[2.254s] -- Symlinking: /home/hornet/Desktop/pathfollowingbot/install/mobile_robot/share/mobile_robot/models/aws_robomaker_warehouse_DeskC_01/meshes/aws_robomaker_warehouse_DeskC_01_collision.DAE
[2.264s] -- Symlinking: /home/hornet/Desktop/pathfollowingbot/install/mobile_robot/share/mobile_robot/models/aws_robomaker_warehouse_DeskC_01/meshes/aws_robomaker_warehouse_DeskC_01_visual.DAE
[2.277s] -- Symlinking: /home/hornet/Desktop/pathfollowingbot/install/mobile_robot/share/mobile_robot/models/aws_robomaker_warehouse_DeskC_01/model.config
[2.286s] -- Symlinking: /home/hornet/Desktop/pathfollowingbot/install/mobile_robot/share/mobile_robot/models/aws_robomaker_warehouse_DeskC_01/model.sdf
[2.296s] -- Symlinking: /home/hornet/Desktop/pathfollowingbot/install/mobile_robot/share/mobile_robot/models/aws_robomaker_warehouse_GroundB_01/materials/textures/aws_robomaker_warehouse_GroundB_01.png
[2.305s] -- Symlinking: /home/hornet/Desktop/pathfollowingbot/install/mobile_robot/share/mobile_robot/models/aws_robomaker_warehouse_GroundB_01/materials/textures/aws_robomaker_warehouse_GroundB_02.png
[2.314s] -- Symlinking: /home/hornet/Desktop/pathfollowingbot/install/mobile_robot/share/mobile_robot/models/aws_robomaker_warehouse_GroundB_01/meshes/aws_robomaker_warehouse_GroundB_01_collision.DAE
[2.322s] -- Symlinking: /home/hornet/Desktop/pathfollowingbot/install/mobile_robot/share/mobile_robot/models/aws_robomaker_warehouse_GroundB_01/meshes/aws_robomaker_warehouse_GroundB_01_visual.DAE
[2.332s] -- Symlinking: /home/hornet/Desktop/pathfollowingbot/install/mobile_robot/share/mobile_robot/models/aws_robomaker_warehouse_GroundB_01/model.config
[2.341s] -- Symlinking: /home/hornet/Desktop/pathfollowingbot/install/mobile_robot/share/mobile_robot/models/aws_robomaker_warehouse_GroundB_01/model.sdf
[2.352s] -- Symlinking: /home/hornet/Desktop/pathfollowingbot/install/mobile_robot/share/mobile_robot/models/aws_robomaker_warehouse_Lamp_01/materials/textures/aws_robomaker_warehouse_Lamp_01.png
[2.362s] -- Symlinking: /home/hornet/Desktop/pathfollowingbot/install/mobile_robot/share/mobile_robot/models/aws_robomaker_warehouse_Lamp_01/meshes/aws_robomaker_warehouse_Lamp_01_collision.DAE
[2.371s] -- Symlinking: /home/hornet/Desktop/pathfollowingbot/install/mobile_robot/share/mobile_robot/models/aws_robomaker_warehouse_Lamp_01/meshes/aws_robomaker_warehouse_Lamp_01_visual.DAE
[2.380s] -- Symlinking: /home/hornet/Desktop/pathfollowingbot/install/mobile_robot/share/mobile_robot/models/aws_robomaker_warehouse_Lamp_01/model.config
[2.389s] -- Symlinking: /home/hornet/Desktop/pathfollowingbot/install/mobile_robot/share/mobile_robot/models/aws_robomaker_warehouse_Lamp_01/model.sdf
[2.397s] -- Symlinking: /home/hornet/Desktop/pathfollowingbot/install/mobile_robot/share/mobile_robot/models/aws_robomaker_warehouse_PalletJackB_01/materials/textures/aws_robomaker_warehouse_PalletJackB_01.png
[2.407s] -- Symlinking: /home/hornet/Desktop/pathfollowingbot/install/mobile_robot/share/mobile_robot/models/aws_robomaker_warehouse_PalletJackB_01/materials/textures/aws_robomaker_warehouse_PalletJackB_02.png
[2.418s] -- Symlinking: /home/hornet/Desktop/pathfollowingbot/install/mobile_robot/share/mobile_robot/models/aws_robomaker_warehouse_PalletJackB_01/meshes/aws_robomaker_warehouse_PalletJackB_01_collision.DAE
[2.429s] -- Symlinking: /home/hornet/Desktop/pathfollowingbot/install/mobile_robot/share/mobile_robot/models/aws_robomaker_warehouse_PalletJackB_01/meshes/aws_robomaker_warehouse_PalletJackB_01_visual.DAE
[2.443s] -- Symlinking: /home/hornet/Desktop/pathfollowingbot/install/mobile_robot/share/mobile_robot/models/aws_robomaker_warehouse_PalletJackB_01/model.config
[2.455s] -- Symlinking: /home/hornet/Desktop/pathfollowingbot/install/mobile_robot/share/mobile_robot/models/aws_robomaker_warehouse_PalletJackB_01/model.sdf
[2.468s] -- Symlinking: /home/hornet/Desktop/pathfollowingbot/install/mobile_robot/share/mobile_robot/models/aws_robomaker_warehouse_RoofB_01/materials/textures/aws_robomaker_warehouse_RoofB_01.png
[2.479s] -- Symlinking: /home/hornet/Desktop/pathfollowingbot/install/mobile_robot/share/mobile_robot/models/aws_robomaker_warehouse_RoofB_01/meshes/aws_robomaker_warehouse_RoofB_01_collision.DAE
[2.489s] -- Symlinking: /home/hornet/Desktop/pathfollowingbot/install/mobile_robot/share/mobile_robot/models/aws_robomaker_warehouse_RoofB_01/meshes/aws_robomaker_warehouse_RoofB_01_visual.DAE
[2.500s] -- Symlinking: /home/hornet/Desktop/pathfollowingbot/install/mobile_robot/share/mobile_robot/models/aws_robomaker_warehouse_RoofB_01/model.config
[2.511s] -- Symlinking: /home/hornet/Desktop/pathfollowingbot/install/mobile_robot/share/mobile_robot/models/aws_robomaker_warehouse_RoofB_01/model.sdf
[2.521s] -- Symlinking: /home/hornet/Desktop/pathfollowingbot/install/mobile_robot/share/mobile_robot/models/aws_robomaker_warehouse_ShelfD_01/materials/textures/aws_robomaker_warehouse_ShelfD_01.png
[2.530s] -- Symlinking: /home/hornet/Desktop/pathfollowingbot/install/mobile_robot/share/mobile_robot/models/aws_robomaker_warehouse_ShelfD_01/materials/textures/aws_robomaker_warehouse_ShelfD_02.png
[2.542s] -- Symlinking: /home/hornet/Desktop/pathfollowingbot/install/mobile_robot/share/mobile_robot/models/aws_robomaker_warehouse_ShelfD_01/materials/textures/aws_robomaker_warehouse_ShelfD_03.png
[2.552s] -- Symlinking: /home/hornet/Desktop/pathfollowingbot/install/mobile_robot/share/mobile_robot/models/aws_robomaker_warehouse_ShelfD_01/materials/textures/aws_robomaker_warehouse_ShelfD_04.png
[2.562s] -- Symlinking: /home/hornet/Desktop/pathfollowingbot/install/mobile_robot/share/mobile_robot/models/aws_robomaker_warehouse_ShelfD_01/meshes/aws_robomaker_warehouse_ShelfD_01_collision.DAE
[2.573s] -- Symlinking: /home/hornet/Desktop/pathfollowingbot/install/mobile_robot/share/mobile_robot/models/aws_robomaker_warehouse_ShelfD_01/meshes/aws_robomaker_warehouse_ShelfD_01_visual.DAE
[2.584s] -- Symlinking: /home/hornet/Desktop/pathfollowingbot/install/mobile_robot/share/mobile_robot/models/aws_robomaker_warehouse_ShelfD_01/model.config
[2.594s] -- Symlinking: /home/hornet/Desktop/pathfollowingbot/install/mobile_robot/share/mobile_robot/models/aws_robomaker_warehouse_ShelfD_01/model.sdf
[2.603s] -- Symlinking: /home/hornet/Desktop/pathfollowingbot/install/mobile_robot/share/mobile_robot/models/aws_robomaker_warehouse_ShelfE_01/materials/textures/aws_robomaker_warehouse_ShelfE_01.png
[2.612s] -- Symlinking: /home/hornet/Desktop/pathfollowingbot/install/mobile_robot/share/mobile_robot/models/aws_robomaker_warehouse_ShelfE_01/materials/textures/aws_robomaker_warehouse_ShelfE_02.png
[2.620s] -- Symlinking: /home/hornet/Desktop/pathfollowingbot/install/mobile_robot/share/mobile_robot/models/aws_robomaker_warehouse_ShelfE_01/materials/textures/aws_robomaker_warehouse_ShelfE_03.png
[2.630s] -- Symlinking: /home/hornet/Desktop/pathfollowingbot/install/mobile_robot/share/mobile_robot/models/aws_robomaker_warehouse_ShelfE_01/materials/textures/aws_robomaker_warehouse_ShelfE_04.png
[2.639s] -- Symlinking: /home/hornet/Desktop/pathfollowingbot/install/mobile_robot/share/mobile_robot/models/aws_robomaker_warehouse_ShelfE_01/meshes/aws_robomaker_warehouse_ShelfE_01_collision.DAE
[2.648s] -- Symlinking: /home/hornet/Desktop/pathfollowingbot/install/mobile_robot/share/mobile_robot/models/aws_robomaker_warehouse_ShelfE_01/meshes/aws_robomaker_warehouse_ShelfE_01_visual.DAE
[2.659s] -- Symlinking: /home/hornet/Desktop/pathfollowingbot/install/mobile_robot/share/mobile_robot/models/aws_robomaker_warehouse_ShelfE_01/model.config
[2.671s] -- Symlinking: /home/hornet/Desktop/pathfollowingbot/install/mobile_robot/share/mobile_robot/models/aws_robomaker_warehouse_ShelfE_01/model.sdf
[2.680s] -- Symlinking: /home/hornet/Desktop/pathfollowingbot/install/mobile_robot/share/mobile_robot/models/aws_robomaker_warehouse_ShelfF_01/materials/textures/aws_robomaker_warehouse_ShelfF_01.png
[2.690s] -- Symlinking: /home/hornet/Desktop/pathfollowingbot/install/mobile_robot/share/mobile_robot/models/aws_robomaker_warehouse_ShelfF_01/materials/textures/aws_robomaker_warehouse_ShelfF_02.png
[2.698s] -- Symlinking: /home/hornet/Desktop/pathfollowingbot/install/mobile_robot/share/mobile_robot/models/aws_robomaker_warehouse_ShelfF_01/materials/textures/aws_robomaker_warehouse_ShelfF_03.png
[2.707s] -- Symlinking: /home/hornet/Desktop/pathfollowingbot/install/mobile_robot/share/mobile_robot/models/aws_robomaker_warehouse_ShelfF_01/meshes/aws_robomaker_warehouse_ShelfF_01_collision.DAE
[2.716s] -- Symlinking: /home/hornet/Desktop/pathfollowingbot/install/mobile_robot/share/mobile_robot/models/aws_robomaker_warehouse_ShelfF_01/meshes/aws_robomaker_warehouse_ShelfF_01_visual.DAE
[2.725s] -- Symlinking: /home/hornet/Desktop/pathfollowingbot/install/mobile_robot/share/mobile_robot/models/aws_robomaker_warehouse_ShelfF_01/model.config
[2.735s] -- Symlinking: /home/hornet/Desktop/pathfollowingbot/install/mobile_robot/share/mobile_robot/models/aws_robomaker_warehouse_ShelfF_01/model.sdf
[2.745s] -- Symlinking: /home/hornet/Desktop/pathfollowingbot/install/mobile_robot/share/mobile_robot/models/aws_robomaker_warehouse_TrashCanC_01/materials/textures/aws_robomaker_warehouse_TrashCanC_01.png
[2.756s] -- Symlinking: /home/hornet/Desktop/pathfollowingbot/install/mobile_robot/share/mobile_robot/models/aws_robomaker_warehouse_TrashCanC_01/meshes/aws_robomaker_warehouse_TrashCanC_01_collision.DAE
[2.765s] -- Symlinking: /home/hornet/Desktop/pathfollowingbot/install/mobile_robot/share/mobile_robot/models/aws_robomaker_warehouse_TrashCanC_01/meshes/aws_robomaker_warehouse_TrashCanC_01_visual.DAE
[2.775s] -- Symlinking: /home/hornet/Desktop/pathfollowingbot/install/mobile_robot/share/mobile_robot/models/aws_robomaker_warehouse_TrashCanC_01/model.config
[2.784s] -- Symlinking: /home/hornet/Desktop/pathfollowingbot/install/mobile_robot/share/mobile_robot/models/aws_robomaker_warehouse_TrashCanC_01/model.sdf
[2.796s] -- Symlinking: /home/hornet/Desktop/pathfollowingbot/install/mobile_robot/share/mobile_robot/models/aws_robomaker_warehouse_WallB_01/materials/textures/aws_robomaker_warehouse_WallB_01.png
[2.807s] -- Symlinking: /home/hornet/Desktop/pathfollowingbot/install/mobile_robot/share/mobile_robot/models/aws_robomaker_warehouse_WallB_01/meshes/aws_robomaker_warehouse_WallB_01_collision.DAE
[2.816s] -- Symlinking: /home/hornet/Desktop/pathfollowingbot/install/mobile_robot/share/mobile_robot/models/aws_robomaker_warehouse_WallB_01/meshes/aws_robomaker_warehouse_WallB_01_visual.DAE
[2.826s] -- Symlinking: /home/hornet/Desktop/pathfollowingbot/install/mobile_robot/share/mobile_robot/models/aws_robomaker_warehouse_WallB_01/model.config
[2.834s] -- Symlinking: /home/hornet/Desktop/pathfollowingbot/install/mobile_robot/share/mobile_robot/models/aws_robomaker_warehouse_WallB_01/model.sdf
[2.845s] -- Up-to-date symlink: /home/hornet/Desktop/pathfollowingbot/install/mobile_robot/share/mobile_robot/models/track_walls/model.config
[2.845s] -- Up-to-date symlink: /home/hornet/Desktop/pathfollowingbot/install/mobile_robot/share/mobile_robot/models/track_walls/model.sdf
[2.845s] -- Up-to-date symlink: /home/hornet/Desktop/pathfollowingbot/install/mobile_robot/share/mobile_robot/config/nav2_map.rviz
[2.845s] -- Up-to-date symlink: /home/hornet/Desktop/pathfollowingbot/install/mobile_robot/share/mobile_robot/config/nav2_params.yaml
[2.845s] -- Up-to-date symlink: /home/hornet/Desktop/pathfollowingbot/install/mobile_robot/share/mobile_robot/config/slam_toolbox.yaml
[2.846s] -- Up-to-date symlink: /home/hornet/Desktop/pathfollowingbot/install/mobile_robot/share/mobile_robot/maps/pasted_image.png
[2.846s] -- Up-to-date symlink: /home/hornet/Desktop/pathfollowingbot/install/mobile_robot/share/mobile_robot/maps/test_track.png
[2.846s] -- Up-to-date symlink: /home/hornet/Desktop/pathfollowingbot/install/mobile_robot/share/mobile_robot/maps/test_track.yaml
[2.846s] -- Up-to-date symlink: /home/hornet/Desktop/pathfollowingbot/install/mobile_robot/share/mobile_robot/rviz/slam.rviz
[2.846s] -- Up-to-date symlink: /home/hornet/Desktop/pathfollowingbot/install/mobile_robot/share/mobile_robot/docs/PURE_PURSUIT.md
[2.847s] -- Up-to-date symlink: /home/hornet/Desktop/pathfollowingbot/install/mobile_robot/share/ament_index/resource_index/package_run_dependencies/mobile_robot
[2.847s] -- Up-to-date symlink: /home/hornet/Desktop/pathfollowingbot/install/mobile_robot/share/ament_index/resource_index/parent_prefix_path/mobile_robot
[2.847s] -- Up-to-date symlink: /home/hornet/Desktop/pathfollowingbot/install/mobile_robot/share/mobile_robot/environment/ament_prefix_path.sh
[2.847s] -- Up-to-date symlink: /home/hornet/Desktop/pathfollowingbot/install/mobile_robot/share/mobile_robot/environment/ament_prefix_path.dsv
[2.847s] -- Up-to-date symlink: /home/hornet/Desktop/pathfollowingbot/install/mobile_robot/share/mobile_robot/environment/path.sh
[2.847s] -- Up-to-date symlink: /home/hornet/Desktop/pathfollowingbot/install/mobile_robot/share/mobile_robot/environment/path.dsv
[2.847s] -- Up-to-date symlink: /home/hornet/Desktop/pathfollowingbot/install/mobile_robot/share/mobile_robot/local_setup.bash
[2.847s] -- Up-to-date symlink: /home/hornet/Desktop/pathfollowingbot/install/mobile_robot/share/mobile_robot/local_setup.sh
[2.847s] -- Up-to-date symlink: /home/hornet/Desktop/pathfollowingbot/install/mobile_robot/share/mobile_robot/local_setup.zsh
[2.847s] -- Up-to-date symlink: /home/hornet/Desktop/pathfollowingbot/install/mobile_robot/share/mobile_robot/local_setup.dsv
[2.848s] -- Symlinking: /home/hornet/Desktop/pathfollowingbot/install/mobile_robot/share/mobile_robot/package.dsv
[2.857s] -- Up-to-date symlink: /home/hornet/Desktop/pathfollowingbot/install/mobile_robot/share/ament_index/resource_index/packages/mobile_robot
[2.858s] -- Up-to-date symlink: /home/hornet/Desktop/pathfollowingbot/install/mobile_robot/share/mobile_robot/cmake/mobile_robotConfig.cmake
[2.858s] -- Up-to-date symlink: /home/hornet/Desktop/pathfollowingbot/install/mobile_robot/share/mobile_robot/cmake/mobile_robotConfig-version.cmake
[2.858s] -- Up-to-date symlink: /home/hornet/Desktop/pathfollowingbot/install/mobile_robot/share/mobile_robot/package.xml
[2.860s] Invoked command in '/home/hornet/Desktop/pathfollowingbot/build/mobile_robot' returned '0': CMAKE_PREFIX_PATH=${CMAKE_PREFIX_PATH}:/opt/ros/jazzy DEBUGINFOD_URLS=https://debuginfod.ubuntu.com /usr/bin/cmake --install /home/hornet/Desktop/pathfollowingbot/build/mobile_robot
